[
	{
		"name": "Ahsoka Tano",
		"type": "Nemesis",
		"description": "",
		"notes": "",
		"characteristics": {
			"Brawn": 2,
			"Agility": 4,
			"Intellect": 3,
			"Cunning": 4,
			"Willpower": 3,
			"Presence": 3
		},
		"derived": {
			"soak": 2,
			"wounds": 13,
			"strain": 13,
			"defence": [2, 1]
		},
		"skills": {
			"Athletics": 2,
			"Charm": 1,
			"Coercion": 2,
			"Cool": 2,
			"Coordination": 3,
			"Discipline": 3,
			"Knowledge: Lore": 1,
			"Knowledge: Warfare": 4,
			"Knowledge: Underworld": 2,
			"Lightsaber": 4,
			"Leadership": 2,
			"Mechanics": 2,
			"Perception": 3,
			"Piloting: Planetary": 3,
			"Piloting: Space": 2,
			"Stealth": 3,
			"Vigilance": 2
		},
		"talents": ["Adversary 2", "Ataru Technique", "Parry 3", "Force Rating 3", "Improved Reflect 3", "Saber Swarm", "Circle of Shelter"],
		"abilities": ["Force Power: Enhance", "Force Power: Move", "Force Power: Sense"],
		"weapons": [
			{
				"name": "Ahsoka’s lightsaber",
				"skill": "Lightsaber",
				"damage": 8,
				"critical": 2,
				"range": "Engaged",
				"qualities": ["Breach 1", "Sunder"]
			},
			{
				"name": "Ahsoka’s shoto",
				"skill": "Lightsaber",
				"damage": 6,
				"critical": 2,
				"range": "Engaged",
				"qualities": ["Accurate 1", "Breach 1", "Sunder"]
			}
		],
		"gear": ["Encrypted comlink"],
		"tags": ["book:cotr",
				"jedi",
				"force sensitive",
				"species:Togruta",
				"character:Ahsoka"
				]
	},
	{
		"name": "Anakin Skywalker",
		"type": "Nemesis",
		"description": "",
		"notes": "",
		"characteristics": {
			"Brawn": 4,
			"Agility": 4,
			"Intellect": 2,
			"Cunning": 2,
			"Willpower": 3,
			"Presence": 3
		},
		"derived": {
			"soak": 5,
			"wounds": 17,
			"strain": 15,
			"defence": [1, 1]
		},
		"skills": {
			"Athletics": 2,
			"Coercion": 4,
			"Cool": 2,
			"Deception": 2,
			"Discipline": 2,
			"Gunnery": 3,
			"Lightsaber": 4,
			"Leadership": 3,
			"Perception": 2,
			"Piloting: Space": 5,
			"Vigilance": 3
		},
		"talents": ["Adversary 3", "Improved Parry 4", "Force Rating 5", "Improved Reflect 4"],
		"abilities": [
			{
				"name": "Force Power: Bind",
				"description": "Anakin may spend :forcepip: to immobilize a target within short rage until the end of his next turn; if Anakin used :darkside: to generate :forcepip:, the target also suffers 1 wound per :forcepip: spent on the check."
			},
			{
				"name": "Force Power: Enhance",
				"description": "Anakin may use this power when making Brawl, Piloting (Planetary) and Piloting (Space) checks, and may commit :force: to increase his Brawn or Agility characteristic by 1, to a maximum of 6."
			},
			{
				"name": "Chosen One",
				"description": "After Anakin makes a Force power check, other characters in the encounter add :lightside: to their Force power checks until the start of the next turn; if Anakin used any :darkside: to generate :forcepip:, other characters instead add :darkside: to their checks."
			}
		],
		"weapons": [
			{
				"name": "Anakin’s lightsaber",
				"skill": "Lightsaber",
				"damage": 10,
				"critical": 1,
				"range": "Engaged",
				"qualities": ["Breach 1", "Sunder", "Vicious 2"]
			}
		],
		"gear": ["Padded robes (+1 soak, defence 1)"],
		"tags": ["book:cotr",
				"jedi",
				"force sensitive",
				"character:Anakin"
				]
	},
	{
		"name": "Admiral Trench",
		"type": "Nemesis",
		"description": "",
		"notes": "",
		"characteristics": {
			"Brawn": 3,
			"Agility": 2,
			"Intellect": 4,
			"Cunning": 5,
			"Willpower": 3,
			"Presence": 3
		},
		"derived": {
			"soak": 3,
			"wounds": 15,
			"strain": 12,
			"defence": [0, 0]
		},
		"skills": {
			"Astrogation": 4,
			"Coercion": 4,
			"Cool": 4,
			"Deception": 4,
			"Knowledge: Warfare": 5,
			"Leadership": 3,
			"Melee": 2,
			"Perception": 4,
			"Ranged: Light": 2
		},
		"talents": ["Adversary 1",
			{
				"name": "Clever Commander",
				"description": "May use ranks in Knowledge (Warfare) to upgrade Mass COmbat chekcs instead of ranks in Leadership."
			}
		],
		"abilities": [
			{
				"name": "Deadly Blockade",
				"description": "If the current speed of a ship under Trench’s control is 0, when its crew aim ship-based weapons, they upgrade the ability of their combat check once instead of adding :boost: to the check."
			},
			{
				"name": "Presumed dead",
				"description": "If Admiral Trench is killed, he may make a :daunting: Deception check to instead sugger a Critical Injury, rerolling lethal results, and escape while faking his death."
			}
		],
		"weapons": [
			{
				"name": "Implanted electronet launcher",
				"skill": "Ranged: Light",
				"damage": 8,
				"critical": 5,
				"range": "Short",
				"qualities": ["Ensnare 5", "Knockdown", "Limited Ammo 1", "Stun Damage"]
			},
			{
				"name": "Electrocane",
				"skill": "Melee",
				"damage": 4,
				"critical": 4,
				"range": "Engages",
				"qualities": ["Stun Setting"]
			}
		],
		"gear": ["Padded robes (+1 soak, defence 1)"],
		"tags": ["book:cotr",
				"separatist"
				]
	},
	{
		"name": "Aurra Sing",
		"type": "Nemesis",
		"description": "",
		"notes": "",
		"characteristics": {
			"Brawn": 3,
			"Agility": 4,
			"Intellect": 3,
			"Cunning": 4,
			"Willpower": 4,
			"Presence": 2
		},
		"derived": {
			"soak": 3,
			"wounds": 16,
			"strain": 18,
			"defence": [1, 1]
		},
		"skills": {
			"Brawl": 4,
			"Coercion": 3,
			"Cool": 5,
			"Deception": 2,
			"Discipline": 2,
			"Knowledge: Underworld": 3,
			"Negotiation": 2,
			"Piloting: Planetary": 2,
			"Ranged: Heavy": 5,
			"Ranged: Light": 4,
			"Streetwise": 3,
			"Survival": 3,
			"Vigilance": 4
		},
		"talents": ["Adversary 2", "Precise Aim 3"],
		"abilities": [
			{
				"name": "Rhen-Orm Biocomputer",
				"description": "When Aurra Sing provides assistance to a character making a Knowledge check, upgrade the ability of the check one additional time; Aurra Sing adds :success: to all Perception and Vigilance checks she makes."
			}
		],
		"weapons": [
			{
				"name": "Twin DX-13 Blaster Pistols",
				"skill": "Ranged: Light",
				"damage": 5,
				"critical": 3,
				"range": "Short",
				"qualities": ["Autofire", "Stun Setting"]
			},
			{
				"name": "Czerka slugthrower rifle",
				"skill": "Ranged: Heavy",
				"damage": 8,
				"critical": 3,
				"range": "Extreme",
				"qualities": ["Accurate 2", "Pierce 2"],
				"notes": "Czerka Adventurer slugthrower rifle"
			},
			{
				"name": "Concealed boot darts",
				"skill": "Ranged: Light",
				"damage": 5,
				"critical": 2,
				"range": "Short",
				"qualities": ["Inaccurate 1", "Limited Ammo 2", "Pierce 3"]
			},
			{
				"name": "Knuckles",
				"skill": "Brawl",
				"damage": 4,
				"critical": 4,
				"range": "Engaged",
				"qualities": ["Disorient 1", "Knockdown"]
			}
		],
		"gear": ["Second skin armoured bodysuit (+1 soak, defence 1)", "Tracker utulity vest"],
		"tags": ["underworld", "bounty hunter", "book:cotr"]
	},
	{
		"name": "Cad Bane",
		"type": "Nemesis",
		"description": "",
		"notes": "",
		"characteristics": {
			"Brawn": 3,
			"Agility": 4,
			"Intellect": 2,
			"Cunning": 4,
			"Willpower": 3,
			"Presence": 2
		},
		"derived": {
			"soak": 4,
			"wounds": 15,
			"strain": 18,
			"defence": [1, 1]
		},
		"skills": {
			"Athletics": 3,
			"Brawl": 4,
			"Coercion": 2,
			"Cool": 5,
			"Coordination": 4,
			"Deception": 4,
			"Knowledge: Underworld": 4,
			"Mechanics": 3,
			"Piloting: Planetary": 3,
			"Piloting: Space": 3,
			"Ranged: Heavy": 4,
			"Ranged: Light": 5,
			"Stealth": 3,
			"Streetwise": 4,
			"Survival": 3,
			"Vigilance": 5
		},
		"talents": ["Adversary 3", "Quick Draw (Improved)",
			{
				"name": "Clever Solution",
				"description": "Once per session, may make one skill check using Cunning rather than the normal characteristic for that skill."
			},
			{
				"name": "Guns Blazing",
				"description": "As an incidental, may suffer 2 strain to avoid increasing the difficulty of a Ranged: Light check to attack with two weapons."
			}
		],
		"abilities": [
			{
				"name": "Always a Backup Plan",
				"description": "Once per encounter, may reroll any single Coercion, Streetwise, Survival or Vigilance check."
			},
			{
				"name": "Cybernetic Lungs",
				"description": "Immune to airborne poisons and toxins."
			}
		],
		"weapons": [
			{
				"name": "Twin custom LL-30 Blaster Pistols",
				"skill": "Ranged: Light",
				"damage": 7,
				"critical": 2,
				"range": "Medium",
				"qualities": ["Accurate 1", "Stun Setting"]
			},
			{
				"name": "Bolas",
				"skill": "Ranged: Light",
				"damage": 2,
				"critical": null,
				"range": "Short",
				"qualities": ["Ensnare 3", "Knockdown", "Limited Ammo 1"]
			},
			{
				"name": "Compact flame projector",
				"skill": "Ranged: Light",
				"damage": 5,
				"critical": 2,
				"range": "Short",
				"qualities": ["Blast 2", "Burn 2", "Vicious 3", "Pierce 2"]
			},
			{
				"name": "Custom shock gloves",
				"skill": "Brawl",
				"damage": 4,
				"critical": 5,
				"range": "Engaged",
				"qualities": ["Stun 3"]
			}
		],
		"gear": ["longcoat (+1soak, defence 1)", "Wrist gauntlets with integrated datapad and whipcord thrower", "Rocket boots (can fly)"],
		"tags": ["underworld", "bounty hunter", "book:cotr", "species:Duros"]
	},
	{
		"name": "Maul (CotR)",
		"type": "Nemesis",
		"description": "",
		"notes": "",
		"characteristics": {
			"Brawn": 4,
			"Agility": 5,
			"Intellect": 3,
			"Cunning": 4,
			"Willpower": 4,
			"Presence": 3
		},
		"derived": {
			"soak": 5,
			"wounds": 18,
			"strain": 21,
			"defence": [1, 0]
		},
		"skills": {
			"Athletics": 4,
			"Brawl": 4,
			"Coercion": 3,
			"Coordination": 4,
			"Deception": 3,
			"Knowledge: Lore": 3,
			"Lightsaber": 5,
			"Piloting: Space": 3,
			"Survival": 1,
			"Vigilance": 3
		},
		"talents": ["Adversary 3", "Force Rating 4", "Jump Up", "Parry 4", "Fear is My Ally", "Reflect 4",
			{
				"name": "Hawkbat Swoop",
				"description": "As an action, may make a Lightsaber combat check against a target within short range, adding up to :force::force::force::force:, may spend :Forcepip: to engage target or add :advantage to the check."
			}
		],
		"abilities": [
			"Darkside Force User", "Force Power: Move",
			{
				"name": "Intimidating Countenance",
				"description": "Add automatic :advantage::advantage: to all Coercion checks Maul makes."
			},
			{
				"name": "Force Power: Enhance",
				"description": "When making an Athletics, Coordination, or Resilience check, Maul may roll an Enhance power check as part of the pool and spend :forcepip: to gain :success: or :advantage: on the check. Maul may take the Force Leap maneuver to make an Enhance power check. He may spend :forcepip: to leap horizontally or vertically to any location in Short range."
			},
			{
				"name": "Force Power: Sense",
				"description": "Spend :forcepip: to sense the current thoughts of one living target within Short range."
			}
		],
		"weapons": [
			{
				"name": "Maul’s lightsaber",
				"skill": "Lightsaber",
				"damage": 9,
				"critical": 2,
				"range": "Engaged",
				"qualities": ["Breach 1", "Sunder", "Linked 1", "Defensive 1"]
			},
			{
				"name": "Darksaber",
				"skill": "Lightsaber",
				"damage": 6,
				"critical": 2,
				"range": "Engaged",
				"qualities": ["Accurate 1", "Breach 1", "Sunder", "Defensive 1"]
			}
		],
		"gear": ["Cybernetic legs (+1 Brawn, already included in profile)", "Nightbrother heavy clothing (+1 Soak)"],
		"tags": ["force sensitive", "darkside", "species:Zabrak", "underworld", "character:Maul", "book:cotr", "shadow collective"]
	},
	{
		"name": "Savage Opress",
		"type": "Nemesis",
		"description": "",
		"notes": "",
		"characteristics": {
			"Brawn": 5,
			"Agility": 3,
			"Intellect": 2,
			"Cunning": 2,
			"Willpower": 3,
			"Presence": 2
		},
		"derived": {
			"soak": 9,
			"wounds": 25,
			"strain": 15,
			"defence": [1, 1]
		},
		"skills": {
			"Athletics": 3,
			"Brawl": 4,
			"Coercion": 4,
			"Deception": 1,
			"Discipline": 3,
			"Lightsaber": 4,
			"Melee": 4,
			"Resilience": 5,
			"Vigilance": 3
		},
		"talents": ["Adversary 2", "Force Rating 2", "Parry 4", "Reflect 3"],
		"abilities": ["Darkside Force User", "Force Power: Move", "Force Power: Bind",
			{
				"name": "Anger is Strength",
				"description": "While Savage is critically injured, he gains +2 Force Rating and +2 damage to combat checks."
			},
			{
				"name": "Intimidating Countenance",
				"description": "Add automatic :advantage::advantage: to all Coercion checks Maul makes."
			},
			{
				"name": "Force Power: Enhance",
				"description": "When making an Athletics, Coordination, or Resilience check, Maul may roll an Enhance power check as part of the pool and spend :forcepip: to gain :success: or :advantage: on the check. Maul may take the Force Leap maneuver to make an Enhance power check. He may spend :forcepip: to leap horizontally or vertically to any location in Short range."
			},
			{
				"name": "Force Power: Sense",
				"description": "Spend :forcepip: to sense the current thoughts of one living target within Short range."
			}
		],
		"weapons": [
			{
				"name": "Ichor pike",
				"skill": "Melee",
				"damage": 9,
				"critical": 1,
				"range": "Engaged",
				"qualities": ["Cortosis", "Pierce 2"]
			},
			{
				"name": "Double bladed lightsaber",
				"skill": "Lightsaber",
				"damage": 8,
				"critical": 2,
				"range": "Engaged",
				"qualities": ["Breach 1", "Sunder", "Linked 1"]
			}
		],
		"gear": ["Heavy battle armour (+2 Soak, +1 defence)"],
		"tags": ["force sensitive", "darkside", "species:Zabrak", "underworld", "character:Savage Opress", "book:cotr", "shadow collective"]
	},
	{
		"name": "Senate Guard",
		"type": "Rival",
		"description": "",
		"notes": "",
		"characteristics": {
			"Brawn": 3,
			"Agility": 3,
			"Intellect": 2,
			"Cunning": 2,
			"Willpower": 3,
			"Presence": 2
		},
		"derived": {
			"soak": 5,
			"wounds": 14,
			"defence": [0, 0]
		},
		"skills": {
			"Brawl": 2,
            "Discipline": 2,
            "Leadership": 1,
			"Melee": 2,
			"Ranged: Heavy": 2,
			"Vigilance": 1
		},
		"abilities": [
			{
				"name": "Reappropriate",
				"description": "As an action, the guard can make an :easy: Brawl check to disarm an engaged opponent, and may spend :triumph: to immediately wield the citem or weapon."
			}
		],
        "weapons": ["Force pike",
			{
				"name": "Ceremonial rifle",
				"skill": "Ranged: Heavy",
				"damage": 10,
				"critical": 2,
				"range": "Long",
				"qualities": ["Stun Setting", "Pierce 1"]
			}
        ],
		"gear": ["Senate guard Armour (+2 Soak), Comlink"],
		"tags": ["book:cotr", "republic"]
	},
	{
		"name": "Jedi Temple Guard",
		"type": "Nemesis",
		"description": "",
		"notes": "",
		"characteristics": {
			"Brawn": 3,
			"Agility": 2,
			"Intellect": 2,
			"Cunning": 3,
			"Willpower": 3,
			"Presence": 2
		},
		"derived": {
			"soak": 4,
			"wounds": 18,
            "strain": 18,
            "defence": [2, 2]
		},
		"skills": {
			"Discipline": 2,
			"Medicine": 2,
			"Lightsaber": 2,
			"Melee": 2,
			"Perception": 2,
			"Vigilance": 2
		},
		"talents": ["Adversary 1",
					"Force Rating 4",
					"Parry 4",
					"Reflect 4"
					],
		"abilities": ["Force Power: Bind"],
		"weapons": [
			{
				"name": "Temple Guard Lightsaber pike",
				"skill": "Lightsaber",
				"damage": 6,
				"critical": 2,
				"range": "Engaged",
				"qualities": ["Breach 1", "Defensive 1", "Linked 1", "Sunder", "Stun 4", "Unwieldy 3"]
			}
		],
		"gear": ["Jedi Temple Guard armour (+1 soak, +2 defence)", "Keys"],
		"tags": ["book:cotr", "force sensitive", "jedi", "security", "location:Coruscant"]
	},
	{
		"name": "Jedi Padawan",
		"type": "Rival",
		"description": "",
		"notes": "",
		"characteristics": {
			"Brawn": 3,
			"Agility": 2,
			"Intellect": 2,
			"Cunning": 2,
			"Willpower": 3,
			"Presence": 2
		},
		"derived": {
			"soak": 4,
			"wounds": 14,
            "defence": [1, 1]
		},
		"skills": {
			"Discipline": 2,
			"Lightsaber": 2,
			"Perception": 1,
			"Resilience": 1,
			"Vigilance": 1
		},
		"talents": ["Adversary 1", "Force Rating 1"],
		"abilities": ["Force Power: Enhance", "Force Power: Move", "Force Power: Sense"],
		"weapons": ["Basic lightsaber"],
		"gear": ["Padawan robes (+1 soak)"],
		"tags": ["book:cotr", "force sensitive", "jedi"]
	},
	{
		"name": "Nightsister",
		"type": "Rival",
		"description": "",
		"notes": "",
		"characteristics": {
			"Brawn": 2,
			"Agility": 3,
			"Intellect": 3,
			"Cunning": 3,
			"Willpower": 3,
			"Presence": 2
		},
		"derived": {
			"soak": 2,
			"wounds": 13,
            "defence": [2, 1]
		},
		"skills": {
			"Athletics": 3,
			"Discipline": 2,
			"Cool": 2,
			"Melee": 3,
			"Perception": 1,
			"Ranged: Heavy": 2,
			"Resilience": 1,
			"Stealth": 3,
			"Vigilance": 2
		},
		"abilities": [
				{
				"name": "Mother's Blessing",
				"description": "A character who targets a Nightsister with a combat check must reroll all :setback: showing a blank face."
				}
		],
		"weapons": [
			{
				"name": "Enchanted Nightsister Blade",
				"skill": "Melee",
				"damage": 3,
				"critical": 2,
				"range": "Engaged",
				"qualities": ["Defensive 1", "Disorient 3", "Vicious 2"]
			},
			{
				"name": "Nightsister Energy Bow",
				"skill": "Ranged: Heavy",
				"damage": 8,
				"critical": 2,
				"range": "Medium",
				"qualities": ["Pierce 4", "Vicious 2"]
			}
		],
		"gear": ["Nightsister robes (+1 defence)"],
		"tags": ["book:cotr", "location:Dathomir", "nightsister"]
	},
	{
		"name": "Nightbrother (CotR)",
		"type": "Rival",
		"description": "",
		"notes": "",
		"characteristics": {
			"Brawn": 3,
			"Agility": 3,
			"Intellect": 2,
			"Cunning": 2,
			"Willpower": 2,
			"Presence": 2
		},
		"derived": {
			"soak": 3,
			"wounds": 14,
            "defence": [0, 0]
		},
		"skills": {
			"Athletics": 1,
			"Discipline": 2,
			"Melee": 3,
			"Perception": 1,
			"Resilience": 1,
			"Survival": 1,
			"Vigilance": 1
		},
		"weapons": [
			{
				"name": "Enchanted spear",
				"skill": "Melee",
				"damage": 3,
				"critical": 3,
				"range": "Engaged",
				"qualities": ["Disorient 2"]
			}
		],
		"tags": ["book:cotr", "location:Dathomir", "species:Zabrak"]
	},
	{
		"name": "Death Watch Commando",
		"type": "Rival",
		"description": "",
		"notes": "",
		"characteristics": {
			"Brawn": 3,
			"Agility": 3,
			"Intellect": 2,
			"Cunning": 2,
			"Willpower": 3,
			"Presence": 2
		},
		"derived": {
			"soak": 5,
			"wounds": 15,
			"defence": [1, 1]
		},
		"skills": {
            "Discipline": 1,
			"Melee": 2,
			"Piloting: Planetary": 3,
			"Ranged: Heavy": 2,
			"Ranged: Light": 2,
			"Resilience": 2,
			"Vigilance": 1
		},
		"talents": [
			{
				"name": "Hit and Run",
				"description": "After completing an attack targeting an opponent they are engaged with, a Death Watch Commando may immediately use their jetpack to disengage as an incidental."
			}
		],
		"abilities": ["Flyer"
		],
        "weapons": ["Blaster pistol", "Vibroknife",
			{
				"name": "Flame projector",
				"skill": "Ranged: Heavy",
				"damage": 8,
				"critical": 2,
				"range": "Short",
				"qualities": ["Blast 8", "Burn 3"]
			}
        ],
		"gear": ["Death Watch armour (+2 soak, defence 1)", "Jetpack"],
		"tags": ["book:cotr", "mandalorian", "death watch"]
	},
	{
		"name": "Pyke Syndicate Interrogator",
		"type": "Rival",
		"description": "",
		"notes": "",
		"characteristics": {
			"Brawn": 3,
			"Agility": 2,
			"Intellect": 3,
			"Cunning": 3,
			"Willpower": 2,
			"Presence": 3
		},
		"derived": {
			"soak": 3,
			"wounds": 13,
			"defence": [0, 0]
		},
		"skills": {
            "Brawl": 1,
			"Coercion": 3,
			"Discipline": 2,
			"Knowledge: Xenology": 3,
			"Medicine": 3,
			"Ranged: Light": 2,
			"Resilience": 2,
			"Vigilance": 1
		},
        "weapons": ["Blaster pistol", "Vibroknife"],
		"gear": ["Custom medikit containing tools for minor surgery, various toxins and types of spice", "Blades in an array of sizes"],
		"tags": ["book:cotr", "underworld", "pyke syndicate"]
	},
	{
		"name": "Trandoshan hunter",
		"type": "Rival",
		"description": "",
		"notes": "",
		"characteristics": {
			"Brawn": 4,
			"Agility": 2,
			"Intellect": 2,
			"Cunning": 3,
			"Willpower": 2,
			"Presence": 1
		},
		"derived": {
			"soak": 6,
			"wounds": 18,
			"defence": [0, 0]
		},
		"skills": {
            "Brawl": 2,
			"Cool": 2,
			"Discipline": 1,
			"Perception": 2,
			"Ranged: Heavy": 3,
			"Survival": 3,
			"Vigilance": 2
		},
		"abilities": ["Regeneration"],
        "weapons": ["Blaster rifle",
        	{
        		"name": "Claws",
				"skill": "Bralw",
				"damage": 5,
				"critical": 3,
				"range": "Engaged",
				"qualities": ["Disorient 1", "Knockdown"]
        	}
        ],
		"gear": ["Hunter armour (+2 soak)"],
		"tags": ["book:cotr", "underworld", "species:Trandoshan"]
	},
	{
		"name": "Mother Talzin",
		"type": "Nemesis",
		"description": "",
		"notes": "",
		"characteristics": {
			"Brawn": 2,
			"Agility": 2,
			"Intellect": 5,
			"Cunning": 4,
			"Willpower": 5,
			"Presence": 3
		},
		"derived": {
			"soak": 2,
			"wounds": 15,
			"strain": 22,
            "defence": [1, 1]
		},
		"skills": {
			"Cool": 2,
			"Deception": 4,
			"Discipline": 4,
			"Knowledge: Lore": 4,
			"Melee": 4,
			"Negotiation": 3,
			"Vigilance": 3
		},
		"talents": ["Adversary 3", "Force Rating 5"],
		"abilities": ["Force Power: Enhance", "Force Power: Move", "Force Power: Sense", "Force Power: Misdirect",
				{
				"name": "Poppet Doll",
				"description": "If Talzin has a target’s personal item, she can spend one hour to create a poppet doll of the target; as an action, may harm the doll, forcing the target to make a :daunting: Resilience check or suffer 4 wounds and 4 strain; may spend :threat::threat::threat: to immobilize the target until the end of their turn or :despair: to stagger the target until the end of their next turn; target may spend :triumph: to render the doll permanently powerless after this action is resolved."
				},
				{
				"name": "Incorporeal",
				"description": "May perform a maneuver to become incorporeal; while incorporeal, gains melee and ranged defence 4, can fly and can move through solid objects."
				}
		],
		"weapons": [
			{
				"name": "Ichor energy",
				"skill": "Discipline",
				"damage": 6,
				"critical": 4,
				"range": "Short",
				"qualities": ["Autofire", "Burn 2", "Ensnare 2", "Disorient 3"]
			},
			{
				"name": "Ichor sword",
				"skill": "Melee",
				"damage": 8,
				"critical": 1,
				"range": "Engaged",
				"qualities": ["Pierce 2", "Cortosis", "Superior"]
			}
		],
		"gear": ["Crystal ball", "Dooku poppet doll", "Ichor cauldron"],
		"tags": ["book:cotr", "location:Dathomir", "nightsister"]
	},
	{
		"name": "Jungle Rancor",
		"type": "Nemesis",
		"description": "",
		"notes": "",
		"characteristics": {
			"Brawn": 6,
			"Agility": 2,
			"Intellect": 1,
			"Cunning": 3,
			"Willpower": 3,
			"Presence": 2
		},
		"derived": {
			"soak": 12,
			"wounds": 40,
			"strain": 20,
            "defence": [1, 1]
		},
		"skills": {
			"Brawl": 2,
			"Perception": 2,
			"Survival": 4,
			"Vigilance": 2
		},
		"talents": ["Durable 2"],
		"abilities": ["Silhouette 3", "Sweep Attack"],
		"weapons": [
			{
				"name": "Massive rending claws",
				"skill": "Brawl",
				"damage": 15,
				"critical": 3,
				"range": "Short",
				"qualities": ["Knockdown", "Sunder"]
			}
		],
		"tags": ["creature", "book:cotr", "location:Felucia"]
	},
	{
		"name": "Felucian",
		"type": "Minion",
		"description": "",
		"characteristics": {
			"Brawn": 1,
			"Agility": 1,
			"Intellect": 2,
			"Cunning": 2,
			"Willpower": 1,
			"Presence": 2
		},
		"derived": {
			"soak": 3,
			"wounds": 5
		},
		"skills": ["Survival"],
		"abilities": ["Silhouette 0"],
		"weapons": [
			{
				"name": "Poisoned spear",
				"skill": "Melee",
				"damage": 2,
				"critical": 4,
				"range": "Engaged",
				"qualities": ["Stun 4"]
			}
		],
		"tags": ["book:cotr", "location:Felucia"]
	},
	{
		"name": "Webweaver",
		"type": "Minion",
		"description": "",
		"notes": "",
		"characteristics": {
			"Brawn": 3,
			"Agility": 3,
			"Intellect": 2,
			"Cunning": 3,
			"Willpower": 2,
			"Presence": 1
		},
		"derived": {
			"soak": 3,
			"wounds": 10
		},
		"skills": ["Brawl", "Cool", "Ranged: Light", "Stealth", "Survival"],
		"weapons": [
			{
				"name": "Spider fangs",
				"skill": "Brawl",
				"damage": 5,
				"critical": 2,
				"range": "Engaged",
				"qualities": ["Stun 4"]
			},
			{
				"name": "Spider hairs",
				"skill": "Ranged: Light",
				"damage": 3,
				"critical": 2,
				"range": "Short",
				"qualities": ["Disorient 3"]
			}
		],
		"tags": ["creature", "book:cotr", "location:Kashyyyk"]
	},
	{
		"name": "Terentatek",
		"type": "Nemesis",
		"description": "",
		"characteristics": {
			"Brawn": 6,
			"Agility": 3,
			"Intellect": 1,
			"Cunning": 3,
			"Willpower": 3,
			"Presence": 1
		},
		"derived": {
			"soak": 15,
			"wounds": 25,
			"strain": 15,
            "defence": [0, 0]
		},
		"skills": {
			"Brawl": 2,
			"Perception": 2,
			"Survival": 3,
			"Vigilance": 2
		},
		"talents": ["Adversary 1"],
		"abilities": ["Silhouette 2",
			{
				"name": "Force Sense",
				"description": "May make an :average: Perception check to become aware of all characters with a Force rating within extreme range."
			}
		],
		"weapons": [
			{
				"name": "Poisonous tusks and claws",
				"skill": "Brawl",
				"damage": 8,
				"critical": 3,
				"range": "Engaged",
				"qualities": ["Pierce 4", "Stun 5", "Vicious 4"]
			}
		],
		"tags": ["creature", "book:cotr", "location:Kashyyyk"]
	},
	{
		"name": "Racing Dactillion",
		"type": "Rival",
		"description": "",
		"notes": "",
		"characteristics": {
			"Brawn": 3,
			"Agility": 3,
			"Intellect": 1,
			"Cunning": 3,
			"Willpower": 2,
			"Presence": 1
		},
		"derived": {
			"soak": 6,
			"wounds": 20,
            "defence": [0, 1]
		},
		"skills": {
			"Athletics": 1,
			"Brawl": 2,
			"Coordination": 2,
			"Perception": 2,
			"Vigilance": 3
		},
		"abilities": ["Silhouette 2", "Flyer", "Trained Mount 2"],
		"weapons": [
			{
				"name": "Beak",
				"skill": "Brawl",
				"damage": 9,
				"critical": 3,
				"range": "Engaged",
				"qualities": ["Vicious 3"]
			},
			{
				"name": "Claws",
				"skill": "Brawl",
				"damage": 10,
				"critical": 3,
				"range": "Engaged"
			}
		],
		"tags": ["creature", "book:cotr", "location:Utapau"]
	},
	{
		"name": "Racing Varactyl",
		"type": "Rival",
		"description": "",
		"notes": "",
		"characteristics": {
			"Brawn": 4,
			"Agility": 3,
			"Intellect": 1,
			"Cunning": 2,
			"Willpower": 1,
			"Presence": 2
		},
		"derived": {
			"soak": 5,
			"wounds": 22,
            "defence": [0, 0]
		},
		"skills": {
			"Athletics": 2,
			"Brawl": 2,
			"Coordination": 1,
			"Perception": 1,
			"Vigilance": 1
		},
		"abilities": ["Silhouette 2", "Trained Mount 2",
			{
				"name": "Glider",
				"description": "Varactyls can fly, as described in Chapter VI of any core rulebook, but cannot gain altitude under their own power."
			}
		],
		"weapons": [
			{
				"name": "Beak",
				"skill": "Brawl",
				"damage": 11,
				"critical": 3,
				"range": "Engaged",
				"qualities": ["Vicious 3"]
			}
		],
		"tags": ["creature", "book:cotr", "location:Utapau"]
	},
	{
		"name": "Aqua droid",
		"type": "Minion",
		"description": "",
		"characteristics": {
			"Brawn": 2,
			"Agility": 3,
			"Intellect": 1,
			"Cunning": 1,
			"Willpower": 1,
			"Presence": 1
		},
		"derived": {
			"soak": 4,
			"wounds": 7
		},
		"skills": ["Athletics", "Ranged: Light"],
		"abilities": ["Amphibious", "Droid"],
		"weapons": [
			{
				"name": "Retractable blaster",
				"skill": "Ranged: Heavy",
				"damage": 10,
				"critical": 3,
				"range": "Long"
			}
		],
		"gear": ["Integrated comlink"],
		"tags": ["book:cotr", "species:Droid", "separatist"]
	},
	{
		"name": "Arakyd Ringneck Recon Droid",
		"type": "Rival",
		"description": "",
		"notes": "",
		"characteristics": {
			"Brawn": 1,
			"Agility": 3,
			"Intellect": 2,
			"Cunning": 3,
			"Willpower": 1,
			"Presence": 1
		},
		"derived": {
			"soak": 3,
			"wounds": 11,
			"defence": [0, 1]
		},
		"skills": {
            "Cool": 1,
			"Perception": 2,
			"Ranged: Light": 2,
			"Survival": 2,
			"Vigilance": 2
		},
		"abilities": ["Droid", "Silhouette 0", "Hoverer"],
		"weapons": [
			{
				"name": "Built-in dual blaster pistols",
				"skill": "Ranged: Light",
				"damage": 6,
				"critical": 3,
				"range": "Medium",
				"qualities": ["Linked 1", "Stun Setting"]
			}
		],
		"gear": ["Life-form scanner", "long-range Holo-Net communicator", "long-range sensor array"],
		"tags": ["book:cotr", "separatist", "species:Droid"]
	},
	{
		"name": "Assassin Probe Droid",
		"type": "Rival",
		"description": "",
		"notes": "",
		"characteristics": {
			"Brawn": 3,
			"Agility": 4,
			"Intellect": 2,
			"Cunning": 3,
			"Willpower": 1,
			"Presence": 1
		},
		"derived": {
			"soak": 5,
			"wounds": 20,
			"defence": [0, 0]
		},
		"skills": {
			"Athletics": 2,
			"Brawl": 3,
			"Perception": 1,
			"Stealth": 3,
			"Survival": 2,
			"Vigilance": 3
		},
		"talents": ["Adversary 1"],
		"abilities": ["Droid",
			{
				"name": "Release Probe Killers",
				"description": "Once per session as a maneuver, release a probe killer swarm. The probe killer swarm is automatically released if the assassin probe droid becomes incapacitated."
			}
		],
		"weapons": [
			{
				"name": "Razor-sharp limbs",
				"skill": "Brawl",
				"damage": 6,
				"critical": 2,
				"range": "Engaged",
				"qualities": ["Knockdown", "Pierce 2", "Vicious 2"]
			}
		],
		"gear": [],
		"tags": ["book:cotr", "separatist", "species:Droid"]
	},
	{
		"name": "Probe Killer Swarm",
		"type": "Rival",
		"description": "",
		"notes": "",
		"characteristics": {
			"Brawn": 1,
			"Agility": 3,
			"Intellect": 1,
			"Cunning": 2,
			"Willpower": 1,
			"Presence": 1
		},
		"derived": {
			"soak": 1,
			"wounds": 25,
			"defence": [0, 0]
		},
		"skills": {
			"Brawl": 3,
			"Coordination": 2,
			"Stealth": 2
		},
		"abilities": ["Droid",
			{
				"name": "Droid Swarm",
				"description": "Halve the damage dealth to the swarm before applying soak unless the weapon has the Blast or Ion quality, regardless of whether or not that quality is activated."
			},
			{
				"name": "Overwhelming Numbers",
				"description": "The swarm inflicts +3 damage with successful attacks against immobilized or prone targets."
			}
		],
		"weapons": [
			{
				"name": "Tiny razor-sharp legs",
				"skill": "Brawl",
				"damage": 3,
				"critical": 2,
				"range": "Engaged",
				"qualities": ["Disorient 2", "Ensnare 2", "Knockdown", "Pierce 2"]
			}
		],
		"tags": ["book:cotr", "separatist", "species:Droid"]
	},
	{
		"name": "B1 Rocket Battle Droid",
		"type": "Minion",
		"description": "",
		"notes": "",
		"characteristics": {
			"Brawn": 2,
			"Agility": 2,
			"Intellect": 1,
			"Cunning": 1,
			"Willpower": 1,
			"Presence": 1
		},
		"derived": {
			"soak": 4,
			"wounds": 5
		},
		"skills": ["Piloting: Planetary", "Ranged: Heavy"],
		"abilities": ["Droid"],
		"weapons": [
			{
				"name": "E-5 blaster rifle",
				"skill": "Ranged: Heavy",
				"damage": 9,
				"critical": 3,
				"range": "Long",
				"qualities": ["Stun Setting"]
			}
		],
		"gear": ["Integrated comlink", "head-mounted floodlight", "fusion cutters", "rocket pack (can fly)"],
		"tags": ["book:rots", "separatist", "species:Droid", "battle droid"]
	},
	{
		"name": "B1 Supervisor Droid",
		"type": "Rival",
		"description": "",
		"notes": "",
		"characteristics": {
			"Brawn": 2,
			"Agility": 2,
			"Intellect": 2,
			"Cunning": 1,
			"Willpower": 1,
			"Presence": 1
		},
		"derived": {
			"soak": 4,
			"wounds": 8,
			"defence": [0, 0]
		},
		"skills": {
			"Leadership": 3,
			"Cool": 2,
			"Gunnery": 2,
			"Ranged: Heavy": 2,
			"Vigilance": 1
		},
		"abilities": ["Droid",
			{
				"name": "Coordinate and Confuse",
				"description": "Once per round as a maneuver, the supervisor can command a minion group of droids within long range to focus fire on a target visible to the supervisor and minion group, upgrading the ability of the minion group's next combat check targeting that enemy once, after which the droids become disoriented for the remainder of the encounter. A minion group cna only benefit from this ability once per encounter."
			}
		],
		"weapons": [
			{
				"name": "E-5 blaster rifle",
				"skill": "Ranged: Heavy",
				"damage": 9,
				"critical": 3,
				"range": "Long",
				"qualities": ["Stun Setting"]
			}
		],
		"gear": ["Mini probe (upgrades the difficulty of all Stealth checks targeting the supervisor or its allies in the encounter once", "Integrated comlink"],
		"tags": ["book:cotr", "separatist", "species:Droid"]
	},
	{
		"name": "BX-series droid commando",
		"type": "Minion",
		"description": "",
		"notes": "",
		"characteristics": {
			"Brawn": 3,
			"Agility": 3,
			"Intellect": 1,
			"Cunning": 2,
			"Willpower": 1,
			"Presence": 1
		},
		"derived": {
			"soak": 5,
			"wounds": 5
		},
		"skills": ["Cool", "Melee", "Ranged: Heavy", "Ranged: Light", "Stealth"],
		"abilities": ["Droid"],
		"weapons": ["Vibrosword", "Frag grenade", "Stun grenade",
			{
				"name": "E-5 blaster rifle",
				"skill": "Ranged: Heavy",
				"damage": 9,
				"critical": 3,
				"range": "Long",
				"qualities": ["Stun Setting"]
			}
		],
		"tags": ["book:cotr", "separatist", "species:Droid", "battle droid"]
	},
	{
		"name": "Droideka Sharpshooter",
		"type": "Rival",
		"description": "",
		"notes": "",
		"characteristics": {
			"Brawn": 4,
			"Agility": 4,
			"Intellect": 1,
			"Cunning": 2,
			"Willpower": 1,
			"Presence": 1
		},
		"derived": {
			"soak": 7,
			"wounds": 16,
			"defence": [0, 0]
		},
		"skills": {
			"Gunnery": 3,
			"Perception": 3,
			"Resilience": 3,
			"Stealth": 1
		},
		"abilities": ["Droid",
			{
				"name": "Armoured Shield",
				"description": "Maneuver to deploy or retract; while deployed, gains ranged defence 3 but can perform only one maneuver each round to move."
			}
		],
		"weapons": [
			{
				"name": "Droideka blaster",
				"skill": "Gunnery",
				"damage": 12,
				"critical": 3,
				"range": "Extreme",
				"notes": "Integrated droideka blaster rifle",
				"qualities": ["Accurate 1", "Pierce 2", "Vicious 1"]
			}
		],
		"tags": ["book:cotr", "separatist", "species:Droid"]
	},
	{
		"name": "FA-4 Pilot Droid",
		"type": "Rival",
		"description": "",
		"notes": "",
		"characteristics": {
			"Brawn": 2,
			"Agility": 2,
			"Intellect": 2,
			"Cunning": 2,
			"Willpower": 1,
			"Presence": 1
		},
		"derived": {
			"soak": 4,
			"wounds": 5,
			"defence": [0, 0]
		},
		"skills": {
			"Astrogation": 3,
			"Knowledge: Outer Rim": 2,
			"Piloting: Planetary": 3,
			"Piloting: Space": 3
		},
		"abilities": ["Droid"],
		"gear": ["Integrated comlink"],
		"tags": ["book:cotr", "separatist", "species:Droid", "pilot"]
	},
	{
		"name": "Octuparra Combat Tr-Droid",
		"type": "Rival",
		"description": "",
		"notes": "",
		"characteristics": {
			"Brawn": 4,
			"Agility": 2,
			"Intellect": 1,
			"Cunning": 1,
			"Willpower": 1,
			"Presence": 1
		},
		"derived": {
			"soak": 10,
			"wounds": 25,
			"defence": [0, 0]
		},
		"skills": {
			"Gunnery": 4
		},
		"abilities": ["Droid", "Silhouette 3"],
		"weapons": [
			{
				"name": "Built-in heavy blasters",
				"skill": "Gunnery",
				"damage": 12,
				"critical": 2,
				"range": "Long",
				"notes": "",
				"qualities": ["Pierce 4", "Linked 2", "Vicious 1"]
			}
		],
		"tags": ["book:cotr", "separatist", "species:Droid"]
	},
	{
		"name": "Super Battle Droid Rocket Trooper",
		"type": "Minion",
		"description": "",
		"notes": "B2-RP",
		"characteristics": {
			"Brawn": 4,
			"Agility": 3,
			"Intellect": 1,
			"Cunning": 1,
			"Willpower": 1,
			"Presence": 1
		},
		"derived": {
			"soak": 6,
			"wounds": 7
		},
		"skills": ["Piloting: Planetary", "Ranged: Heavy", "Ranged: Light"],
		"abilities": ["Droid"],
		"weapons": [
			{
				"name": "Superior integrated wrist blaster",
				"skill": "Ranged: Light",
				"damage": 12,
				"critical": 3,
				"range": "Medium",
				"qualities": ["Linked 1"]
			}
		],
		"gear": ["Integrated comlink", "integrated rocket pack (can fly)"],
		"tags": ["book:cotr", "separatist", "species:Droid", "battle droid"]
	},
	{
		"name": "Super Tactical Droid",
		"type": "Nemesis",
		"description": "",
		"notes": "",
		"characteristics": {
			"Brawn": 3,
			"Agility": 2,
			"Intellect": 4,
			"Cunning": 4,
			"Willpower": 4,
			"Presence": 3
		},
		"derived": {
			"soak": 5,
			"wounds": 18,
			"strain": 18,
			"defence": [0, 0]
		},
		"skills": {
			"Brawl": 2,
			"Coercion": 2,
			"Cool": 3,
			"Discipline": 2,
			"Knowledge: Warfare": 4,
			"Leadership": 4,
			"Negotiation": 2,
			"Perception": 3,
			"Vigilance": 2
		},
		"talents": ["Adversary 1", "Improved Scathing Tirade",
			{
				"name": "Improved Droid Commander",
				"description": "As an action, may make an :average: Leadership check; 6 allies may immediately suffer 1 strain to perform a free maneuver; may spend :triumph: to allow one ally to instead perform an action; once per encounter, perform as a maneuver but affect only droid allies."
			}
		],
		"abilities": ["Droid"],
		"weapons": [
			{
				"name": "Mechanical fists",
				"skill": "Brawl",
				"damage": 5,
				"critical": 4,
				"range": "Engaged",
				"qualities": ["Disorient 2", "Knockdown"]
			}
		],
		"gear": ["Integrated comlink"],
		"tags": ["book:cotr", "separatist", "species:Droid", "battle droid"]
	}
]