[
	{
		"name": "Aiwha",
		"type": "Rival",
		"description": "Thought to be native to the waters of Naboo, aiwhas are also found on Kamino, and have been imported to other oceanic worlds. As water-based mounts, aiwhas have unique physiological adaptations that allow these air-breathing cetaceans to take flight for brief distances in the open air. While not truly domesticated creatures, they are friendly and are often trained as mounts amongst amphibious species.",
		"characteristics": {
			"Brawn": 5,
			"Agility": 1,
			"Intellect": 1,
			"Cunning": 1,
			"Willpower": 1,
			"Presence": 2
		},
		"derived": {
			"soak": 8,
			"wounds": 20
		},
		"skills": {
			"Athletics": 1,
			"Coordination": 1
		},
		"abilities": ["Silhouette 3", "Amphibious", "Flyer", "Creature of the Sea"],
		"tags": ["book:sot", "creature"]
	},
	{
		"name": "Bantha",
		"type": "Rival",
		"description": "The ubiquitous bantha is found on thousands of worlds across the galaxy, with hundreds of variant species demonstrating this mammal’s adaptability. Easily domesticated, banthas are primarily used as beasts of burden and a food source. Some cultures, including the Tusken Raiders of Tatooine, are known to use them as mounts. Found in herds of up to twenty-five individuals, banthas are known for their heavy, bulky frames, large curling horns, and iconic blue milk.",
		"characteristics": {
			"Brawn": 5,
			"Agility": 1,
			"Intellect": 1,
			"Cunning": 1,
			"Willpower": 1,
			"Presence": 1
		},
		"derived": {
			"soak": 10,
			"wounds": 26
		},
		"skills": {
			"Brawl": 1,
			"Resillience": 2
		},
		"abilities": ["Silhouette 3", "Domesticable 1", "Trained Mount 1", "Beast of Burden 10"],
		"weapons": [
			{
				"name": "Horns",
				"skill": "Brawl",
				"damage": 10,
				"critical": 5,
				"range": "Engaged",
				"qualities": ["Disorient 2"]
			}
		],
		"tags": ["book:sot", "creature", "book:aaa"]
	},
	{
		"name": "Blackback",
		"type": "Rival",
		"description": "Blackbacks, birds of prey with a wingspans over five meters, feed on squalls and other small rodents. Prized trophy birds, these majestic creatures were almost hunted to extinction centuries ago. Overhunting led to rampant growth in the squall populations, which had negative impacts on Chandrilan crops. Blackbacks are now protected by the Chandrilan government and given vast conservation habitats, including the Hanna Wild Game Preserve. Hunting permits for blackbacks are upwards of 200,000 credits per kill, which is then put back into blackback breeding programs.",
		"characteristics": {
			"Brawn": 3,
			"Agility": 4,
			"Intellect": 1,
			"Cunning": 3,
			"Willpower": 1,
			"Presence": 2
		},
		"derived": {
			"soak": 3,
			"wounds": 13
		},
		"skills": {
			"Brawl": 5,
			"Coordination": 2,
			"Vigilance": 2
		},
		"talents": ["Adversary 1"],
		"abilities": ["Silhouette 2"],
		"weapons": [
			{
				"name": "Talons",
				"skill": "Brawl",
				"damage": 6,
				"critical": 2,
				"range": "Medium",
				"qualities": ["Ensnare 3"]
			}
		],
		"tags": ["creature", "location:Chandrila", "book:sor"]
	},
	{
		"name": "Blood Eagle",
		"type": "Rival",
		"description": "Many creatures inhabit the Thyferran rainforests, but few are as formidable and terrifying as the gigantic blood eagle. Blood eagles are massive birds with waxy red feathers, long curved beaks, and oversized talons capable of grasping a mature Vratix. In flight, these creatures have a wingspan over four meters wide, and they scan the treetops and alazhi fields in search of their next meal. Once a blood eagle spots its prey, it swoops down to snatch it up, thrashing armoured targets against rocks with its blood-red beak. While Vratix take many precautions, blood eagle attacks during alazhi harvests still occur, with lethal results.",
		"characteristics": {
			"Brawn": 5,
			"Agility": 3,
			"Intellect": 1,
			"Cunning": 3,
			"Willpower": 1,
			"Presence": 1
		},
		"derived": {
			"soak": 6,
			"wounds": 16
		},
		"skills": {
			"Brawl": 2,
			"Perception": 4,
			"Survival": 2,
			"Vigilance": 3
		},
		"talents": ["Stunning Blow (Improved)"],
		"abilities": ["Silhouette 3"],
		"weapons": [
			{
				"name": "Razor talons",
				"skill": "Brawl",
				"damage": 7,
				"critical": 2,
				"range": "Engaged",
				"qualities": ["Ensnare 3", "Pierce 2", "Vicious 2"]
			}
		],
		"tags": ["creature", "book:sor", "location:Thyferra"]
	},
	{
		"name": "Cairnmog",
		"type": "Minion",
		"description": "The mount-sized cairnmogs are hooved and horned lizards that feed on fungus, moss, and balmgrass. Generally peaceful and found in groups of two, cairnmogs are occasionally hunted for their skin and meat. If cairnmogs or their eggs are threatened, they are quick to resort to dominance displays or even violence.",
		"characteristics": {
			"Brawn": 4,
			"Agility": 1,
			"Intellect": 1,
			"Cunning": 1,
			"Willpower": 2,
			"Presence": 1
		},
		"derived": {
			"soak": 4,
			"wounds": 9,
			"defence": [1, 0]
		},
		"skills": ["Brawl", "Coercion", "Survival"],
		"abilities": ["Silhouette 2"],
		"weapons": [
			{
				"name": "Sharp horns",
				"skill": "Brawl",
				"damage": 9,
				"critical": 2,
				"range": "Engaged",
				"qualities": ["Knockdown"]
			}
		],
		"tags": ["creature", "location:Chandrila", "book:sor"]
	},
	{
		"name": "Chemilizard",
		"type": "Rival",
		"description": "Also known as orpali dragons, chemilizards are native Nal Hutta reptiles that can grow to massive size. A typical adult ranges from ten to twenty meters in length and lives deep in the swamps, preying upon any creatures or beings that venture near its lair. Chemilizards have evolved the ability to extract nutrients from the planet’s polluted swamps, surviving in conditions that would kill most other creatures.",
		"characteristics": {
			"Brawn": 4,
			"Agility": 4,
			"Intellect": 1,
			"Cunning": 2,
			"Willpower": 2,
			"Presence": 1
		},
		"derived": {
			"soak": 4,
			"wounds": 20
		},
		"skills": {
			"Brawl": 3,
			"Resilience": 2,
			"Vigilance": 2
		},
		"abilities": ["Acidic Drool", "Silhouette 3"],
		"weapons": [
			{
				"name": "Toothy bite",
				"skill": "Brawl",
				"damage": 6,
				"critical": 3,
				"range": "Engaged",
				"qualities": ["Pierce 3"]
			}
		],
		"tags": ["creature", "location:Hutt Space", "book:lonh"]
	},
	{
		"name": "Choku",
		"type": "Minion",
		"description": "Choku are aggressive reptavian pack hunters that navigate the dense vines and tree limbs of Yavin 4 ’s jungles. Although the quadrupeds’ bright white and grey fur, punctuated with brown and tan stripes, should stand out against the verdant jungle, they are difficult to spot when on the hunt. Traveling in packs of three, choku outmaneuver their prey, killing with beaks filled with sawlike teeth.",
		"characteristics": {
			"Brawn": 2,
			"Agility": 3,
			"Intellect": 1,
			"Cunning": 3,
			"Willpower": 1,
			"Presence": 1
		},
		"derived": {
			"soak": 2,
			"wounds": 4
		},
		"skills": ["Brawl", "Coordination", "Stealth"],
		"abilities": ["Camouflaged (Jungle)", "Surefooted"],
		"weapons": [
			{
				"name": "Serrated teeth",
				"skill": "Brawl",
				"damage": 3,
				"critical": 5,
				"range": "Engaged",
				"qualities": ["Vicious 1"]
			}
		],
		"tags": ["creature", "location:Yavin 4", "book:sor"]
	},
	{
		"name": "Cracian Thumper",
		"type": "Rival",
		"description": "Exported from Craci in the Corporate Sector, Cracian thumpers have become one of the most widespread riding animals in the galaxy. These bipedal herbivores bear features resembling a mix between that of a large rodent and a horse, and sport sharp claws on both their forelimbs and large, powerful hind legs. They have long faces with broad snouts and upright ears. There are numerous breeds of Cracian thumpers, primarily distinguished between long- and short-hair varieties. The former are well-suited to colder environments, resembling the tauntauns of Hoth. Despite their name, Cracian thumpers naturally move with great stealth, making them ideal mounts for Rebel Beast Riders.",
		"characteristics": {
			"Brawn": 4,
			"Agility": 3,
			"Intellect": 1,
			"Cunning": 2,
			"Willpower": 1,
			"Presence": 2
		},
		"derived": {
			"soak": 5,
			"wounds": 15
		},
		"skills": {
			"Brawl": 2,
			"Cool": 1,
			"Perception": 1,
			"Stealth": 3
		},
		"abilities": ["Silhouette 2", "Domesticable 1", "Trained Mount 2"],
		"weapons": [
			{
				"name": "Claws",
				"skill": "Brawl",
				"damage": 6,
				"critical": 2,
				"range": "Engaged"
			},
			{
				"name": "Tail",
				"skill": "Brawl",
				"damage": 8,
				"critical": 5,
				"range": "Engaged",
				"qualities": ["Disorient 2"]
			}
		],
		"tags": ["book:sot", "creature"]
	},
	{
		"name": "Dark Wolf",
		"type": "Rival",
		"description": "Said to be deadly servants of the night god Raquor, dark wolves are nocturnal predators of the Sriluurian wilds. The frightening quadruped stands 1.5 meters tall and has thick dark fur, a long stinger-tipped tail, and a thick leathery hide on its back. Its serrated claws can both rend the flesh of its prey and pierce stone to help it navigate the narrow canyon ridges as it hunts the local bandingos. As this silent predator roams the nighttime desert plains, only its menacing yellow eyes glisten in the moonlight.",
		"characteristics": {
			"Brawn": 3,
			"Agility": 3,
			"Intellect": 1,
			"Cunning": 3,
			"Willpower": 2,
			"Presence": 1
		},
		"derived": {
			"soak": 4,
			"wounds": 12
		},
		"skills": {
			"Brawl": 3,
			"Perception": 1,
			"Stealth": 2,
			"Survival": 3,
			"Vigilance": 1
		},
		"weapons": [
			{
				"name": "Slashing claws",
				"skill": "Brawl",
				"damage": 5,
				"critical": 3,
				"range": "Engaged",
				"qualities": ["Disorient 1", "Pierce 1"]
			},
			{
				"name": "Venomous stinger",
				"skill": "Brawl",
				"damage": 6,
				"critical": 4,
				"range": "Engaged",
				"qualities": ["Pierce 1", "Stun Damage"]
			}
		],
		"tags": ["creature", "location:Hutt Space", "book:lonh"]
	},
	{
		"name": "Dalgo",
		"type": "Rival",
		"description": "The imposing dalgo is a riding beast native to Onderon and has a long history as both a beast of burden and a powerful mount. Though they resemble other equinoids, the herbivorous dalgos are larger and heavier, sporting short defensive tusks from their large mouths. While they make effective mounts, dalgos are often stubborn, and can spook if their riders are inexperienced or careless.",
		"characteristics": {
			"Brawn": 4,
			"Agility": 3,
			"Intellect": 1,
			"Cunning": 1,
			"Willpower": 2,
			"Presence": 2
		},
		"derived": {
			"soak": 7,
			"wounds": 16
		},
		"skills": {
			"Athletics": 2,
			"Brawl": 1
		},
		"abilities": ["Silhouette 2", "Trained Mount 2"],
		"weapons": [
			{
				"name": "Trampling Hooves",
				"skill": "Brawl",
				"damage": 7,
				"critical": 4,
				"range": "Engaged",
				"qualities": ["Knockdown"]
			}
		],
		"tags": ["book:sot", "creature"]
	},
	{
		"name": "Dewback",
		"type": "Rival",
		"description": "Originating from the Dune Sea on Tatooine, dewbacks are large four-legged reptiles who are well-suited to desert environments. Easily domesticated, dewbacks are used as both beasts of burden and reliable, hardy mounts, and like banthas, have been exported off-world for generations. Because of their resilience, these creatures are found in both Imperial and Alliance military forces. In the Stormtrooper Specialty Corps, sandtroopers make good use of their strengths in arid conditions; amongst the Alliance, dewbacks are deployed to SpecForce’s 4th Regiment.",
		"characteristics": {
			"Brawn": 5,
			"Agility": 2,
			"Intellect": 1,
			"Cunning": 1,
			"Willpower": 1,
			"Presence": 1
		},
		"derived": {
			"soak": 5,
			"wounds": 18,
			"defence": [1, 1]
		},
		"skills": {
			"Brawl": 2,
			"Resilience": 2
		},
		"abilities": ["Silhouette 2", "Domesticable 1", "Sand Walker"],
		"weapons": [
			{
				"name": "Teeth",
				"skill": "Brawl",
				"damage": 7,
				"critical": 2,
				"range": "Engaged",
				"qualities": ["Ensnare 2"]
			}
		],
		"tags": ["book:sot", "creature", "book:aaa"]
	},
	{
		"name": "Dianoga",
		"type": "Rival",
		"description": "The dianoga is a spectacularly unattractive life form native to the planet Vodran in Hutt Space. A type of cephalopod, the dianoga is uniquely suited to camouflaging itself in a number of different environments, a fact that has permitted it to spread far beyond the world of its birth (or even Hutt Space). The creatures are scavengers, living off organic material (primarily waste products) and metabolizing it while leaving behind any mineral content that it might contain. In this regard they are quite useful, and they are generally tolerated as long as they do not make a nuisance of themselves. They can be found in sewer systems and garbage repositories on thousands of worlds, and even aboard larger space stations. Their widespread presence is due to the fact that the larvae of a dianoga is virtually microscopic in size, and thus can make its egress from one location to another very simply.",
		"characteristics": {
			"Brawn": 4,
			"Agility": 2,
			"Intellect": 1,
			"Cunning": 2,
			"Willpower": 1,
			"Presence": 1
		},
		"derived": {
			"soak": 4,
			"wounds": 22
		},
		"skills": {
			"Brawl": 2,
			"Perception": 1,
			"Stealth": 4,
			"Survival": 2,
			"Vigilance": 3
		},
		"talents": ["Adversary 1"],
		"abilities": ["Amphibious", "Crushing Grip"],
		"weapons": [
			{
				"name": "Tentacles",
				"skill": "Brawl",
				"damage": 5,
				"critical": 4,
				"range": "Engaged",
				"qualities": ["Ensnare 2", "Knockdown", "Linked 6"]
			}
		],
		"tags": ["creature", "species:Dianoga", "book:aor", "book:eote", "book:aaa"]
	},
	{
		"name": "Small Dianoga",
		"type": "Rival",
		"description": "Dianogas begin life as microscopic larvae feeding on plankton and miniscule bits of refuse. With an abundant food source, larval dianogas quickly grow to a larger juvenile stage, consuming larger sources of nutrients. A juvenile can range anywhere from one to four meters in length before reaching adulthood.",
		"characteristics": {
			"Brawn": 3,
			"Agility": 2,
			"Intellect": 1,
			"Cunning": 1,
			"Willpower": 1,
			"Presence": 1
		},
		"derived": {
			"soak": 3,
			"wounds": 12
		},
		"skills": {
			"Brawl": 2,
			"Perception": 1,
			"Stealth": 2,
			"Survival": 1,
			"Vigilance": 1
		},
		"talents": ["Adversary 1"],
		"abilities": ["Amphibious", "Crushing Grip"],
		"weapons": [
			{
				"name": "Tentacles",
				"skill": "Brawl",
				"damage": 4,
				"critical": 4,
				"range": "Engaged",
				"qualities": ["Ensnare 3", "Knockdown"]
			}
		],
		"tags": ["creature", "species:Dianoga", "book:lonh"]
	},
	{
		"name": "Greater Dianoga",
		"type": "Nemesis",
		"description": "Though adult dianogas average about five to six meters in length, they continue to grow throughout their lives and can become significantly larger if they have access to a steady food source. In the deep swamps of Vodran, and in the sewers and trash units of its large cities and starships, dianogas can grow to ten meters, or perhaps even larger.",
		"characteristics": {
			"Brawn": 5,
			"Agility": 3,
			"Intellect": 1,
			"Cunning": 2,
			"Willpower": 1,
			"Presence": 1
		},
		"derived": {
			"soak": 6,
			"wounds": 36,
			"strain": 20
		},
		"skills": {
			"Brawl": 3,
			"Perception": 2,
			"Stealth": 5,
			"Survival": 3,
			"Vigilance": 3
		},
		"talents": ["Adversary 2"],
		"abilities": ["Amphibious", "Crushing Grip"],
		"weapons": [
			{
				"name": "Tentacles",
				"skill": "Brawl",
				"damage": 6,
				"critical": 3,
				"range": "Engaged",
				"qualities": ["Ensnare 4", "Knockdown"]
			}
		],
		"tags": ["creature", "species:Dianoga", "book:lonh"]
	},
	{
		"name": "Duracrete Slug",
		"type": "Rival",
		"description": "Named for the material that comprises the bulk of their diet, the invasive duracrete slugs are particularly dangerous to buildings, as they eat away at the foundations. Their tunnels are a common sight in the underworld, where slugs may grow up to 10 meters long.",
		"characteristics": {
			"Brawn": 3,
			"Agility": 2,
			"Intellect": 1,
			"Cunning": 1,
			"Willpower": 1,
			"Presence": 1
		},
		"derived": {
			"soak": 6,
			"wounds": 10,
			"defence": [1, 1]
		},
		"skills": {
			"Brawl": 2,
			"Coordination": 1,
			"Resilience": 2
		},
		"abilities": ["Duracrete Plating"],
		"weapons": [
			{
				"name": "Bite",
				"skill": "Brawl",
				"damage": 3,
				"critical": 4,
				"range": "Engaged"
			}
		],
		"gear": ["Partially-digested landspeeder identity plate"],
		"tags": ["creature", "location:Coruscant", "book:uabs", "adventure:Under a Black Sun"]
	},
	{
		"name": "Eopie (Cameloid)",
		"type": "Rival",
		"description": "Eopies are ponderous but surprisingly strong and resilient animals used as both mounts and labour animals on their native Tatooine. Eopies are inelegant beasts with an awkward gait and strong natural odour. Despite their stubborn nature, eopies are excellent beasts of burden, capable of carrying far more than their lanky frame might suggest. They are well-adapted to desert conditions, capable of traveling for days without needing water.",
		"characteristics": {
			"Brawn": 3,
			"Agility": 2,
			"Intellect": 1,
			"Cunning": 1,
			"Willpower": 2,
			"Presence": 1
		},
		"derived": {
			"soak": 5,
			"wounds": 14
		},
		"skills": {
			"Resilience": 2,
			"Survival": 2
		},
		"abilities": ["Silhouette 2", "Stubborn 1", "Trained Mount 1", "Sand Walker", "Beast of Burden 5"],
		"weapons": [
			{
				"name": "Trampling hooves",
				"skill": "Brawl",
				"damage": 5,
				"critical": 6,
				"range": "Engaged",
				"qualities": ["Knockdown"]
			}
		],
		"tags": ["book:sot", "creature"]
	},
	{
		"name": "Fambaa",
		"type": "Rival",
		"description": "The enormous fambaa are have been famously domesticated by Gungans for thousands of years on Naboo, but have long been exported to many other worlds including Onderon. They are sometimes compared to the much smaller dewbacks, to which they bear some physiological similarities. Herbivorous creatures, fambaa are most often used as beasts of burden. They are also effective multi-passenger mounts, having seen combat action in the Grand Gungan Army in the decade before the Clone Wars. Despite their immense size, they are docile creatures, and are rarely phased or startled, even by the noise of battle. Gungans used them to carry immense shield generators, cannons, or armoured howdahs that could transport numerous individuals into battle.",
		"characteristics": {
			"Brawn": 7,
			"Agility": 1,
			"Intellect": 1,
			"Cunning": 1,
			"Willpower": 2,
			"Presence": 1
		},
		"derived": {
			"soak": 16,
			"wounds": 55,
			"defence": [1, 1]
		},
		"skills": {
			"Brawl": 1,
			"Cool": 2,
			"Resilience": 3
		},
		"abilities": ["Silhouette 4", "Beast of Burden 20", "Fearless", "Amphibious"],
		"weapons": [
			{
				"name": "Massive teeth",
				"skill": "Brawl",
				"damage": 12,
				"critical": 4,
				"range": "Engaged",
				"qualities": ["Breach 2", "Slow-Firing"]
			}
		],
		"tags": ["book:sot", "creature", "book:nop", "location:Naboo"]
	},
	{
		"name": "Fecklen",
		"type": "Minion",
		"description": "The dominant ranching animal on the planet, the squat, stumpy fecklen is ubiquitous across Chandrila, and known for its savory meat and pure milk. Fecklen wander the Chandrilan countryside, grazing on balmgrass and occasionally blocking traffic. The fecklen is a peaceful herd animal known for its booming call, evolved to echo across the hilly landscape to frighten predators and locate the herd.",
		"characteristics": {
			"Brawn": 3,
			"Agility": 1,
			"Intellect": 1,
			"Cunning": 2,
			"Willpower": 1,
			"Presence": 1
		},
		"derived": {
			"soak": 3,
			"wounds": 7
		},
		"skills": ["Perception"],
		"abilities": ["Fecklen Boom"],
		"weapons": [
			{
				"name": "Horns",
				"skill": "Brawl",
				"damage": 6,
				"critical": 4,
				"range": "Engaged",
				"qualities": ["Knockdown"]
			}
		],
		"tags": ["creature", "location:Chandrila", "book:sor"]
	},
	{
		"name": "Grabworm",
		"type": "Minion",
		"description": "Grabworms are four-meter-long arthropods with thick brown carapaces and maws lined with razor-wire teeth. These creatures lash their prey with a pair of long, prehensile tails or ensnare their victims with tentacle-like tongues before drawing them into their gaping mouths. Royal noblemen and Hutt dignitaries often hunt grabworms for sport. Big game hunters visit Toydaria to acquire a pair of the sharp grabworm forelegs to mount on their trophy wall. Toydarian hunters use various parts of a grabworm carcass for food, armour, weaponry, and sale goods.",
		"characteristics": {
			"Brawn": 3,
			"Agility": 2,
			"Intellect": 1,
			"Cunning": 2,
			"Willpower": 1,
			"Presence": 1
		},
		"derived": {
			"soak": 3,
			"wounds": 4
		},
		"skills": ["Brawl", "Survival", "Vigilance"],
		"abilities": ["Crushing Grip"],
		"weapons": [
			{
				"name": "Bite",
				"skill": "Brawl",
				"damage": 4,
				"critical": 4,
				"range": "Engaged",
				"qualities": ["Pierce 2", "Vicious 2"]
			},
			{
				"name": "Lashing appendages",
				"skill": "Brawl",
				"damage": 5,
				"critical": 4,
				"range": "Engaged",
				"qualities": ["Ensnare 3", "Knockdown"]
			}
		],
		"tags": ["creature", "location:Hutt Space", "location:Toydaria", "book:lonh", "adventure:Toydarian Grocery Shopping"]
	},
	{
		"name": "Ghorla",
		"type": "Rival",
		"description": "An equinoid mount used in traditional hunting parties, the ghorla is, like most Chandrilans, independent and stubborn, but intelligent. Ghorla are bred for a variety of activities, including racing, showing, mounted sport, and more menial tasks like herding, labor, and transportation around the farm.",
		"characteristics": {
			"Brawn": 4,
			"Agility": 3,
			"Intellect": 1,
			"Cunning": 1,
			"Willpower": 2,
			"Presence": 2
		},
		"derived": {
			"soak": 5,
			"wounds": 16
		},
		"skills": {
			"Athletics": 3,
			"Coordination": 1,
			"Discipline": 2
		},
		"abilities": ["Silhouette 2", "Trained Mount 2"],
		"weapons": [
			{
				"name": "Trampling hooves",
				"skill": "Brawl",
				"damage": 7,
				"critical": 4,
				"range": "Engaged",
				"qualities": ["Knockdown"]
			}
		],
		"tags": ["creature", "location:Chandrila", "book:sor"]
	},
	{
		"name": "Gundark",
		"type": "Rival",
		"description": "Native to the planet Vanqor in the Outer Rim Territories, the gundark is one of the most ferocious and aggressive species in the known galaxy. Semi-intelligent, gundarks grasp the basic use of tools, but they lack any known language or other hallmark of a sentient species. Their sheer ferocity has made them a popular target for big game hunters and those who enjoy pitting creatures against one another in gladiatorial-style contests. In this way, the beast has spread to different worlds throughout the galaxy, where it flourishes in certain environments and planets. In many cases, the beasts are hunted to extinction because of the threat they pose to natural wildlife and the denizens of a given planet, but on worlds with larger regions of untamed wilderness, packs of gundarks can survive and thrive in areas without ever encountering sentient life.",
		"characteristics": {
			"Brawn": 5,
			"Agility": 3,
			"Intellect": 1,
			"Cunning": 3,
			"Willpower": 2,
			"Presence": 1
		},
		"derived": {
			"soak": 6,
			"wounds": 18
		},
		"skills": {
			"Brawl": 2,
			"Perception": 3,
			"Survival": 3,
			"Vigilance": 3
		},
		"abilities": ["Many-armed"],
		"weapons": [
			{
				"name": "Meaty fists",
				"skill": "Brawl",
				"damage": 8,
				"critical": 4,
				"range": "Engaged",
				"qualities": ["Disorient 1", "Knockdown"]
			}
		],
		"tags": ["creature", "book:aor", "book:eote", "book:aaa"]
	},
	{
		"name": "Horse (Equinoid)",
		"type": "Rival",
		"description": "“Horse” is the generic term in Basic for a wide array of single-hoofed quadruped species found throughout the galaxy. While more properly described as equinoids, they share a common physiology in size, speed, and the ease with which they can be trained as swift mounts. Many varieties of equinoids are found throughout the galaxy, as they have been traded as livestock for generations. Some are larger, more suited as draft horses and excellent at pulling large loads, while others are smaller and can be very stubborn. Such beasts are frequently used as pack animals, rather than riding mounts. The following profile is for a standard equinoid riding mount.",
		"characteristics": {
			"Brawn": 4,
			"Agility": 4,
			"Intellect": 1,
			"Cunning": 1,
			"Willpower": 1,
			"Presence": 2
		},
		"derived": {
			"soak": 5,
			"wounds": 16
		},
		"skills": {
			"Athletics": 2,
			"Coordination": 1
		},
		"abilities": ["Silhouette 2", "Domesticable 2", "Trained Mount 2"],
		"weapons": [
			{
				"name": "Trampling hooves",
				"skill": "Brawl",
				"damage": 8,
				"critical": 4,
				"range": "Engaged",
				"qualities": ["Knockdown"]
			}
		],
		"tags": ["book:sot", "creature"]
	},
	{
		"name": "Houjix",
		"type": "Rival",
		"description": "Perhaps most famous for its place as a game piece in dejarik holochess, the houjix is a large, skittering split-legged lizard with toothy spikes on its tail and in its mouth. On Hok, houjix are bred for aggression and forced to fight for sport. This practice is condemned on Kinyen, where the slobbering beasts are known to be very affectionate. Renowned for its ability to help Gran cope with brief periods of isolation, the houjix is the preferred companion animal among Gran.",
		"notes": "Only Hok houjix have the Brawl skill.",
		"characteristics": {
			"Brawn": 2,
			"Agility": 2,
			"Intellect": 1,
			"Cunning": 1,
			"Willpower": 1,
			"Presence": 2
		},
		"derived": {
			"soak": 2,
			"wounds": 7
		},
		"skills": {
			"Brawl": 2,
			"Charm": 2,
			"Perception": 1,
			"Survival": 1
		},
		"abilities": ["Companion Animal"],
		"weapons": [
			{
				"name": "Teeth",
				"skill": "Brawl",
				"damage": 4,
				"critical": 3,
				"range": "Engaged",
				"qualities": ["Knockdown"]
			}
		],
		"tags": ["creature", "location:Kinyen", "location:Hok", "book:sor"]
	},
	{
		"name": "Jakobeast",
		"type": "Minion",
		"description": "The colonization of the Outer Rim required hardy creatures that could withstand extreme environments and defend themselves against dangerous, and often unanticipated, predators. Jakobeasts were introduced on hundreds of ice planets across the galaxy and still roam many of these worlds today. Large, shaggy, feline creatures approximately two meters tall and three meters from nose to tail, jakobeasts are easily domesticated herd animals kept for meat, milk, and fur. Both male and female jakobeasts sport large tusks, primarily used for self-defense or establishing dominance. Though it is not widely known, as a group, jakobeasts can generate waves of Force energy to defend their herds from predators, although an individual does not have this ability if separated from its herd.",
		"characteristics": {
			"Brawn": 4,
			"Agility": 1,
			"Intellect": 1,
			"Cunning": 1,
			"Willpower": 1,
			"Presence": 1
		},
		"derived": {
			"soak": 3,
			"wounds": 9
		},
		"skills": ["Athletics", "Brawl", "Resilience", "Survival"],
		"abilities": [
			"Silhouette 2",
			"Strong as a Jakobeast",
			{
				"name": "Force Power: Move",
				"description": "A minion group of three or more jakobeasts may attempt to shove enemies away with the Force. As an action, roll :force::force:. Each :forcepip: generated may be spent to move one Silhouette 1 enemy within Short range to Medium range."
			}
		],
		"weapons": [
			{
				"name": "Tusks",
				"skill": "Brawl",
				"damage": 6,
				"critical": 4,
				"range": "Engaged"
			}
		],
		"tags": ["creature", "force sensitive", "book:fad"]
	},
	{
		"name": "Jubba Bird",
		"type": "Rival",
		"description": "Jubba birds are found in marketplaces, palaces, and the homes of wealthy merchants and upwardly mobile criminals throughout the galaxy, although they are native to the swamps of Dagobah. Brightly colored avians with reptilian features, jubba birds are prized for their red, yellow, and purple plumage as much as for their beautiful, haunting song. The jubba bird’s whis tling call is actually an instinctual ability to tap into the Living Force, and it produces a peaceful sensation in those who hear it. Jubba birds have small bodies but large wings, and they fare poorly in cages. Luckily, if an owner feeds his bird regularly, it is more than content to remain on a roost or perch and refrain from terror izing a household or attempting to hunt other pets. On Dagobah, jubba birds hunt small prey such as rodents or other birds, but in captivity, a well-fed jubba bird will fight only to defend itself. Most importantly, if the jubba bird is not content, it refuses to sing.\n\nFew owners realize that jubba birds are deceptively intelligent. While not as smart as most sapient species, they possess a level of cunning and a capacity for comprehension that dwarfs most animal species. Some researchers suspect that jubba birds deliberate ly pretend to be less intelligent when interacting with other species. These suspicions are only reinforced by rumors that, when paired with owners they trust and care for, jubba birds can act with more deliberation and foresight.",
		"characteristics": {
			"Brawn": 1,
			"Agility": 2,
			"Intellect": 2,
			"Cunning": 2,
			"Willpower": 1,
			"Presence": 3
		},
		"derived": {
			"soak": 1,
			"wounds": 3
		},
		"skills": {
			"Charm": 2
		},
		"talents": ["Sense Emotions"],
		"abilities": ["Flyer", "Soothing Song", "Silhouette 0"],
		"weapons": [
			{
				"name": "Claws",
				"skill": "Brawl",
				"damage": 2,
				"critical": 5,
				"range": "Engaged"
			}
		],
		"tags": ["creature", "force sensitive", "book:fad"]
	},
	{
		"name": "Kaaten",
		"type": "Rival",
		"description": "The kaaten is a one-and-half-meter, bipedal, semi-intelligent predator found on Felucia. It is a mimic, able to use the Force to appear to its prey as some one familiar to the individual the kaaten is hunting. Kaaten are solitary, with well-defined territorial lines that are crossed only when they mate. Therefore, they have not developed any kind of social structure or language. A kaaten can appear as a lost loved one, a companion or friend, or a member of its prey’s species if the kaaten is hunting something non-sentient. Once the kaaten has lured its prey close, it strikes with its claws, attempting to quickly incapacitate its unsuspecting quarry.",
		"characteristics": {
			"Brawn": 2,
			"Agility": 2,
			"Intellect": 2,
			"Cunning": 3,
			"Willpower": 1,
			"Presence": 1
		},
		"derived": {
			"soak": 5,
			"wounds": 12
		},
		"skills": {
			"Charm": 3,
			"Deception": 3,
			"Stealth": 3
		},
		"abilities": ["Force Mimic"],
		"weapons": [
			{
				"name": "Claws",
				"skill": "Brawl",
				"damage": 7,
				"critical": 4,
				"range": "Engaged",
				"qualities": ["Pierce 2"]
			}
		],
		"tags": ["creature", "force sensitive", "book:fad"]
	},
	{
		"name": "Kaadu",
		"type": "Rival",
		"description": "Sometimes compared to the Cracian thumper or kybuck, kaadu are swift bipedal duck-billed reptavians native to the swamps of Naboo. As with the fambaa, Gungans have expertly trained these amphibious beasts for use in a variety of ways in their society. Gungan warriors often take kaadu for reliable mounts, developing a close personal bond with their beasts. As with the fambaa, the kaadu saw action in the Battle of Naboo in 32 BBY. Unlike fambaa, however, Gungans are quite possessive of kaadu. As a result, these creatures are not traded as often as other beasts they train.",
		"characteristics": {
			"Brawn": 3,
			"Agility": 4,
			"Intellect": 1,
			"Cunning": 2,
			"Willpower": 1,
			"Presence": 1
		},
		"derived": {
			"soak": 4,
			"wounds": 15
		},
		"skills": {
			"Athletics": 2,
			"Vigilance": 2
		},
		"abilities": ["Silhouette 2", "Amphibious", "Domesticable 1"],
		"weapons": [
			{
				"name": "Legs",
				"skill": "Brawl",
				"damage": 7,
				"critical": 4,
				"range": "Engaged"
			}
		],
		"tags": ["book:sot", "creature", "book:nop", "location:Naboo"]
	},
	{
		"name": "Kath Hound",
		"type": "Rival",
		"description": "The kath hounds of Dantooine are a species of fierce canine pack hunters, averaging about one metre tall at the shoulders. There are a number of subspecies of kath hounds, including variants with powerful, curving horns, although all are notable for their cloven hooves, thick fur, and strong jaws. Some xenobiologists attempt to categorise some varieties as more powerful or dangerous than others, but in truth, all members of the species are lethal hunters, especially when hunting alongside their pack mates. Alone or in packs, kath hounds have been trained as guard or attack animals across the galaxy for centuries. Some attempts have been made to breed or genetically engineer improved versions of the species, such as the highly aggressive and near uncontrollable salky hounds, but few real improvements have been made.",
		"notes": "Not all species of kath hound have horns.",
		"characteristics": {
			"Brawn": 3,
			"Agility": 3,
			"Intellect": 1,
			"Cunning": 2,
			"Willpower": 3,
			"Presence": 1
		},
		"derived": {
			"soak": 4,
			"wounds": 15
		},
		"skills": {
			"Athletics": 3,
			"Brawl": 2,
			"Perception": 2,
			"Vigilance": 3
		},
		"abilities": ["Pack Instincts"],
		"weapons": [
			{
				"name": "Teeth",
				"skill": "Brawl",
				"damage": 7,
				"critical": 3,
				"range": "Engaged"
			},
			{
				"name": "Horns",
				"skill": "Brawl",
				"damage": 5,
				"critical": 4,
				"range": "Engaged",
				"qualities": ["Disorient 1", "Knockdown"]
			}
		],
		"tags": ["book:ss", "creature", "location:Dantooine"]
	},
	{
		"name": "Kintan Strider",
		"type": "Rival",
		"description": "Now extinct on the planet that gave the Kintan Strider its name, these enormous semisentient beasts were bred for centuries offworld. They can now be found on various planets around the galaxy, where they are most often used as guards by Hutt crime lords. Their incredible self-healing properties and the thick layer of fat and hide that covers their bodies make Kintan Striders formidable opponents. Most citizens of the galaxy know the Kintan Strider as a piece in dejarik, around which the tactic of sacrificing it to create long-term opportunities (called the “Kintan Strider Death Gambit”) developed.",
		"characteristics": {
			"Brawn": 5,
			"Agility": 2,
			"Intellect": 1,
			"Cunning": 2,
			"Willpower": 2,
			"Presence": 1
		},
		"derived": {
			"soak": 6,
			"wounds": 18
		},
		"skills": {
			"Brawl": 2,
			"Melee": 2,
			"Survival": 2,
			"Vigilance": 2
		},
		"talents": ["Adversary 1", "Durable 5"],
		"abilities": ["Hard to Kill", "Reckless Strike"],
		"weapons": [
			{
				"name": "Crude club",
				"skill": "Melee",
				"damage": 8,
				"critical": 3,
				"range": "Engaged",
				"qualities": ["Disorient 1", "Knockdown", "Inferior"]
			}
		],
		"tags": ["creature", "location:Hutt Space", "book:lonh"]
	},
	{
		"name": "Klatooinian Paddy Frog",
		"type": "Minion",
		"description": "",
		"characteristics": {
			"Brawn": 1,
			"Agility": 3,
			"Intellect": 1,
			"Cunning": 2,
			"Willpower": 1,
			"Presence": 1
		},
		"derived": {
			"soak": 1,
			"wounds": 3,
			"defence": [1, 1]
		},
		"skills": ["Athletics", "Stealth", "Survival"],
		"abilities": ["Silhouette 0", "Amphibious"],
		"tags": ["creature", "location:Hutt Space", "location:Klatooine", "book:lonh"]
	},
	{
		"name": "Knytix",
		"type": "Minion",
		"description": "One of the most common creatures on Thyferra, the half-meter-tall knytix are docile, mantis-like insects that reside within the planet’s rainforests, easily blending in with the plant life. Vratix view the knytix as childlike genetic cousin, and often keep them as pets. The Vratix use a mixture of mud and knytix saliva to build their adobe-style treetop homes, which forms a compound that is incredibly durable and stands up to the high humidity of Thyferra’s jungle. It is also customary for Vratix, when they cause a deep offense to someone, to slaughter a pet knytix and make a soup of it for the offended party as a formal apology.",
		"characteristics": {
			"Brawn": 1,
			"Agility": 4,
			"Intellect": 1,
			"Cunning": 3,
			"Willpower": 1,
			"Presence": 1
		},
		"derived": {
			"soak": 1,
			"wounds": 2
		},
		"skills": ["Athletics", "Brawl", "Survival"],
		"abilities": ["Silhouette 0", "Sticky Saliva"],
		"weapons": [
			{
				"name": "Barb and teeth",
				"skill": "Brawl",
				"damage": 2,
				"critical": null,
				"range": "Engaged"
			}
		],
		"tags": ["creature", "book:sor", "location:Thyferra"]
	},
	{
		"name": "Kouhun",
		"type": "Minion",
		"description": "Kouhuns are small, multi-legged, venomous arthropods approximately thirty centimeters long, with gray, segmented bodies and large mandibles. Kouhun bites deliver a fast-acting and fatal neurotoxin, making them a favorite “weapon” of many assassins. On their home planet of Indoumodo, they are simple predators who track prey by heat. Their tiny size makes them adept at slipping through ventilation systems, windows, cracks in masonry, and other tight spaces. When cornered, kouhuns can also use a sharp, non-venomous tail spine to defend themselves.",
		"characteristics": {
			"Brawn": 1,
			"Agility": 2,
			"Intellect": 1,
			"Cunning": 1,
			"Willpower": 1,
			"Presence": 1
		},
		"derived": {
			"soak": 1,
			"wounds": 3
		},
		"skills": ["Brawl"],
		"abilities": ["Neurotoxin", "Silhouette 0"],
		"weapons": [
			{
				"name": "Spine",
				"skill": "Brawl",
				"damage": 2,
				"critical": 4,
				"range": "Engaged",
				"qualities": ["Pierce 5"]
			},
			{
				"name": "Mandibles",
				"skill": "Brawl",
				"damage": 2,
				"critical": 3,
				"range": "Engaged",
				"qualities": ["Pierce 2"]
			}
		],
		"tags": ["creature", "book:fad"]
	},
	{
		"name": "Kybuck",
		"type": "Rival",
		"description": "The amazingly swift kybuck is native to the Woolwarricca plains on the Wookiee homeworld of Kashyyyk. Vaguely resembling the larger tauntaun, kybucks have short tan-to-brown fur with small tails and thick horns. Unlike many other bipedal mounts, kybucks have split hoofs rather than claws or pads, which may help them reach immense speeds for a bipedal animal. Unlike most other riding animals, kybucks are not very effective beasts of burden. While they are very fast and well-trained mounts, they are only capable of carrying smaller individuals as riders.",
		"characteristics": {
			"Brawn": 3,
			"Agility": 6,
			"Intellect": 1,
			"Cunning": 2,
			"Willpower": 1,
			"Presence": 2
		},
		"derived": {
			"soak": 4,
			"wounds": 13
		},
		"skills": {
			"Athletics": 2,
			"Brawl": 1,
			"Survival": 1
		},
		"abilities": ["Silhouette 2", "Surefooted"],
		"weapons": [
			{
				"name": "Horns",
				"skill": "Brawl",
				"damage": 6,
				"critical": 5,
				"range": "Engaged",
				"qualities": ["Disorient 1"]
			}
		],
		"tags": ["book:sot", "creature"]
	},
	{
		"name": "Massiff",
		"type": "Rival",
		"description": "Massiffs are armoured predators native to Geonosis. Commonly used as guard animals in the Outer Rim, they are up to a meter tall at the shoulder. Massiffs are vicious predators with keen senses and animal cunning, and they are especially dangerous when starving—as these specimens are. Due to their hunger, these massiffs continue to maul downed opponents until distracted in some fashion.",
		"characteristics": {
			"Brawn": 4,
			"Agility": 3,
			"Intellect": 1,
			"Cunning": 3,
			"Willpower": 2,
			"Presence": 1
		},
		"derived": {
			"soak": 6,
			"wounds": 16
		},
		"skills": {
			"Brawl": 3,
			"Perception": 2,
			"Stealth": 2,
			"Survival": 3,
			"Vigilance": 2
		},
		"talents": ["Adversary 1"],
		"weapons": [
			{
				"name": "Claws",
				"skill": "Brawl",
				"damage": 6,
				"critical": 3,
				"range": "Engaged",
				"qualities": ["Vicious 3"]
			}
		],
		"tags": ["creature", "location:Hutt Space", "book:lonh", "adventure:Rubbing Slimy Elbows"]
	},
	{
		"name": "Maalraa",
		"type": "Rival",
		"description": "The maalraa is a non-sentient, feline pack hunter that uses the Force to cloak itself from its prey. Although once found through out the galaxy and sometimes domesticated as guard animals, maalraas are now extremely rare, found only in a handful of the galaxy’s forgotten places and in the seediest corners of the criminal underworld. The maalraa’s ability to cloak itself makes it almost impossible to spot among the shadows, although those who are sensitive to the Force can sometimes detect its presence. When it strikes, the maalraa uses its huge fangs to latch onto its prey and hold it inert, slowly crushing it, while other members of the pack finish the unfortunate creature.",
		"characteristics": {
			"Brawn": 3,
			"Agility": 3,
			"Intellect": 1,
			"Cunning": 2,
			"Willpower": 2,
			"Presence": 1
		},
		"derived": {
			"soak": 4,
			"wounds": 12
		},
		"skills": {
			"Brawl": 3,
			"Stealth": 4
		},
		"abilities": ["Cloak"],
		"weapons": [
			{
				"name": "Fangs",
				"skill": "Brawl",
				"damage": 6,
				"critical": 3,
				"range": "Engaged",
				"qualities": ["Ensnare 2"]
			}
		],
		"tags": ["creature", "book:fad", "force sensitive"]
	},
	{
		"name": "Mamien",
		"type": "Rival",
		"description": "An oversized simian of the Yavin 4 jungles, the average mamien stands upright and measures almost three meters tall. Mamiens appear as woolly, potbellied humanoids with spindly arms and legs, stubby noses, and heavy brows. Mamien are unafraid of most species and possess a curious and casual demeanour. However, they are highly protective of their young: entire troupes may turn violent in a heartbeat if an infant is threatened.",
		"characteristics": {
			"Brawn": 4,
			"Agility": 2,
			"Intellect": 1,
			"Cunning": 2,
			"Willpower": 1,
			"Presence": 1
		},
		"derived": {
			"soak": 6,
			"wounds": 14
		},
		"skills": {
			"Brawl": 4,
			"Survival": 3,
			"Vigilance": 2
		},
		"abilities": ["Surefooted"],
		"weapons": [
			{
				"name": "Pummeling fists",
				"skill": "Brawl",
				"damage": 6,
				"critical": 4,
				"range": "Engaged",
				"qualities": ["Knockdown", "Vicious 2"]
			}
		],
		"tags": ["creature", "book:sor", "location:Yavin 4"]
	},
	{
		"name": "Mature Tusk Cat",
		"type": "Rival",
		"description": "Tusk cats are feline predators that can grow up to two meters high and three meters long. Named for the two distinct tusks growing from their lower jaws, these mammals are social creatures who mate for life and form prides. They even can “guard” herds of prey animals, eating one every so often while protecting the rest of the herd from other predators. These instincts make them surprisingly easy to do mesticate, and they are large enough that they can be ridden by most humanoid sapients. Many an Outer Rim wanderer relies on the keen eyes and sensitive nose of his trusted tusk cat companion.",
		"characteristics": {
			"Brawn": 4,
			"Agility": 4,
			"Intellect": 1,
			"Cunning": 3,
			"Willpower": 1,
			"Presence": 3
		},
		"derived": {
			"soak": 4,
			"wounds": 17,
			"defence": [1, 1]
		},
		"skills": {
			"Brawl": 2,
			"Coordination": 2,
			"Perception": 2,
			"Stealth": 2,
			"Vigilance": 2
		},
		"talents": ["Adversary 1"],
		"abilities": ["Leap", "Silhouette 2"],
		"weapons": [
			{
				"name": "Tusks and Claws",
				"skill": "Brawl",
				"damage": 6,
				"critical": 2,
				"range": "Engaged",
				"qualities": ["Pierce 2"]
			}
		],
		"tags": ["creature", "book:fad"]
	},
	{
		"name": "Miim",
		"type": "Rival",
		"description": "Miim are large, fat, burrowing creatures that were used as beasts of burden in early mining and agricultural efforts on Sullust. The creatures are smart, social, and easily domesticated. When frightened, miims thrash potential threats with their large tails and flee. Today, Sullustans romanticize the miim and their place in history.",
		"characteristics": {
			"Brawn": 4,
			"Agility": 2,
			"Intellect": 2,
			"Cunning": 1,
			"Willpower": 1,
			"Presence": 1
		},
		"derived": {
			"soak": 5,
			"wounds": 15
		},
		"skills": {
			"Brawl": 1,
			"Perception": 3,
			"Resilience": 2,
			"Survival": 2
		},
		"talents": ["Adversary 1"],
		"abilities": ["Silhouette 2", "Trained Mount 1"],
		"weapons": [
			{
				"name": "Tail",
				"skill": "Brawl",
				"damage": 5,
				"critical": 5,
				"range": "Short",
				"qualities": ["Knockdown"]
			}
		],
		"tags": ["creature", "location:Sullust", "book:sor"]
	},
	{
		"name": "Mon Cala Eel",
		"type": "Minion",
		"description": "An oddity of the coral depths, Mon Cala eels graze Mon Cala’s ocean floor, electrocuting those who threaten them. These elongated, four-eyed creatures range from one to three meters in length and have textured, phosphorescent skin. Quarren have been known to create makeshift prison cells out of lashed-together eels.",
		"characteristics": {
			"Brawn": 2,
			"Agility": 3,
			"Intellect": 1,
			"Cunning": 1,
			"Willpower": 1,
			"Presence": 1
		},
		"derived": {
			"soak": 2,
			"wounds": 4
		},
		"skills": ["Athletics", "Brawl", "Vigilance"],
		"abilities": ["Silhouette 0", "Aquatic Creature"],
		"weapons": [
			{
				"name": "Electric skin",
				"skill": "Brawl",
				"damage": 8,
				"critical": null,
				"range": "Engaged",
				"qualities": ["Stun Damage"]
			}
		],
		"tags": ["creature", "location:Mon Cala", "book:sor"]
	},
	{
		"name": "Mustafarian Lava Flea",
		"type": "Rival",
		"description": "Perhaps one of the most unusual mounts in the galaxy, the Mustafarian lava flea is a giant arthropod that evolved for life on the volcanic environment of its homeworld. While considerably larger than the average equinoid, lava fleas have an uncharacteristically lightweight frame. This makes them ideal for leaping considerable distances, but less adapted for hauling heavy loads. The creature’s exoskeleton evolved an internal structure of spindles not unlike an internal bone structure, made from the minerals the lava flea digests. This allows these extraordinary beasts to grow to sizes far beyond normal evolutionary constraints. Mustafarians often fashion discarded lava flea shells into heat-resistant armour.",
		"characteristics": {
			"Brawn": 3,
			"Agility": 4,
			"Intellect": 1,
			"Cunning": 1,
			"Willpower": 1,
			"Presence": 1
		},
		"derived": {
			"soak": 8,
			"wounds": 16
		},
		"skills": {
			"Athletics": 2,
			"Resilience": 3
		},
		"abilities": ["Silhouette 3", "Domesticable 1", "Suited to the Heat", "Leap"],
		"weapons": [
			{
				"name": "Proboscis",
				"skill": "Brawl",
				"damage": 5,
				"critical": 6,
				"range": "Engaged"
			}
		],
		"tags": ["book:sot", "creature"]
	},
	{
		"name": "Mynock",
		"type": "Minion",
		"description": "Mynocks are disgusting, silicon-based space parasites that survive by latching onto the hulls of star ships and feeding off power cables and other vital systems. About a meter long with wings that could be used in atmosphere. they have spread through out the galaxy by hitching rides on passing starships. They absorb matter and energy from their hosts. which can eventually cause system failure. Mynocks can be found on the surface of several different worlds, although their allergy to helium limits the number of habitats which they can survive.",
		"characteristics": {
			"Brawn": 1,
			"Agility": 3,
			"Intellect": 1,
			"Cunning": 1,
			"Willpower": 1,
			"Presence": 1
		},
		"derived": {
			"soak": 1,
			"wounds": 4
		},
		"skills": ["Brawl", "Coordination"],
		"abilities": ["Vacuum Dweller", "Energy Parasite", "Flyer", "Helium Allergy"],
		"weapons": [
			{
				"name": "Sucker-mouths and claws",
				"skill": "Brawl",
				"damage": 4,
				"critical": 5,
				"range": "Engaged"
			}
		],
		"tags": ["creature", "book:eote", "book:sor", "book:aaa"]
	},
	{
		"name": "Narglatch",
		"type": "Rival",
		"description": "It is unclear exactly where the narglatch evolved, but they are used as mounts for the Talz in the brutal cold of Orto Plutonia; additionally, several variants of this species can be found on other worlds throughout the galaxy, including the swamps of Naboo. Not truly domesticated, these felinoid beasts can be trained to be loyal and fearsome mounts, if a bit headstrong. Unlike most other riding beasts, narglatch are apex predators with hunting instincts, moving quietly to stalk their prey.",
		"notes": "The stats in **Stay on Target** and **Savage Spirits** are slightly different and have been merged.",
		"characteristics": {
			"Brawn": 4,
			"Agility": 4,
			"Intellect": 1,
			"Cunning": 3,
			"Willpower": 2,
			"Presence": 2
		},
		"derived": {
			"soak": 6,
			"wounds": 17
		},
		"skills": {
			"Athletics": 3,
			"Brawl": 2,
			"Discipline": 2,
			"Perception": 1,
			"Stealth": 2
		},
		"abilities": ["Silhouette 2", "Suited to the Cold", "Fearless", "Fierce Pounce"],
		"weapons": [
			{
				"name": "Claws",
				"skill": "Brawl",
				"damage": 9,
				"critical": 2,
				"range": "Engaged",
				"qualities": ["Linked 1", "Vicious 3"]
			}
		],
		"tags": ["book:sot", "book:ss", "creature"]
	},
	{
		"name": "Photon Spider",
		"type": "Minion",
		"description": "Measuring three meters in diameter, the photon spider lives deep within the underground of Varl. It requires no atmosphere, as the crystalline life form does not breathe, and it survives on the veins of aurodium that run through the planet. Thus, anyone engaged in mining this valuable mineral is likely to see one of these creatures sooner or later—and the truly unfortunate might get a closer look.",
		"characteristics": {
			"Brawn": 3,
			"Agility": 2,
			"Intellect": 1,
			"Cunning": 4,
			"Willpower": 4,
			"Presence": 1
		},
		"derived": {
			"soak": 4,
			"wounds": 7
		},
		"skills": ["Athletics", "Brawl", "Resilience", "Vigilance"],
		"abilities": ["Crystalline", "Photonic Burst", "Silhouette 2"],
		"weapons": [
			{
				"name": "Bladed legs",
				"skill": "Brawl",
				"damage": 6,
				"critical": 3,
				"range": "Engaged",
				"qualities": ["Vicious 2"]
			}
		],
		"tags": ["creature", "location:Hutt Space", "book:lonh"]
	},
	{
		"name": "Pybus Amphibipole",
		"type": "Minion",
		"description": "",
		"characteristics": {
			"Brawn": 2,
			"Agility": 2,
			"Intellect": 2,
			"Cunning": 2,
			"Willpower": 2,
			"Presence": 2
		},
		"derived": {
			"soak": 3,
			"wounds": 5,
			"defence": [1, 0]
		},
		"skills": ["Brawl", "Ranged: light", "Stealth"],
		"abilities": ["Amphibious", "Silhouette 0", "Poisonous"],
		"weapons": [
			{
				"name": "Tongue",
				"skill": "Ranged: Light",
				"damage": 4,
				"critical": 3,
				"range": "Short",
				"qualities": ["Ensnare", "Slow-Firing 1"]
			},
			{
				"name": "Claws",
				"skill": "Brawl",
				"damage": 5,
				"critical": 4,
				"range": "Engaged",
				"qualities": ["Linked 1", "Pierce 2"]
			}
		],
		"tags": ["creature", "location:Hutt Space", "book:lonh", "adventure:The Dead Road"]
	},
	{
		"name": "Captive Rancor",
		"type": "Nemesis",
		"description": "Rancors are terrifying predators, found on worlds throughout the galaxy. Complete carnivores, an adult rancor can grow to be up to 10 meters tall. They often walk with a hunched, simian gait using their arms and hands as well as their legs. Their hands and wicked claws can be used for grasping and holding prey. Combined with their prodigious strength, a rancor can become an apex predator on most worlds it lives in. Their fearsome combat ability makes rancors popular amongst crime lords as gladiatorial opponents or “pets.” The infamous gangster Jabba the Hutt is known to keep a rancor in a cavern below his palace, and those who displease the crime lord all too often become the rancor’s next meal.",
		"characteristics": {
			"Brawn": 6,
			"Agility": 2,
			"Intellect": 1,
			"Cunning": 3,
			"Willpower": 3,
			"Presence": 1
		},
		"derived": {
			"soak": 12,
			"wounds": 40,
			"strain": 15
		},
		"skills": {
			"Brawl": 2,
			"Perception": 2,
			"Survival": 3,
			"Vigilance": 2
		},
		"abilities": ["Silhouette 3", "Sweep Attack"],
		"weapons": [
			{
				"name": "Massive rending claws",
				"skill": "Brawl",
				"damage": 15,
				"critical": 3,
				"range": "Short",
				"qualities": ["Knockdown", "Sunder"]
			}
		],
		"tags": ["creature", "book:eote"]
	},
	{
		"name": "Rass",
		"type": "Nemesis",
		"description": "Even the bravest of Sakiyan hunters are wise to fear and respect the mighty rass. Beneath a thick coat of long, black fur, the rass is a behemoth of pure muscle that can easily eviscerate most sentients with a single swipe of its jagged claws. Its back bristles with dozens of sharp tines that discourage attacks on the creature’s flank. Though it roams the dense forests on all fours, the rass rises to an intimidating height of four meters when it rears back on its hind legs to fight.\n\nRass nest in deforested areas where they can spot threats from far off while they blend in with the charred wood. Sakiyans see a one-on-one battle to the death with a rass as the epitome of demonstrating power and skill, and they often track the monsters back to their lairs to confront them. Traditionally, Sakiyans use the blackened bones of their first rass kill to make blade handles, and they cherish these blades as their most prized possessions.",
		"characteristics": {
			"Brawn": 5,
			"Agility": 2,
			"Intellect": 1,
			"Cunning": 3,
			"Willpower": 3,
			"Presence": 1
		},
		"derived": {
			"soak": 6,
			"wounds": 20,
			"strain": 10
		},
		"skills": {
			"Brawl": 2,
			"Perception": 3,
			"Survival": 3,
			"Vigilance": 2
		},
		"abilities": ["Barbed Hide", "Silhouette 2"],
		"weapons": [
			{
				"name": "Deadly fangs",
				"skill": "Brawl",
				"damage": 6,
				"critical": 3,
				"range": "Engaged",
				"qualities": ["Knockdown", "Sunder"]
			}
		],
		"tags": ["creature", "location:Hutt Space", "book:lonh"]
	},
	{
		"name": "Ronto",
		"type": "Rival",
		"description": "Often seen as beasts of burden and mounts for Jawas, rontos are known to be effective, if skittish, mounts. Found on many worlds, including Nubia, Tatooine, and Kashyyyk, rontos are often employed away from populated areas, to reduce contact with technologies that might spook the beasts. Even so, they remain a common sight in many of Tatooine’s spaceports, and those who work with these animals place great stock in their loyalty.",
		"characteristics": {
			"Brawn": 5,
			"Agility": 3,
			"Intellect": 1,
			"Cunning": 1,
			"Willpower": 1,
			"Presence": 1
		},
		"derived": {
			"soak": 7,
			"wounds": 18
		},
		"skills": {
			"Survival": 2
		},
		"abilities": ["Silhouette 2", "Domesticable 1", "Trained Mount 1", "Beast of Burden 10"],
		"weapons": [
			{
				"name": "Trampling hooves",
				"skill": "Brawl",
				"damage": 12,
				"critical": 4,
				"range": "Engaged",
				"qualities": ["Knockdown"]
			}
		],
		"tags": ["book:sot", "creature", "species:Ronto", "book:aaa"]
	},
	{
		"name": "Ruping",
		"type": "Rival",
		"description": "The soaring rupings of Onderon are graceful, noble reptavians that have been trained as flying mounts for generations on their homeworld. Thinner than the Alderaanian thranta, rupings were used both as scouts and battle mounts in the Battle of Onderon during the Clone Wars. Capable of flying to great heights, rupings have two sets of eyes that can focus on both predator and prey simultaneously, giving them exceptional situational awareness. Often rupings alert to danger long before their riders do, and are rarely caught off guard.",
		"characteristics": {
			"Brawn": 3,
			"Agility": 3,
			"Intellect": 1,
			"Cunning": 3,
			"Willpower": 1,
			"Presence": 1
		},
		"derived": {
			"soak": 6,
			"wounds": 18,
			"defence": [0, 1]
		},
		"skills": {
			"Coordination": 2,
			"Survival": 3,
			"Vigilance": 3
		},
		"abilities": ["Silhouette 2", "Flyer", "Trained Mount 1"],
		"weapons": [
			{
				"name": "Claws",
				"skill": "Brawl",
				"damage": 7,
				"critical": 3,
				"range": "Engaged"
			}
		],
		"tags": ["book:sot", "creature"]
	},
	{
		"name": "Shaoryn",
		"type": "Rival",
		"description": "Shaoryn are ghostly swamp predators that haunt the southern marshes of Toydaria. They appear as a collection of wispy, yellow-white lights floating through the swamp, which has earned them the nickname “swamp pixies” among the locals. Beyond their illusions and trickery, shaoryn are tall, slender amphibians with spongy green bodies and leathery tendrils used to envelop and suck the life out of their prey.",
		"characteristics": {
			"Brawn": 3,
			"Agility": 3,
			"Intellect": 2,
			"Cunning": 3,
			"Willpower": 2,
			"Presence": 1
		},
		"derived": {
			"soak": 3,
			"wounds": 12
		},
		"skills": {
			"Brawl": 2,
			"Deception": 4,
			"Discipline": 2,
			"Stealth": 3
		},
		"talents": ["Adversary 1", "Force Rating 2", "Darkside Force User"],
		"abilities": ["Drain Life", "Force Power: Influence"],
		"weapons": [
			{
				"name": "Grasping limbs",
				"skill": "Brawl",
				"damage": 5,
				"critical": 5,
				"range": "Engaged",
				"qualities": ["Ensnare 3"]
			}
		],
		"tags": ["creature", "location:Hutt Space", "location:Toydaria", "book:lonh", "adventure:Toydarian Grocery Shopping", "force sensitive"]
	},
	{
		"name": "Skuir Fish",
		"type": "Rival",
		"description": "Deep within the chilly murk of Sakiya’s oceans lurks the hideous skuir fish. A large, aggressive, sea-going predator with a sleek body and a powerful, fanned tail that carries it through the water, the skuir fish is fast and dangerous. In addition to its toothy maw, a squir fish has four long, razor-tipped appendages on the underside of its body with which it can lash out to seize its prey. All of these factors make it one of the most feared predators in the seas of Sakiya.\n\n Skuir fish average five meters in length, but they have been known to grow much larger in colder, deeper waters. Adult skuir fish are hunted for their meat by harpoon ships on Saki, but the vicious creatures claim many crewmembers of the seafaring vessels as well. Folklore even tells of a stark-white skuir fish called Oloss Yvae, which is so gigantic that it sinks entire harpoon vessels and swallows their crew whole. Many of lepatap Harbor’s albino exiles see this mythical leviathan as a symbol, a hero that exacts the revenge they desire upon their persecutors.",
		"characteristics": {
			"Brawn": 4,
			"Agility": 4,
			"Intellect": 1,
			"Cunning": 2,
			"Willpower": 3,
			"Presence": 1
		},
		"derived": {
			"soak": 4,
			"wounds": 18
		},
		"skills": {
			"Athletics": 2,
			"Brawl": 2,
			"Resilience": 2,
			"Survival": 1
		},
		"abilities": ["Aquatic Creature", "Silhouette 2"],
		"weapons": [
			{
				"name": "Razor pincers",
				"skill": "Brawl",
				"damage": 7,
				"critical": 5,
				"range": "Short",
				"qualities": ["Ensnare", "Pierce 4"]
			},
			{
				"name": "Toothy jaws",
				"skill": "Brawl",
				"damage": 11,
				"critical": 2,
				"range": "Engaged",
				"qualities": ["Vicious 3"]
			}
		],
		"tags": ["creature", "location:Hutt Space", "book:lonh"]
	},
	{
		"name": "Stalking Acklay",
		"type": "Nemesis",
		"description": "Acklays are ferocious, three-meter-tall, six-legged predators native to the planet Vendaxa. These non-sentient hunters evolved in the crucible of Vendaxa’s harsh ecosystem to become finely honed killing machines. An acklay’s high metabolism gives it a great deal of energy, especially when hunting. Acklays are thick-shelled crustaceans that can live underwater or on land. The acklay’s three eyes can see in almost-total darkness, and each of its legs ends in an enormous claw it uses to pin or slash at prey. Because of their combat prowess, acklays are used across the galaxy in gladiatorial arenas.",
		"characteristics": {
			"Brawn": 5,
			"Agility": 3,
			"Intellect": 1,
			"Cunning": 3,
			"Willpower": 3,
			"Presence": 1
		},
		"derived": {
			"soak": 12,
			"wounds": 25,
			"strain": 15,
			"defence": [2, 0]
		},
		"skills": {
			"Athletics": 4,
			"Brawl": 4,
			"Coordination": 2
		},
		"talents": ["Adversary 1"],
		"abilities": ["Amphibious", "Many-armed", "Silhouette 2"],
		"weapons": [
			{
				"name": "Large claws",
				"skill": "Brawl",
				"damage": 10,
				"critical": 2,
				"range": "Engaged",
				"qualities": ["Knockdown", "Pierce 3"]
			}
		],
		"tags": ["creature", "book:fad", "book:aaa"]
	},
	{
		"name": "Tauntaun",
		"type": "Rival",
		"description": "The tauntaun is a bipedal, reptomammalian herbivore with a wooly, thick hide, short front legs, and a bone-crested skull framed by a pair of curved horns on either side of its stubby snout. While out on the ice plains, tauntauns survive on a steady diet of frozen algae; within the grottos where tauntauns typically nest, they eat lichen and the abundant plant matter hidden within the caves. For sentient beings traversing Hoth’s frozen fields, tauntauns are ideal mounts due to their even temper and the thick coat of blubber that allows them to survive the biting cold.",
		"characteristics": {
			"Brawn": 4,
			"Agility": 3,
			"Intellect": 1,
			"Cunning": 2,
			"Willpower": 2,
			"Presence": 1
		},
		"derived": {
			"soak": 5,
			"wounds": 15
		},
		"skills": {
			"Resilience": 3,
			"Survival": 1,
			"Vigilance": 1
		},
		"abilities": ["Silhouette 2", "Trained Mount 1"],
		"weapons": [
			{
				"name": "Horns",
				"skill": "Brawl",
				"damage": 7,
				"critical": 5,
				"range": "Engaged",
				"qualities": ["Disorient 1"]
			}
		],
		"tags": ["creature", "location:Hoth", "book:sor", "book:sot", "book:aaa"]
	},
	{
		"name": "Tayan Falcon",
		"type": "Rival",
		"description": "The Tayan falcon is a sparkling, amber-plumed bird of prey that nests in the mountains of Kinyen. During the day, the birds ride thermal updrafts above fields of silvergrass to feed on various rodents and large insects that would otherwise destroy crops. Many are trained by gamwidge ranchers to ward off llayas that threaten their herd.\n\nThe Doellinists revere the bird as avatars of Doellin herself, keeping her fields free of pests. The Tayan League takes much of its philosophy from the falcon. The concepts of exile and pacifism are linked to the falcon’s unique trick of driving off llayas with shriek ing and dive-bombing feints. Falcon imagery is often incorporated into religious symbols and trappings of both priesthood and government office.",
		"characteristics": {
			"Brawn": 1,
			"Agility": 4,
			"Intellect": 1,
			"Cunning": 2,
			"Willpower": 1,
			"Presence": 2
		},
		"derived": {
			"soak": 2,
			"wounds": 6
		},
		"skills": {
			"Brawl": 2,
			"Coercion": 2,
			"Perception": 3,
			"Vigilance": 2
		},
		"abilities": ["Silhouette 0", "Dive-bomb"],
		"weapons": [
			{
				"name": "Talons",
				"skill": "Brawl",
				"damage": 2,
				"critical": 4,
				"range": "Medium",
				"qualities": ["Pierce 2"]
			}
		],
		"tags": ["creature", "location:Kinyen", "book:sor"]
	},
	{
		"name": "Thranta",
		"type": "Rival",
		"description": "Now an endangered species, the thranta were once a common sight in the skies of Alderaan prior to the planet’s destruction. Unlike many other flying creatures, thrantas do not use their wings as a primary source of lift. Rather, their bodies naturally produce hydrogen, which is stored in several internal air sacs that keep them aloft. This may be one reason why thrantas evolved to be creatures purely of the air, no longer needing legs on which to land. Over time, Alderaanians domesticated numerous breeds of this beast to be used as mounts. Today, only the common and baleen thrantas survive in any measurable quantity. One of the few places one can find a thranta is above the clouds on the tibanna-producing gas giants of Bespin.",
		"characteristics": {
			"Brawn": 4,
			"Agility": 2,
			"Intellect": 1,
			"Cunning": 1,
			"Willpower": 1,
			"Presence": 1
		},
		"derived": {
			"soak": 5,
			"wounds": 15
		},
		"skills": {
			"Cool": 1,
			"Coordination": 1
		},
		"abilities": ["Silhouette 2", "Flyer", "Hover", "Domesticated", "Unstable 4"],
		"weapons": [
			{
				"name": "Beak",
				"skill": "Brawl",
				"damage": 5,
				"critical": 5,
				"range": "Engaged"
			}
		],
		"tags": ["book:sot", "creature"]
	},

	{
		"name": "Trained Keelkana",
		"type": "Rival",
		"description": "During the reign of the Mon Calamari monarchy, the order of Mon Calamari knights defended the kingdom from a variety of undersea threats while mounted atop armoured keelkana eels. While undersea war mounts lost favour after the Clone Wars, keelkana racing has recently grown in popularity in Mon Calamari Space. The massive, snakelike fish have a vicious temperament and teeth sharp enough to pierce armour-plating. Wild keelkana can be found in deep sea trenches across Mon Cala.",
		"characteristics": {
			"Brawn": 5,
			"Agility": 3,
			"Intellect": 1,
			"Cunning": 2,
			"Willpower": 1,
			"Presence": 1
		},
		"derived": {
			"soak": 8,
			"wounds": 30,
			"defence": [1, 1]
		},
		"skills": {
			"Athletics": 3,
			"Brawl": 2,
			"Survival": 2,
			"Vigilance": 2
		},
		"abilities": ["Silhouette 3", "Aquatic Creature", "Lightning Charge", "Trained Mount 2"],
		"weapons": [
			{
				"name": "Jaws",
				"skill": "Brawl",
				"damage": 8,
				"critical": 3,
				"range": "Engaged",
				"qualities": ["Pierce 3", "Vicious 3"]
			}
		],
		"tags": ["creature", "location:Mon Cala", "book:sor", "riding beast"]
	},
	{
		"name": "The Lost",
		"type": "Rival",
		"description": "Not all Hutts fled Varl when the world was deemed lost. Some lesser Hutts, trapped deep underground in slums, were cut off from the evacuation routes and unable to escape. These creatures devolved over the millennia and have become the Lost. Albino, feral creatures, the Lost survive in pockets of air deep underground, harassing and preying on miners working on Varl. The Lost maintain a great deal of devious cunning even as their rational minds have faded away.",
		"characteristics": {
			"Brawn": 4,
			"Agility": 2,
			"Intellect": 1,
			"Cunning": 3,
			"Willpower": 2,
			"Presence": 1
		},
		"derived": {
			"soak": 5,
			"wounds": 16
		},
		"skills": {
			"Brawl": 2,
			"Coercion": 2,
			"Discipline": 2,
			"Resilience": 5,
			"Vigilance": 2
		},
		"talents": ["Durable 3"],
		"abilities": ["Awkward", "Ponderous"],
		"weapons": [
			{
				"name": "Claws",
				"skill": "Brawl",
				"damage": 4,
				"critical": 2,
				"range": "Engaged"
			},
			{
				"name": "Diseased bite",
				"skill": "Brawl",
				"damage": 5,
				"critical": 4,
				"range": "Engaged",
				"qualities": ["Vicious 4"]
			}
		],
		"tags": ["creature", "species:Hutt", "location:Hutt Space", "book:lonh"]
	},
	{
		"name": "Wampa",
		"type": "Rival",
		"description": "Wampas are the fearsome alpha predators of Hoth. Their shaggy white hair allows these vicious creatures to perfectly blend with Hoth’s snowy landscape so they can sneak up on their prey undetected. Wampas typically dwell in ice caverns formed by underground hot springs nestled within the tundra, venturing out into the open only when hunting for food. Wampas subsist primarily on tauntauns, and they display a surprising degree of intelligence when stalking their prey. Unlike most carnivores, wampas prefer to capture their prey alive and dangle their future meal from the ceiling of their lair until they are ready to dine on fresh meat.",
		"characteristics": {
			"Brawn": 5,
			"Agility": 2,
			"Intellect": 1,
			"Cunning": 3,
			"Willpower": 1,
			"Presence": 1
		},
		"derived": {
			"soak": 6,
			"wounds": 20
		},
		"skills": {
			"Brawl": 3,
			"Resilience": 3,
			"Stealth": 3,
			"Survival": 3
		},
		"talents": ["Stunning Blow"],
		"abilities": ["Camouflaged (Snow)", "Suited to the Cold"],
		"weapons": [
			{
				"name": "Claws",
				"skill": "Brawl",
				"damage": 8,
				"critical": 3,
				"range": "Engaged",
				"qualities": ["Pierce 3", "Vicious 2"]
			}
		],
		"tags": ["creature", "location:Hoth", "book:sor", "book:aaa"]
	},
	{
		"name": "Whaladon",
		"type": "Rival",
		"description": "Whaladons are enormous, cetacean-based marine mammals that live within Mon Cala’s seas. These whalelike creatures, which can reach almost thirty meters in length, are one of the many sentient species of their world. Whaladons have coexisted with Quarren and Mon Calamari for millennia. They main tain an unofficial embassy around the domed city of Aquarius, communicating in songlike calls. Despite whaladons’ sentience, offworlders have been known to hunt them for sport and profit.",
		"characteristics": {
			"Brawn": 6,
			"Agility": 2,
			"Intellect": 2,
			"Cunning": 3,
			"Willpower": 1,
			"Presence": 1
		},
		"derived": {
			"soak": 15,
			"wounds": 50
		},
		"skills": {
			"Athletics": 3,
			"Brawl": 2,
			"Survival": 3,
			"Vigilance": 3
		},
		"talents": ["Adversary 1"],
		"abilities": ["Silhouette 4", "Aquatic Creature"],
		"weapons": [
			{
				"name": "Tail",
				"skill": "Brawl",
				"damage": 15,
				"critical": 5,
				"range": "Engaged",
				"qualities": ["Concussive 1", "Slow-Firing 1"]
			}
		],
		"tags": ["creature", "location:Mon Cala", "book:sor"]
	},
	{
		"name": "Varactyl",
		"type": "Rival",
		"description": "Domesticated and trained by the Utai of Utapau, varactyls are large, four-legged, long-necked reptavians known for their surprising speed and agility. These beasts have been exported for thousands of years, and as such can be found on many different worlds, including in the wilds of Kashyyyk and Belsavis. Varactyls make excellent fast-moving mounts, and have been known to rival the speeds of airspeeders in short sprints, with powerful claws that allow them to climb over many obstacles that would hinder most other mounts.",
		"characteristics": {
			"Brawn": 4,
			"Agility": 5,
			"Intellect": 1,
			"Cunning": 2,
			"Willpower": 1,
			"Presence": 2
		},
		"derived": {
			"soak": 5,
			"wounds": 22
		},
		"skills": {
			"Athletics": 2,
			"Brawl": 2,
			"Perception": 1,
			"Vigilance": 1
		},
		"abilities": ["Silhouette 2", "Glider"],
		"weapons": [
			{
				"name": "Beak",
				"skill": "Brawl",
				"damage": 11,
				"critical": 3,
				"range": "Engaged",
				"qualities": ["Vicious 3"]
			}
		],
		"tags": ["book:sot", "book:ss", "creature", "book:aaa"]
	},
	{
		"name": "Vornskr",
		"type": "Rival",
		"description": "Vornskrs are lanky, canine predators native to the planet Myrkr, but found throughout the galaxy as do mesticated hunting animals, pets, and guards. They use a mild poison in their whiplike tails to stun prey, then kill it with their teeth or claws. Vornskrs are Force-sensitive, a result of hunting prey with Force-sensitivity on their homeworld. A vornskr immediately focuses on any Force-sensitive creatures or individuals in its presence as soon as it senses them, and generally attacks without hesitation. Mercenary Jedi hunters and Imperial Inquisitors have been known to use vornskrs to help ferret out Force-sensitive fugitives.",
		"characteristics": {
			"Brawn": 3,
			"Agility": 3,
			"Intellect": 1,
			"Cunning": 2,
			"Willpower": 2,
			"Presence": 1
		},
		"derived": {
			"soak": 5,
			"wounds": 12,
			"defence": [1, 0]
		},
		"skills": {
			"Athletics": 1,
			"Brawl": 1,
			"Perception": 2,
			"Resilience": 1,
			"Survival": 1,
			"Vigilance": 2
		},
		"abilities": ["Detect Force-Sensitivity", "Force Hunter"],
		"weapons": [
			{
				"name": "Tail",
				"skill": "Brawl",
				"damage": 4,
				"critical": 5,
				"range": "Engaged",
				"qualities": ["Stun 4"]
			},
			{
				"name": "Teeth",
				"skill": "Brawl",
				"damage": 6,
				"critical": 3,
				"range": "Engaged",
				"qualities": ["Vicious 2"]
			}
		],
		"tags": ["creature", "book:fad", "force sensitive"]
	},
	{
		"name": "Vrblther",
		"type": "Minion",
		"description": "Vrblthers are bipedal, carnivorous predators that are distinguished by powerful clawed hands and feet, long tails, and thick leathery hides that range in color from black to dark green to brown. Originally native to Varl, vrblthers were brought to Nar Shaddaa by the Hutts during their emigration to Evocar, the planet that became Nal Hutta. Hutts still make pets of vrblthers, and feral specimens can often be found hunting in packs in the lower reaches of Nar Shaddaa.",
		"characteristics": {
			"Brawn": 4,
			"Agility": 3,
			"Intellect": 1,
			"Cunning": 3,
			"Willpower": 2,
			"Presence": 1
		},
		"derived": {
			"soak": 6,
			"wounds": 9,
			"defence": [1, 1]
		},
		"skills": ["Athletics", "Brawl", "Resilience", "Stealth", "Survival"],
		"abilities": ["Olfactory Perception"],
		"weapons": [
			{
				"name": "Powerful claws",
				"skill": "Brawl",
				"damage": 8,
				"critical": 3,
				"range": "Engaged",
				"qualities": ["Knockdown", "Sunder"]
			}
		],
		"tags": ["creature", "location:Hutt Space", "book:lonh", "book:ss"]
	},
	{
		"name": "Ysalamir",
		"type": "Minion",
		"description": "Ysalamiri evolved on Myrkr, where one of their chief predators was the Force-sensitive, Force-detecting vornskr. As a result, ysalamiri developed an unusual defense: a natural “bubble” around them that negates other creatures’ ability to influence the Force. These docile, tree-dwelling creatures resemble half-meter-long furred lizards and live deep within the forests of Myrkr, where they have claimed the canopy as their own. They are herbivores, feasting on the sap of the trees in which they live, and they use only their teeth to defend themselves if attacked. As a result of their Force-negating abilities, ysalamiri are highly valued as pets and companions by anyone who fears those who use the Force.",
		"characteristics": {
			"Brawn": 1,
			"Agility": 0,
			"Intellect": 1,
			"Cunning": 2,
			"Willpower": 2,
			"Presence": 1
		},
		"derived": {
			"soak": 1,
			"wounds": 2
		},
		"skills": [],
		"abilities": ["Negate Force Powers", "Sessile", "Silhouette 0"],
		"weapons": [
			{
				"name": "Teeth",
				"skill": "Brawl",
				"damage": 1,
				"critical": 5,
				"range": "Engaged"
			}
		],
		"tags": ["creature", "book:fad"]
	},
	{
		"name": "Nexu",
		"type": "Rival",
		"description": "Nexu possess a fearsome appearance, with a huge, toothy maw, four beady eyes, and massive, claw-tipped paws, all backed up by a pair of barbed tail spikes. What’s more, nexu are fully as lethal as their natural armament would suggest, and possess a temperament and instinctive cunning that make them even more greater threats. Although naturally stealthy and elusive, nexu do not lack for ferocity or mettle in a direct fight, and they rarely back down in the face of any threat they encounter. Even when faced with a more ferocious predator, nexu are more likely to attempt to melt away into the underbrush and attack again using stealth to gain an advantage than to simply flee their hunting grounds.",
		"characteristics": {
			"Brawn": 3,
			"Agility": 4,
			"Intellect": 1,
			"Cunning": 3,
			"Willpower": 1,
			"Presence": 1
		},
		"derived": {
			"soak": 3,
			"wounds": 20
		},
		"skills": {
			"Athletics": 3,
			"Brawl": 1,
			"Cool": 2,
			"Stealth": 2,
			"Vigilance": 3
		},
		"abilities": ["Fierce Pounce"],
		"weapons": [
			{
				"name": "Claws",
				"skill": "Brawl",
				"damage": 5,
				"critical": 4,
				"range": "Engaged"
			},
			{
				"name": "Bite",
				"skill": "Brawl",
				"damage": 7,
				"critical": 3,
				"range": "Engaged",
				"qualities": ["Ensnare 1", "Pierce 1"]
			},
			{
				"name": "Tail whip",
				"skill": "Brawl",
				"damage": 4,
				"critical": 4,
				"range": "Engaged"
			}
		],
		"tags": ["creature", "book:btr", "book:ss", "adventure:Beyond the Rim", "book:aaa"]
	}
]