[
	{
		"name": "Roowarra",
		"type": "Rival",
		"characteristics": {
			"Brawn": 4,
			"Agility": 2,
			"Intellect": 1,
			"Cunning": 1,
			"Willpower": 2,
			"Presence": 2
		},
		"derived": {
			"soak": 4,
			"wounds": 17
		},
		"skills": {
			"Athletics": 2,
			"Brawl": 2,
			"Melee": 1,
			"Piloting: Space": 1,
			"Ranged: Heavy": 1,
			"Survival": 2
		},
		"abilities": ["Wookiee Rage"],
		"weapons": ["Bowcaster"],
		"tags": ["adventure:Dead in the Water", "location:Port Tooga", "species:Wookiee", "underworld"]
	},
	{
		"name": "Roowarra’s Crew",
		"type": "Minion",
		"characteristics": {
			"Brawn": 2,
			"Agility": 3,
			"Intellect": 1,
			"Cunning": 2,
			"Willpower": 2,
			"Presence": 1
		},
		"derived": {
			"soak": 2,
			"wounds": 6
		},
		"skills": ["Brawl", "Mechanics", "Perception", "Ranged: Light", "Vigilance"],
		"weapons": ["Heavy blaster pistol"],
		"tags": ["adventure:Dead in the Water", "location:Port Tooga", "underworld"]
	},
	{
		"name": "Captain Shyndi Oglerk",
		"type": "Nemesis",
		"characteristics": {
			"Brawn": 2,
			"Agility": 3,
			"Intellect": 2,
			"Cunning": 4,
			"Willpower": 2,
			"Presence": 3
		},
		"derived": {
			"soak": 2,
			"wounds": 12,
			"strain": 12
		},
		"skills": {
			"Coercion": 1,
			"Cool": 2,
			"Deception": 3,
			"Knowledge: Education": 2,
			"Negotiation": 1,
			"Piloting: Space": 1,
			"Ranged: Light": 2,
			"Skulduggery": 2,
			"Knowledge: Warfare:": 2
		},
		"talents": ["Adversary 1"],
		"weapons": ["Heavy blaster pistol"],
		"gear": ["Datapad"],
		"tags": ["adventure:Dead in the Water", "location:Port Tooga", "underworld"]
	},
	{
		"name": "First Mate Kog",
		"type": "Rival",
		"characteristics": {
			"Brawn": 3,
			"Agility": 2,
			"Intellect": 2,
			"Cunning": 3,
			"Willpower": 3,
			"Presence": 2
		},
		"derived": {
			"soak": 3,
			"wounds": 13
		},
		"skills": {
			"Athletics": 1,
			"Coercion": 2,
			"Cool": 3,
			"Deception": 2,
			"Discipline": 2,
			"Knowledge: Warfare": 3,
			"Leadership": 1,
			"Piloting: Space": 2,
			"Ranged: Light": 2,
			"Skulduggery": 3
		},
		"talents": ["Adversary 1"],
		"weapons": ["Heavy blaster pistol"],
		"gear": ["Datapad"],
		"tags": ["adventure:Dead in the Water", "location:Port Tooga", "underworld"]
	},
	{
		"name": "Captain Hylo Sortuli",
		"type": "Rival",
		"description": "Named for a millennia-old legend of the Mirialan people, Hylo left her homeworld of Mirial at a young age to seek adventure among the stars. She was a part of Cracken’s original crew during the Contruum resistance and helped Cracken steal the *Shadow Raptor*. When Cracken was promoted, she became the captain of the *Shadow Raptor*. She has a pet lizard named Bonebark that always seems inconveniently underfoot.",
		"characteristics": {
			"Brawn": 2,
			"Agility": 2,
			"Intellect": 3,
			"Cunning": 3,
			"Willpower": 2,
			"Presence": 3
		},
		"derived": {
			"soak": 2,
			"wounds": 12
		},
		"skills": {
			"Cool": 2,
			"Knowledge: Warfare": 3,
			"Leadership": 2,
			"Negotiate": 1,
			"Piloting: Space": 2,
			"Ranged: Light": 1
		},
		"talents": ["Adversary 1", "Command"],
		"weapons": ["Heavy blaster pistol"],
		"gear": ["Datapad"],
		"tags": ["adventure:Dead in the Water", "location:Shadow Raptor", "rebel alliance", "species:Mirialan"]
	},
	{
		"name": "Saboteur Medical Droid",
		"type": "Rival",
		"description": "FX-series and 2-1 B medical droids wield a variety of surgical scalpels and syringes filled with useful chemicals for interrogations. These saboteur models have been equipped with a potent anaesthetic injector to deal with organic resistance.",
		"characteristics": {
			"Brawn": 1,
			"Agility": 1,
			"Intellect": 3,
			"Cunning": 1,
			"Willpower": 1,
			"Presence": 1
		},
		"derived": {
			"soak": 3,
			"wounds": 10
		},
		"skills": {
			"Discipline": 1,
			"Medicine": 3,
			"Perception": 2
		},
		"abilities": ["Droid"],
		"weapons": [
			{
				"name": "Vibroscalpel",
				"skill": "Melee",
				"damage": 2,
				"critical": 4,
				"range": "Engaged",
				"qualities": ["Pierce 2", "Vicious 1"]
			},
			{
				"name": "Anaesthetic injector",
				"skill": "Medicine",
				"damage": 8,
				"critical": 5,
				"range": "Engaged",
				"qualities": ["Stun Damage"]
			}
		],
		"gear": ["Built-in diagnostic and surgical tools (count as a medpac as well as a stimpack that can be used once per session)"],
		"tags": ["adventure:Dead in the Water", "location:Shadow Raptor", "species:Droid", "medic"]
	},
	{
		"name": "Saboteur Protocol Droid",
		"type": "Minion",
		"description": "A variety of different protocol droids with upgraded chassis and armed with blaster pistols integrated in hidden compartments. Saboteur protocol droids operate in minion groups of five droids each.",
		"characteristics": {
			"Brawn": 2,
			"Agility": 2,
			"Intellect": 3,
			"Cunning": 1,
			"Willpower": 1,
			"Presence": 2
		},
		"derived": {
			"soak": 4,
			"wounds": 5
		},
		"skills": ["Charm", "Knowledge: Education", "Knowledge: Xenology", "Negotiation", "Perception", "Ranged: Light"],
		"abilities": ["Droid"],
		"weapons": ["Blaster pistol"],
		"tags": ["adventure:Dead in the Water", "location:Shadow Raptor", "species:Droid", "protocol droid"]
	},
	{
		"name": "Saboteur Load Lifter",
		"type": "Minion",
		"description": "Cybot Calactica CLL-series load lifters are capable of bludgeoning enemies with their powerful loading arms or bashing them with large crates and equipment.",
		"characteristics": {
			"Brawn": 5,
			"Agility": 1,
			"Intellect": 1,
			"Cunning": 1,
			"Willpower": 1,
			"Presence": 1
		},
		"derived": {
			"soak": 7,
			"wounds": 20
		},
		"skills": ["Athletics", "Brawl", "Melee"],
		"abilities": ["Droid"],
		"weapons": [
			{
				"name": "Truncheon lifters",
				"skill": "Brawl",
				"damage": 6,
				"critical": 5,
				"range": "Engaged",
				"qualities": ["Disorient 2"]
			},
			{
				"name": "Large improvised weapon",
				"skill": "Melee",
				"damage": 7,
				"critical": 5,
				"range": "Engaged",
				"qualities": ["Cumbersome 4"]
			}
		],
		"gear": [],
		"tags": ["adventure:Dead in the Water", "location:Shadow Raptor", "species:Droid"]
	},
	{
		"name": "Saboteur Astromech",
		"type": "Rival",
		"description": "R2- and R3-series astromech droids with upgraded piloting and gunnery protocols. These droids are capable of slicing computer terminals and repairing damaged machinery. They have an arc welder that they can use as a weapon, though astromech droids flee combat if their protocol escorts are destroyed.",
		"characteristics": {
			"Brawn": 1,
			"Agility": 3,
			"Intellect": 2,
			"Cunning": 2,
			"Willpower": 1,
			"Presence": 1
		},
		"derived": {
			"soak": 3,
			"wounds": 11
		},
		"skills": {
			"Astrogation": 3,
			"Computers": 3,
			"Cool": 2,
			"Gunnery": 2,
			"Mechanics": 2,
			"Piloting: Space": 3
		},
		"abilities": ["Droid"],
		"weapons": ["Arc welder"],
		"gear": ["Built-in repair tools (counts as a tool kit)"],
		"tags": ["adventure:Dead in the Water", "location:Shadow Raptor", "species:Droid", "astromech"]
	},
	{
		"name": "TJ-11, Saboteur Tactical Droid",
		"type": "Nemesis",
		"description": "A T-series tactical droid restored by Imperial Intelligence, TJ-l I was programmed to lead the mission to ship jack the *Shadow Raptor* and discover the location of the Rebel Fleet. TJ-11 is cold and pragmatic to a fault, working its way down a series of preprogrammed objectives and assessing its next move by calculating odds of success.",
		"characteristics": {
			"Brawn": 2,
			"Agility": 1,
			"Intellect": 3,
			"Cunning": 3,
			"Willpower": 2,
			"Presence": 3
		},
		"derived": {
			"soak": 4,
			"wounds": 16,
			"strain": 13,
			"defence": [0, 1]
		},
		"skills": {
			"Coercion": 2,
			"Cool": 2,
			"Leadership": 3,
			"Knowledge: Education": 1,
			"Knowledge: Warfare": 2,
			"Perception": 2,
			"Ranged: Light": 3,
			"Vigilance": 2
		},
		"talents": ["Adversary 2", "Command 2", "Field Commander"],
		"abilities": ["Droid"],
		"weapons": ["Heavy blaster pistol"],
		"gear": ["Comlink", "Datapad"],
		"tags": ["adventure:Dead in the Water", "location:Shadow Raptor", "species:Droid"]
	}
]