[
	{
		"name": "Cybot Galactica K-9 Series Hunting Droid",
		"type": "Rival",
		"characteristics": {
			"Brawn": 2,
			"Agility": 3,
			"Intellect": 1,
			"Cunning": 3,
			"Willpower": 1,
			"Presence": 1
		},
		"derived": {
			"soak": 5,
			"wounds": 9
		},
		"skills": {
			"Brawl": 3,
			"Perception": 3,
			"Stealth": 3,
			"Survival": 3
		},
		"abilities": ["Droid"],
		"weapons": [
			{
				"name": "Teeth and claws",
				"skill": "Brawl",
				"damage": 5,
				"critical": 5,
				"range": "Engaged",
				"qualities": ["Pierce 1"]
			}
		],
		"talents": ["Hunter 2"],
		"gear": ["Built-in Fabritech “Hound” sensor suite (allows the droid to see in dim and dark conditions and to hear sounds far above and below a human’s range of hearing at great distances. Add :boost: to any Perception or Survival checks."],
		"tags": ["species:Droid", "book:eto"]
	},
	{
		"name": "Cybot Galactica/KDY All-Terrain Exploration Droid",
		"type": "Rival",
		"description": "",
		"notes": "",
		"characteristics": {
			"Brawn": 1,
			"Agility": 3,
			"Intellect": 1,
			"Cunning": 3,
			"Willpower": 1,
			"Presence": 2
		},
		"derived": {
			"soak": 4,
			"wounds": 15
		},
		"skills": {
			"Coordination": 2,
			"Perception": 3,
			"Ranged: Heavy": 1,
			"Vigilance": 3

		},
		"abilities": ["Droid"],
		"weapons": [
			{
				"name": "Forward-mounted Blaster",
				"skill": "Ranged: Heavy",
				"damage": 9,
				"critical": 3,
				"range": "Medium",
				"qualities": ["Stun"]
			}
		],
		"talents": ["Outdoorsman 2"],
		"gear": ["Fabritech “Surveyor” mapping and surveying suite (Can create maps of terrain features within ten kilometers, transmit information to ships in orbit, scan through up to fifty meters of earth or rock, and analyze environments for any dangerous conditions. In addition, add :boost::boost: to all Perception and Vigilance checks made by the droid."],
		"tags": ["species:Droid", "book:eto"]
	},
	{
		"name": "Industrial Automaton JC Series Pilot Droid",
		"type": "Rival",
		"description": "",
		"notes": "",
		"characteristics": {
			"Brawn": 1,
			"Agility": 3,
			"Intellect": 2,
			"Cunning": 1,
			"Willpower": 1,
			"Presence": 1
		},
		"derived": {
			"soak": 2,
			"wounds": 5
		},
		"skills": {
			"Cool": 2,
			"Piloting: Planetary": 2,
			"Piloting: Space": 2,
			"Ranged: Light": 1

		},
		"abilities": ["Droid"],
		"talents": ["Full Throttle"],
		"weapons": [
			{
				"name": "Light pop-up blaster",
				"skill": "Ranged: Light",
				"damage": 5,
				"critical": 4,
				"range": "Short",
				"qualities": ["Stun"]
			}
		],
		"tags": ["species:Droid", "book:eto"]
	},
	{
		"name": "Merendata KLC Series Exchequer Droid",
		"type": "Rival",
		"description": "",
		"notes": "",
		"characteristics": {
			"Brawn": 1,
			"Agility": 1,
			"Intellect": 3,
			"Cunning": 1,
			"Willpower": 1,
			"Presence": 3
		},
		"derived": {
			"soak": 2,
			"wounds": 8
		},
		"skills": {
			"Charm": 2,
			"Computers": 2,
			"Cool": 2,
			"Negotiation": 2
		},
		"abilities": ["Droid"],
		"talents": ["Wheel and Deal 2"],
		"gear": ["Mercantile computer with holonet connection (add :boost: to all Negotiation checks while in the Outer Rim and :boost::boost: to Negotiation checks while in the Core)"],
		"tags": ["species:Droid", "book:eto"]
	},
	{
		"name": "87-RM Scout Collector",
		"type": "Rival",
		"description": "87-RM Scout Collector and Wanderer Scout Surveyor",
		"notes": "Sorosuub Corporation",
		"characteristics": {
			"Brawn": 4,
			"Agility": 1,
			"Intellect": 2,
			"Cunning": 1,
			"Willpower": 1,
			"Presence": 1
		},
		"derived": {
			"soak": 2,
			"wounds": 8,
			"defence": [1, 1]
		},
		"skills": {
			"Knowledge: Xenology": 4,
			"Perception": 3
		},
		"abilities": ["Droid", "Silhouette 3", "Hoverer"],
		"gear": ["Cryostage bay"],
		"weapons": [
			{
				"name": "Grapple arms",
				"skill": "Brawl",
				"damage": 6,
				"critical": 5,
				"range": "Engaged",
				"qualities": ["Ensnare 3"]
			}
		],
		"tags": ["species:Droid", "book:eto"]
	},
	{
		"name": "Wanderer Scout Surveyor",
		"type": "Rival",
		"description": "",
		"notes": "Sorosuub Corporation",
		"characteristics": {
			"Brawn": 2,
			"Agility": 4,
			"Intellect": 1,
			"Cunning": 1,
			"Willpower": 1,
			"Presence": 1
		},
		"derived": {
			"soak": 3,
			"wounds": 10
		},
		"skills": {
			"Perception": 3,
			"Ranged: Light": 1,
			"Stealth": 2,
			"Survival": 3
		},
		"abilities": ["Droid", "Hunter 1", "Swift"],
		"gear": ["Cryostage bay"],
		"weapons": [
			{
				"name": "Stun blaster",
				"skill": "Ranged: Light",
				"damage": 8,
				"critical": 0,
				"range": "Short",
				"qualities": ["Disorient 3", "Stun Damage"]
			}
		],
		"tags": ["species:Droid", "book:eto"]
	}
]