[
	{
		"name": "Gamorrean Thugs",
		"type": "Rival",
		"characteristics": {
			"Brawn": 3,
			"Agility": 2,
			"Intellect": 1,
			"Cunning": 1,
			"Willpower": 1,
			"Presence": 1
		},
		"derived": {
			"soak": 3,
			"wounds": 6
		},
		"skills": {
			"Melee": 1
		},
		"weapons": [
			{
				"name": "Cudgel",
				"skill": "Melee",
				"damage": 4,
				"critical": 5,
				"range": "Engaged"
			}
		],
		"tags": ["book:eotebg", "adventure:Escape from Mos Shuuta", "underworld", "thug", "location:Mos Shuuta", "species:Gamorrean"]
	},
	{
		"name": "Vorn Tel-Ovis",
		"type": "Rival",
		"description": "Human male shop owner",
		"characteristics": {
			"Brawn": 2,
			"Agility": 2,
			"Intellect": 2,
			"Cunning": 3,
			"Willpower": 2,
			"Presence": 3
		},
		"derived": {
			"soak": 3,
			"wounds": 10
		},
		"skills": {
			"Discipline": 1,
			"Knowledge: Outer Rim": 2,
			"Mechanics": 1,
			"Negotiation": 1,
			"Vigilance": 1
		},
		"weapons": ["Holdout blaster"],
		"gear": ["Heavy clothing", "Stimpack 1", "Emergency repair kit"],
		"tags": ["book:eotebg", "adventure:Escape from Mos Shuuta", "merchant", "location:Mos Shuuta"]
	},
	{
		"name": "Spaceport Security Droids",
		"type": "Rival",
		"description": "",
		"characteristics": {
			"Brawn": 2,
			"Agility": 2,
			"Intellect": 1,
			"Cunning": 2,
			"Willpower": 1,
			"Presence": 1
		},
		"derived": {
			"soak": 3,
			"wounds": 8
		},
		"skills": {
			"Cool": 0,
			"Discipline": 1,
			"Perception": 0,
			"Ranged: Light": 3,
			"Vigilance": 0
		},
		"weapons": ["Built-in blaster pistol"],
		"abilities": ["Droid"],
		"tags": ["book:eotebg", "adventure:Escape from Mos Shuuta", "security", "location:Mos Shuuta", "species:Droid"]
	},
	{
		"name": "Overseer Brynn",
		"type": "Rival",
		"description": "",
		"characteristics": {
			"Brawn": 2,
			"Agility": 2,
			"Intellect": 2,
			"Cunning": 3,
			"Willpower": 2,
			"Presence": 3
		},
		"derived": {
			"soak": 2,
			"wounds": 10
		},
		"skills": {
			"Cool": 1,
			"Discipline": 1,
			"Perception": 1,
			"Ranged: Light": 1
		},
		"weapons": ["Blaster pistol"],
		"gear": ["Comlink"],
		"tags": ["book:eotebg", "adventure:Escape from Mos Shuuta", "security", "location:Mos Shuuta", "civilian", "spaceport personnel"]
	},
	{
		"name": "Trex, Trandoshan Slaver",
		"type": "Nemesis",
		"description": "",
		"characteristics": {
			"Brawn": 4,
			"Agility": 3,
			"Intellect": 2,
			"Cunning": 3,
			"Willpower": 3,
			"Presence": 2
		},
		"derived": {
			"soak": 5,
			"wounds": 16,
			"strain": 11
		},
		"skills": {
			"Brawl": 1,
			"Cool": 1,
			"Discipline": 1,
			"Mechanics": 3,
			"Negotiation": 1,
			"Perception": 2,
			"Piloting: Space": 1,
			"Ranged: Light": 2,
			"Vigilance": 1
		},
		"weapons": ["Heavy blaster pistol",
				{
				"name": "Trandoshan Claws",
				"skill": "Brawl",
				"damage": 5,
				"critical": 3,
				"range": "Engaged"
				}
			],
		"gear": ["Heavy clothing", "Comlink", "Stimpack", "Emergency repair kit"],
		"tags": ["book:eotebg", "adventure:Escape from Mos Shuuta", "location:Mos Shuuta", "pilot", "slaver", "species:Trandoshan"]
	},
	{
		"name": "Thweek, Kubaz Spy",
		"type": "Rival",
		"characteristics": {
			"Brawn": 2,
			"Agility": 3,
			"Intellect": 3,
			"Cunning": 4,
			"Willpower": 2,
			"Presence": 2
		},
		"derived": {
			"soak": 4,
			"wounds": 12
		},
		"skills": {
			"Brawl": 1,
			"Coordination": 1,
			"Perception": 2,
			"Piloting: Space": 1,
			"Ranged: Light": 1,
			"Survival": 2,
			"Vigilance": 2
		},
		"weapons": ["Heavy blaster pistol"],
		"gear": ["Laminate armour (+2 Soak)", "Electrobinoculars"],
		"tags": ["adventure:Long Arm of the Hutt", "species:Kubaz", "underworld", "spy"]
	},
	{
		"name": "Bounty Hunters",
		"type": "Rival",
		"notes": "The Blaster Rifle is for the Gand member of the bounty hunter group.",
		"characteristics": {
			"Brawn": 2,
			"Agility": 3,
			"Intellect": 2,
			"Cunning": 2,
			"Willpower": 2,
			"Presence": 2
		},
		"derived": {
			"soak": 5,
			"wounds": 13
		},
		"skills": {
			"Brawl": 1,
			"Coercion": 1,
			"Coordination": 1,
			"Ranged: Light": 1,
			"Ranged: Heavy": 1,
			"Survival": 2,
			"Vigilance": 1
		},
		"weapons": ["Heavy blaster pistol", "Blaster rifle"],
		"talents": [
				{
				"name": "Lethal Blow 1",
				"description": "The first Critical Injury inflicted by a Journeyman Bounty Hunter per day counts as 2 Critical Injuries to the target."
				}
			],
		"gear": ["Flight suit"],
		"tags": ["adventure:Long Arm of the Hutt", "bounty hunter", "location:Ryloth"]
	},
	{
		"name": "Human and Aqualish thugs",
		"type": "Minion",
		"characteristics": {
			"Brawn": 3,
			"Agility": 2,
			"Intellect": 2,
			"Cunning": 2,
			"Willpower": 1,
			"Presence": 1
		},
		"derived": {
			"soak": 3,
			"wounds": 6
		},
		"skills": ["Brawl", "Coercion", "Melee", "Ranged: Light"],
		"weapons": ["Blaster pistol", "Brass knuckles"],
		"tags": ["adventure:Long Arm of the Hutt", "thug", "location:Ryloth", "underworld"]
	},
	{
		"name": "Angu Drombb",
		"type": "Rival",
		"characteristics": {
			"Brawn": 2,
			"Agility": 3,
			"Intellect": 2,
			"Cunning": 2,
			"Willpower": 2,
			"Presence": 3
		},
		"derived": {
			"soak": 3,
			"wounds": 14
		},
		"skills": {
			"Brawl": 1,
			"Coercion": 1,
			"Melee": 1,
			"Ranged: Light": 1
		},
		"weapons": ["Blaster pistol", "Brass knuckles"],
		"talents": [
				{
				"name": "Lethal Blow 1",
				"description": "The first Critical Injury inflicted per day counts as 2 Critical Injuries to the target."
				}
			],
		"gear": ["Flight suit"],
		"tags": ["adventure:Long Arm of the Hutt", "thug", "location:Ryloth", "underworld"]
	},
	{
		"name": "Geonosian Soldier",
		"type": "Rival",
		"characteristics": {
			"Brawn": 3,
			"Agility": 3,
			"Intellect": 2,
			"Cunning": 2,
			"Willpower": 2,
			"Presence": 2
		},
		"derived": {
			"soak": 5,
			"wounds": 8
		},
		"skills": {
			"Brawl": 1,
			"Ranged: Light": 1
		},
		"weapons": [
			{
				"name": "Geonosian heavy blaster pistol",
				"skill": "Ranged: Light",
				"damage": 7,
				"critical": 2,
				"range": "Medium",
				"qualities": ["Stun Setting"]
			}
		],
		"gear": ["Carapace armour (+2 Soak)"],
		"tags": ["adventure:Long Arm of the Hutt", "location:Geonosis", "security", "species:Geonosian"]
	},
	{
		"name": "Vrixx’tt",
		"type": "Rival",
		"notes": "Gand Findsman",
		"characteristics": {
			"Brawn": 3,
			"Agility": 4,
			"Intellect": 2,
			"Cunning": 3,
			"Willpower": 2,
			"Presence": 2
		},
		"derived": {
			"soak": 5,
			"wounds": 13
		},
		"skills": {
			"Brawl": 1,
			"Coercion": 1,
			"Coordination": 1,
			"Ranged: Heavy": 1,
			"Ranged: Light": 1,
			"Survival": 2,
			"Vigilance": 1
		},
		"weapons": [
			{
				"name": "Geonosian blaster rifle",
				"skill": "Ranged: Heavy",
				"damage": 9,
				"critical": 2,
				"range": "Long",
				"qualities": ["Stun Setting"]
			}
		],
		"talents": [
				{
				"name": "Lethal Blow 1",
				"description": "The first Critical Injury inflicted per day counts as 2 Critical Injuries to the target."
				}
			],
		"gear": ["binders"],
		"tags": ["adventure:Long Arm of the Hutt", "location:Geonosis", "bounty hunter", "species:Gand"]
	},
	{
		"name": "Gamorrean Guard",
		"type": "Rival",
		"characteristics": {
			"Brawn": 4,
			"Agility": 3,
			"Intellect": 1,
			"Cunning": 1,
			"Willpower": 1,
			"Presence": 1
		},
		"derived": {
			"soak": 4,
			"wounds": 8
		},
		"skills": {
			"Melee": 2
		},
		"weapons": [
			{
				"name": "Crude Gamorrean vibro-ax",
				"skill": "Melee",
				"plus-damage": 3,
				"critical": 2,
				"range": "Engaged",
				"qualities": ["Pierce 2"]
			}
		],
		"tags": ["adventure:Long Arm of the Hutt", "underworld", "thug", "location:Mos Shuuta", "species:Gamorrean", "security", "book:aaa"]
	}
]