[
	{
		"name": "Nel Henol",
		"type": "Rival",
		"description": "An enthusiastic, practiced bargainer and negotiator, Nel Henol is always pushing a new service or sale to her customers. She’s also on the Gorensla payroll, acting as the kajidic’s eyes and ears for any unusual activity at Bog Bay.",
		"characteristics": {
			"Brawn": 1,
			"Agility": 1,
			"Intellect": 3,
			"Cunning": 3,
			"Willpower": 3,
			"Presence": 1
		},
		"derived": {
			"soak": 2,
			"wounds": 10
		},
		"skills": {
			"Charm": 2,
			"Deception": 2,
			"Knowledge: Underrworld": 2,
			"Negotiation": 2,
			"Perception": 2
		},
		"talents": ["Congenial"],
		"abilities": ["Hoverer", "Silhouette 0"],
		"weapons": ["Holdout blaster"],
		"gear": ["Heavy clothing (+1 Soak)", "Comlink (handheld)", "Datapad"],
		"tags": ["adventure:Ghosts of Dathomir", "book:god", "species:Toydarian", "location:Toydaria", "location:Riar"]
	},
	{
		"name": "Riar Royal Guard",
		"type": "Minion",
		"description": "Local Royal Guard Patrol Officers monitor Bog Bay for criminal activities. Though not as elite as the ones in Toydor, they can be formidable against the local criminal element. One of their most important duties is to ensure that the flight restrictions in the area are followed; they are notoriously uncompromising concerning any violations they find.",
		"characteristics": {
			"Brawn": 2,
			"Agility": 4,
			"Intellect": 2,
			"Cunning": 2,
			"Willpower": 3,
			"Presence": 2
		},
		"derived": {
			"soak": 3,
			"wounds": 5
		},
		"skills": ["Coercion", "Melee", "Perception", "Ranged: Light", "Vigilance"],
		"talents": [],
		"abilities": ["Hoverer", "Silhouette 0"],
		"weapons": ["Blaster pistol", "Truncheon"],
		"gear": ["Royal guard armour (+1 Soak)", "Comlink (handheld)"],
		"tags": ["adventure:Ghosts of Dathomir", "book:god", "species:Toydarian", "location:Toydaria", "location:Riar", "security"]
	},
	{
		"name": "Toydarian Infochant",
		"type": "Rival",
		"description": "The PCs might wish to confer with a local infochant to gain information concerning Walisi or the statue. Several are in the Bog Bay area. Developing one or more as well-paid contacts could not only gain the PCs a valuable resource but also help establish a false pretence if they are using aliases as part of their hunt.",
		"characteristics": {
			"Brawn": 1,
			"Agility": 1,
			"Intellect": 2,
			"Cunning": 2,
			"Willpower": 3,
			"Presence": 3
		},
		"derived": {
			"soak": 2,
			"wounds": 10
		},
		"skills": {
			"Charm": 2,
			"Cool": 2,
			"Deception": 3,
			"Knowledge: Underworld": 3,
			"Negotiation": 2,
			"Perception": 3,
			"Streetwise": 3
		},
		"talents": ["Natural Negotiator", "Nobody’s Fool 2"],
		"abilities": ["Hoverer", "Silhouette 0"],
		"weapons": ["Holdout blaster"],
		"gear": ["Heavy clothing (+1 Soak)", "Comlink (handheld)", "Datapad"],
		"tags": ["adventure:Ghosts of Dathomir", "book:god", "species:Toydarian", "location:Toydaria", "location:Riar", "infochant"]
	},
	{
		"name": "RT-3PO",
		"type": "Rival",
		"description": "Brought on to aid in translations and negotiations, RT-3PO has excelled especially in running Walisi’s auctions. It is loyal and competent but scarcely a fighter, and it was lucky not to have been seriously damaged in the attack.",
		"notes": "Suffering 4 Wounds, malfunctioning visual system (photoreceptors).",
		"characteristics": {
			"Brawn": 1,
			"Agility": 1,
			"Intellect": 3,
			"Cunning": 1,
			"Willpower": 1,
			"Presence": 2
		},
		"derived": {
			"soak": 3,
			"wounds": 10
		},
		"skills": {
			"Charm": 2,
			"Knowledge: Education": 3,
			"Knowledge: Xenology": 3,
			"Negotiation": 2,
			"Perception": 1
		},
		"abilities": ["Droid", "Etiquette and Protocol"],
		"gear": ["Comlink", "Datapad"],
		"tags": ["adventure:Ghosts of Dathomir", "book:god", "species:Droid", "location:Toydaria", "location:Riar"]
	},
	{
		"name": "Cleaning Droid",
		"type": "Minion",
		"description": "Walisi purchased a series of these droids some time ago. He has since upgraded them regularly to ensure they properly maintain his establishment without damaging and of his items through overzealous dusting or improperly applied cleaning liquids.",
		"characteristics": {
			"Brawn": 2,
			"Agility": 2,
			"Intellect": 1,
			"Cunning": 1,
			"Willpower": 1,
			"Presence": 1
		},
		"derived": {
			"soak": 2,
			"wounds": 3
		},
		"skills": ["Melee", "Perception", "Ranged: Light"],
		"talents": [],
		"abilities": ["Droid", "Silhouette 0"],
		"weapons": [
			{
				"name": "Two built-in scrubber tentacles",
				"skill": "Melee",
				"damage": 2,
				"critical": 5,
				"range": "Engaged",
				"qualities": ["Ensnare 1"]
			},
			{
				"name": "Built-in cleaning spray hose",
				"skill": "Ranged: Light",
				"damage": null,
				"critical": null,
				"range": "Short",
				"qualities": ["Disorient 1", "Knockdown"],
				"notes": "Disorient can be activated if sprayed in the target’s eyes.\n\nKnockdown can be activated if sprayed on the floor, in which case the cleaning fluid remains on the floor for the rest of the encounter causing all characters in the area to make a :hard: Coordination check or fall prone."
			}
		],
		"gear": [],
		"tags": ["adventure:Ghosts of Dathomir", "book:god", "species:Droid", "location:Toydaria", "location:Riar"]
	},
	{
		"name": "Wrecker",
		"type": "Nemesis",
		"description": "One of the more prominent mercenaries operating in the region, Wrecker styles himself as more than just a cheap tough. Lately, he has been branching out into information brokering. Although the bulk of his credits still come from violence — like the theft and kidnapping the PCs are investigating — he knows time catches up with everyone, and that he needs to shift to a less physical line of work at some point if he wants to maintain his power base.",
		"characteristics": {
			"Brawn": 3,
			"Agility": 2,
			"Intellect": 2,
			"Cunning": 4,
			"Willpower": 3,
			"Presence": 4
		},
		"derived": {
			"soak": 4,
			"wounds": 10,
			"strain": 15,
			"defence": [1, 1]
		},
		"skills": {
			"Brawl": 2,
			"Charm": 2,
			"Cool": 2,
			"Deception": 3,
			"Knowledge: Underworld": 3,
			"Leadership": 3,
			"Negotiation": 1,
			"Perception": 2,
			"Ranged: Light": 3,
			"Streetwise": 1,
			"Vigilance": 2
		},
		"talents": ["Adversary 2", "Nobody’s Fool 2"],
		"abilities": ["Hoverer", "Silhouette 0"],
		"weapons": ["Heavy blaster pistol"],
		"gear": ["Armoured clothing (+1 Soak, +1 Defence)", "Comlink", "Datapad"],
		"tags": ["adventure:Ghosts of Dathomir", "book:god", "species:Toydarian", "location:Toydaria", "location:Riar", "underworld"]
	},
	{
		"name": "Toydarian Agent",
		"type": "Rival",
		"description": "Jerserra has a small group of agents of Toydaria. Its members keep a low profile due to the Hutt operations here. Led by “Boss” Trelon, the group was an almost-forgotten part of her growing power base until one of its members reported news of the auction. Immediately recognising the shard within the satue, Jerserra ordered the agents to arrange to retrieve it and kidnap its seller. Now, they hold Walisi and *Tragic Hope*, awaiting her arrival.\n\nThe GM can use the following profile as needed for Loorek, Ileon, or any of the other local Toydarians who server Jerserra on this world.",
		"characteristics": {
			"Brawn": 2,
			"Agility": 3,
			"Intellect": 2,
			"Cunning": 3,
			"Willpower": 2,
			"Presence": 2
		},
		"derived": {
			"soak": 3,
			"wounds": 8,
			"defence": [1, 0]
		},
		"skills": {
			"Brawl": 1,
			"Coercion": 2,
			"Computers": 1,
			"Deception": 2,
			"Knowledge: Underworld": 2,
			"Perception": 3,
			"Ranged: Light": 2,
			"Streetwise": 2,
			"Vigilance": 2

		},
		"talents": [],
		"abilities": ["Hoverer", "Silhouette 0"],
		"weapons": ["Blaster pistol"],
		"gear": ["Heavy clothing (+1 Soak)", "Secure comlink"],
		"tags": ["adventure:Ghosts of Dathomir", "book:god", "species:Toydarian", "location:Toydaria", "location:Riar", "jerserra’s gang", "underworld"]
	},
	{
		"name": "Walisi",
		"type": "Nemesis",
		"description": "Walisi has run his shop for years now, slowly rising in influence across Toydaria and becoming known at an interstellar level. Though he has been somewhat concerned about how much power the Gorensla kajidic has over him, so far the arrangement has been mutually profitable. He had anticipated that the auction of *Tragic Hope* would be his grandest achievement yet, but he was quite unprepared for the unwanted attention it brought — perhaps enough to make the statue his final acquisition.",
		"notes": "Suffering 7 Wounds, 6 Strain, and 7 Critical Injuries.",
		"characteristics": {
			"Brawn": 1,
			"Agility": 1,
			"Intellect": 2,
			"Cunning": 3,
			"Willpower": 3,
			"Presence": 4
		},
		"derived": {
			"soak": 1,
			"wounds": 10,
			"strain": 15
		},
		"skills": {
			"Charm": 3,
			"Cool": 2,
			"Deception": 3,
			"Knowledge: Education": 3,
			"Knowledge: Underworld": 3,
			"Negotiation": 4,
			"Perception": 3,
			"Streetwise": 1
		},
		"talents": ["Natural Negotiator", "Nobody’s Fool 2"],
		"abilities": ["Hoverer", "Silhouette 0"],
		"gear": ["Panic recall button"],
		"tags": ["adventure:Ghosts of Dathomir", "book:god", "species:Toydarian", "location:Toydaria", "location:Riar"]
	},
	{
		"name": "Preelos Consortium Customised Security Droid",
		"type": "Rival",
		"description": "These droids are deployed throughout the mansion and normally they are quite effective in maintaining security. When faced with the superior firepower that the Gorensla enforcers bring to bear at the start of their brash attack, however, they are little more than a distraction. On the other hand, later on, as the Gorensla forces are thinned, these droids could help turn the tide.",
		"characteristics": {
			"Brawn": 3,
			"Agility": 3,
			"Intellect": 2,
			"Cunning": 3,
			"Willpower": 1,
			"Presence": 2
		},
		"derived": {
			"soak": 5,
			"wounds": 13,
			"defence": [0, 1]
		},
		"skills": {
			"Cool": 1,
			"Perception": 3,
			"Ranged: Light": 2,
			"Stealth": 2,
			"Survival": 2,
			"Vigilance": 2
		},
		"abilities": ["Droid", "Hoverer"],
		"weapons": [
			{
				"name": "Built-in blaster",
				"skill": "Ranged: Light",
				"damage": 8,
				"critical": 3,
				"range": "Medium",
				"qualities": ["Stun Setting"]
			},
			{
				"name": "Net gun",
				"skill": "Ranged: Light",
				"damage": null,
				"critical": null,
				"range": "Short",
				"qualities": ["Ensnare 3", "Knockdown", "Limited Ammo 1"]
			}
		],
		"gear": ["Built-in comlink"],
		"tags": ["adventure:Ghosts of Dathomir", "book:god", "species:Droid", "location:Toydaria", "location:Merchant-Baron’s Mansion"]
	},
	{
		"name": "ISB Security Droid",
		"type": "Rival",
		"description": "Jerserra’s agents earlier stole and reprogrammed these more advanced and dangerous ISB model to patrol the mansion as well. They more than make up for their lower numbers with superior firepower and armour plating.",
		"characteristics": {
			"Brawn": 4,
			"Agility": 2,
			"Intellect": 2,
			"Cunning": 3,
			"Willpower": 1,
			"Presence": 1
		},
		"derived": {
			"soak": 6,
			"wounds": 14,
			"defence": [0, 1]
		},
		"skills": {
			"Cool": 2,
			"Perception": 3,
			"Ranged: Heavy": 3,
			"Stealth": 3,
			"Survival": 1,
			"Vigilance": 3
		},
		"abilities": ["Droid", "Hoverer"],
		"weapons": [
			{
				"name": "Built-in light repeating blaster",
				"skill": "Ranged: Heavy",
				"damage": 11,
				"critical": 3,
				"range": "Long",
				"qualities": ["Auto-Fire", "Pierce 1"]
			}
		],
		"gear": ["Armour plating (+1 Soak)", "Built-in comlink"],
		"tags": ["adventure:Ghosts of Dathomir", "book:god", "species:Droid", "location:Toydaria", "location:Merchant-Baron’s Mansion", "empire", "imperial security bureau"]
	},
	{
		"name": "Gorensla Weequay Enforcer",
		"type": "Minion",
		"description": "The Gorensla kajidic has many blasters-for-hire on its payroll. Most don’t survive their first assignment, but there are always more to be found. The clan uses Weequay enforcers quite often, some of whom have already been operating as bounty hunters or bodyguards.",
		"characteristics": {
			"Brawn": 3,
			"Agility": 2,
			"Intellect": 2,
			"Cunning": 2,
			"Willpower": 2,
			"Presence": 2
		},
		"derived": {
			"soak": 4,
			"wounds": 8
		},
		"skills": ["Athletics", "Brawl", "Melee", "Ranged: Heavy"],
		"talents": [],
		"abilities": ["Pheromone Communication"],
		"weapons": ["Blaster carbine", "Vibroknife"],
		"gear": ["Heavy clothing (+1 Soak)"],
		"tags": ["adventure:Ghosts of Dathomir", "book:god", "species:Weequay", "location:Toydaria", "location:Merchant-Baron’s Mansion", "underworld", "thug"]
	},
	{
		"name": "Pravon, Gorensla Lieutenant",
		"type": "Rival",
		"description": "Pravon has led one of the Gorensla’ primary enforcer groups for only a few months, and he is eager to prove himself worthy of even higher advancement. He has extensive cybernetics, including an artificial voice box. This allows Pravon to be even louder than he was before, something he uses effectively to goad his fellow Weequay into even greater acts of violence against the kajidic’s enemies.",
		"characteristics": {
			"Brawn": 4,
			"Agility": 2,
			"Intellect": 2,
			"Cunning": 3,
			"Willpower": 2,
			"Presence": 2
		},
		"derived": {
			"soak": 5,
			"wounds": 15
		},
		"skills": {
			"Brawl": 2,
			"Coercion": 2,
			"Deception": 2,
			"Perception": 2,
			"Ranged: Heavy": 2,
			"Streetwise": 2,
			"Vigilance": 2
		},
		"talents": ["Adversary 1"],
		"abilities": ["Pheromone Communication"],
		"weapons": ["Blaster carbine", "Vibroknife"],
		"gear": ["Heavy clothing (+1 Soak)", "Comlink", "Cybernetic voice box"],
		"tags": ["adventure:Ghosts of Dathomir", "book:god", "species:Weequay", "location:Toydaria", "location:Merchant-Baron’s Mansion", "underworld", "thug"]
	},
	{
		"name": "“Boss” Trelon",
		"type": "Nemesis",
		"description": "Trelon has gone by “Boss” since Jerserra assigned him as commander of her smuggling/information-gathering group on Toydaria, and he has lived up to the nickname. He’s developed a wide net of informants through intimidation and blackmail in order to further her cause (and his own). While loyal to Jerserra, he’s also ambitious. He hopes to impress her enough with his work that she advances him to greater power within her operation.",
		"characteristics": {
			"Brawn": 2,
			"Agility": 2,
			"Intellect": 3,
			"Cunning": 4,
			"Willpower": 3,
			"Presence": 3
		},
		"derived": {
			"soak": 3,
			"wounds": 10,
			"strain": 15,
			"defence": [1, 0]
		},
		"skills": {
			"Brawl": 1,
			"Charm": 2,
			"Coercion": 2,
			"Deception": 2,
			"Discipline": 2,
			"Knowledge: Underworld": 3,
			"Perception": 3,
			"Ranged: Light": 2,
			"Streetwise": 2,
			"Vigilance": 2
		},
		"talents": ["Adversary 1"],
		"abilities": ["Hoverer", "Silhouette 0"],
		"weapons": ["Heavy blaster pistol"],
		"gear": ["Heavy clothing (+1 Soak)", "Secure comlink"],
		"tags": ["adventure:Ghosts of Dathomir", "book:god", "species:Toydarian", "location:Toydaria", "location:Merchant-Baron’s Mansion", "underworld", "jerserra’s gang"]
	},
	{
		"name": "Jerserra’s Mercenary",
		"type": "Minion",
		"description": "Over the years, Jerserra has gathered many unsavoury types from a variety of Outer Rim species to her side. Most are in it simply for the credits, but some feel she is more than just another merc leader. She has vision, and aiding her can only lead to powerful roles for themselves in the future she is building.",
		"notes": "Armed with either a blaster carbine or a vibro-ax.",
		"characteristics": {
			"Brawn": 3,
			"Agility": 2,
			"Intellect": 2,
			"Cunning": 2,
			"Willpower": 1,
			"Presence": 2
		},
		"derived": {
			"soak": 4,
			"wounds": 5
		},
		"skills": ["Athletics", "Cool", "Discipline", "Melee", "Piloting: Planetary", "Ranged: Heavy", "Ranged: Light"],
		"weapons": ["Heavy blaster pistol", "Blaster carbine", "Vibro-ax"],
		"gear": ["Heavy clothing (+1 Soak)"],
		"tags": ["adventure:Ghosts of Dathomir", "book:god", "location:Toydaria", "location:Merchant-Baron’s Mansion", "mercenary", "jerserra’s gang"]
	},
	{
		"name": "Jerserra (Early)",
		"type": "Nemesis",
		"description": "It’s been many years since she left Dathomir, but Jerserra never forgot the legends of the Nardithi. Through her recent Force visions from the shard she possesses, she feels sure that finally she has found a link that will reveal the resting place of the lost cluster.",
		"characteristics": {
			"Brawn": 4,
			"Agility": 3,
			"Intellect": 3,
			"Cunning": 3,
			"Willpower": 3,
			"Presence": 5
		},
		"derived": {
			"soak": 5,
			"wounds": 24,
			"strain": 23
		},
		"skills": {
			"Athletics": 2,
			"Brawl": 2,
			"Charm": 2,
			"Coercion": 2,
			"Cool": 1,
			"Deception": 2,
			"Discipline": 3,
			"Leadership": 2,
			"Lightsaber": 3,
			"Perception": 3,
			"Piloting: Planetary": 2,
			"Ranged: Light": 3,
			"Vigilance": 2,
			"Knowledge: Core Worlds": 2,
			"Knowledge: Education": 2,
			"Knowledge: Lore": 2,
			"Knowledge: Outer Rim": 2,
			"Knowledge: Underworld": 2,
			"Knowledge: Warfare": 2,
			"Knowledge: Xenology": 2
		},
		"talents": ["Adversary 3", "Force Rating 3", "Parry 4", "Scathing Tirade (Improved)"],
		"abilities": [
			"Darkside Force User",
			{
				"name": "Force Power: Jerserra’s Influence",
				"description": "Jerserra may spend :forcepip: and target one character within Short range. That character must immediately make an :average: fear check as an out-of-turn Incidental. If the target suffers Strain as a result of that fear check, she recovers from an equal amount of Strain. She may also spend :forcepip: to extend the power’s range to Medium."
			},
			{
				"name": "Force Power: Move",
				"description": "Jerserra may spend :forcepip: to move one Silhouette 0 object within Short range to another location within Short range. She can spend :forcepip: to increase range one band, spend :forcepip: to increase Silhouette movable to 1, and spend :forcepip: to increase number of objects movable at one time by one (to a maximum of two). Jerserra can hurl objects by making a Move Force power check and rolling a ranged attack as part of the pool. The attack’s difficulty is equal to the Silhouette of the object being thrown and only succeeds if she can spend enough :forcepip: to move the object. The attack deals damage equal to the Silhouette of the object times 10 (Silhouette 0 deals 5 damage) plus one per :success:. To throw multiple objects, she must generate enough :forcepip: to move multiple objects, and must use rules for Auto-Fire to determine difficulty and targeting."
			},
			{
				"name": "Force Power: Unleash",
				"description": "Jerserra makes a Force power check and targets one enemy at Short range, and rolls a ranged attack as part of the pool, using an :average: Discipline check instead of normal difficulty. If the check is successful and generates :forcepip::forcepip: the attack deals 3 damage with a critical rating of 4, plus 1 additional damage per :success:. May spend :forcepip: to increase damage by 2, and :forcepip: to increase range to Medium."
			}
		],
		"weapons": [
			"Inquisitor lightsaber",
			"Inquisitor lightsaber (dual-blade)",
			"Inquisitor lightsaber (spin)",
			{
				"name": "Unleash",
				"skill": "Discipline",
				"damage": 3,
				"critical": 4,
				"range": "Short",
				"notes": "May spend :forcepip: to increase damage by 2 and :forcepip: to increase range to Medium."
			}
		],
		"gear": ["Heavy clothing (+1 Soak)", "Secure comlink"],
		"tags": ["adventure:Ghosts of Dathomir", "book:god", "nightsister", "force sensitive", "darkside"]
	},
	{
		"name": "Irrica the Hutt",
		"type": "Nemesis",
		"description": "Irrica’s life on Toydaria is near perfect. As Gorensla’s leader in Riar, she enjoys a great deal of power, albeit on the local stage. The ongoing rivalry with the Desilijic kajidic, however, has reached an intolerable level; she has started to see Desilijic’s machinations (whether real or imagined) in each recent setback and failure.",
		"characteristics": {
			"Brawn": 6,
			"Agility": 1,
			"Intellect": 4,
			"Cunning": 6,
			"Willpower": 5,
			"Presence": 3
		},
		"derived": {
			"soak": 10,
			"wounds": 30,
			"strain": 20
		},
		"skills": {
			"Charm": 2,
			"Coercion": 4,
			"Cool": 4,
			"Deception": 5,
			"Discipline": 5,
			"Knowledge: Outer Rim": 3,
			"Knowledge: Underworld": 3,
			"Leadership": 1,
			"Melee": 1,
			"Negotiation": 5,
			"Perception": 3,
			"Ranged: Light": 2,
			"Resilience": 8,
			"Streetwise": 1
		},
		"talents": ["Adversary 2", "Confidence 2", "Durable 3", "Natural Negotiator", "Nobody’s Fool 3"],
		"abilities": ["Awkward", "Ponderous"],
		"weapons": ["Blaster pistol"],
		"gear": ["Other equipment available from kajidic upon demand"],
		"tags": ["adventure:Ghosts of Dathomir", "book:god", "species:Hutt", "location:Toydaria", "location:Riar", "underworld"]
	},
	{
		"name": "Grax and Gremka",
		"type": "Rival",
		"description": "Twin Toydarians from a village outside of Arnel, Grax and Gremka work mostly as annra farmers, but they ave made a side operation out of leading expeditions into the surrounding swamplands. Their rapid-fire negotiating style, whereby they seem to argue more with each other than actually haggle over their fees as guides, is often very effective with those unprepared for their act.",
		"characteristics": {
			"Brawn": 2,
			"Agility": 2,
			"Intellect": 2,
			"Cunning": 2,
			"Willpower": 3,
			"Presence": 3
		},
		"derived": {
			"soak": 3,
			"wounds": 11
		},
		"skills": {
			"Athletics": 2,
			"Brawl": 1,
			"Charm": 1,
			"Negotiation": 2,
			"Perception": 1,
			"Piloting: Planetary": 2,
			"Ranged: Heavy": 1
		},
		"abilities": [
			"Hoverer", "Silhouette 0",
			{
				"name": "Twin Negotiators",
				"description": "When working together, can spend :advantage::advantage: to add automatic :success: or :threat::threat: to add automatic :failure: when making opposed social checks."
			}
		],
		"weapons": ["Blaster rifle"],
		"gear": ["Heavy clothing (+1 Soak)", "Comlink (handheld)", "Macrobinoculars", "Stimpack", "Tool belt"],
		"tags": ["adventure:Ghosts of Dathomir", "book:god", "species:Toydarian", "location:Toydaria"]
	},
	{
		"name": "Siluuk Eel",
		"type": "Rival",
		"description": "A valued source of food, these snakelike fish range from one to eight metres in length and have glowing rings running the length of their bodies. Farmers in Arnel grow and harvest them in huge numbers for local sale and shipment off-world. Tending is an athletic endeavour, as the eels fight the farmers each step of the process, often by leaping several metres out of the water to snap at one of the hovering Toydarians.\n\nSiluuk Eels can be found in a variety of sizes depending on their maturity, but all can be aggressive regardless of their size.",
		"characteristics": {
			"Brawn": 2,
			"Agility": 3,
			"Intellect": 1,
			"Cunning": 2,
			"Willpower": 1,
			"Presence": 1
		},
		"derived": {
			"soak": 2,
			"wounds": 10
		},
		"skills": {
			"Athletics": 1,
			"Brawl": 3
		},
		"abilities": [
			{
				"name": "Siluuk Glow",
				"description": "In darkness, emits a phosphorescent glow that can be as illuminating as a bright light."
			}
		],
		"weapons": [
			{
				"name": "Teeth",
				"skill": "Brawl",
				"damage": 9,
				"critical": 4,
				"range": "Engaged"
			}
		],
		"gear": [],
		"tags": ["adventure:Ghosts of Dathomir", "book:god", "location:Toydaria", "creature"]
	},
	{
		"name": "Yeel Dresk",
		"type": "Rival",
		"description": "Yeel has seen his triumphant sale of *Tragic Hope* turn from riches in credits to a ruin of a crashed starship. As his lack of repair skills is matched only by his stubbornness, he has yet to leave the planet. Now stranded in a roaring river as flood waters rise, Yeel is beginning to feel that perhaps he might finally be amenable to outside help.",
		"characteristics": {
			"Brawn": 2,
			"Agility": 3,
			"Intellect": 2,
			"Cunning": 2,
			"Willpower": 3,
			"Presence": 3
		},
		"derived": {
			"soak": 2,
			"wounds": 12
		},
		"skills": {
			"Charm": 1,
			"Coercion": 1,
			"Cool": 1,
			"Knowledge: Education": 1,
			"Knowledge: Underworld": 1,
			"Negotiation": 1,
			"Perception": 1,
			"Piloting: Space": 2,
			"Ranged: Light": 1
		},
		"weapons": [
			{
				"name": "Duelist blaster pistol",
				"skill": "Ranged: Light",
				"damage": 5,
				"critical": 4,
				"range": "Short",
				"qualities": ["Accurate 2", "Stun Setting"]
			}
		],
		"gear": ["Other equipment aboard the Tireless Wanderer"],
		"tags": ["adventure:Ghosts of Dathomir", "book:god", "location:Toydaria", "civilian"]
	},
	{
		"name": "ISB Agent Lorn Bal",
		"type": "Nemesis",
		"description": "Bal has never enjoyed his assignment on Toydaria, as Hutt domination there means he cannot wield Imperial power as fully as he would desire. Faced with the opportunity to pursue someone he believes to be associated with the mysterious mercenary under ISB scrutiny, Bal is eager to deploy his forces far from Hutt attention and to grab Dresk and anyone with him for interrogation.",
		"characteristics": {
			"Brawn": 3,
			"Agility": 3,
			"Intellect": 3,
			"Cunning": 3,
			"Willpower": 3,
			"Presence": 3
		},
		"derived": {
			"soak": 4,
			"wounds": 12,
			"strain": 15
		},
		"skills": {
			"Brawl": 2,
			"Charm": 2,
			"Coercion": 2,
			"Cool": 2,
			"Deception": 2,
			"Discipline": 2,
			"Knowledge: Education": 1,
			"Knowledge: Underworld": 3,
			"Piloting: Planetary": 1,
			"Perception": 3,
			"Ranged: Heavy": 2,
			"Streetwise": 2,
			"Vigilance": 2
		},
		"talents": ["Adversary 2"],
		"weapons": ["Blaster carbine"],
		"gear": ["Heavy clothing (+1 Soak)", "Secure comlink"],
		"tags": ["adventure:Ghosts of Dathomir", "book:god", "location:Toydaria", "empire", "imperial security bureau"]
	},
	{
		"name": "Stormtrooper: Jet Trooper",
		"type": "Minion",
		"description": "A constant sight across the galaxy, stormtroopers exist as a constant reminder of the Empire’s power. On Toydaria, some squads deploy wearing jetpacks, allowing them to counter any targets who seek to escape into the skies.",
		"notes": "At the Game Master’s discretion one member of each minion group may be armed with a light repeating blaster with sling.",
		"characteristics": {
			"Brawn": 3,
			"Agility": 3,
			"Intellect": 2,
			"Cunning": 2,
			"Willpower": 3,
			"Presence": 1
		},
		"derived": {
			"soak": 5,
			"wounds": 5
		},
		"skills": ["Athletics", "Discipline", "Melee", "Piloting: Planetary", "Ranged: Heavy"],
		"weapons": [
			"Blaster rifle", "Vibroknife", "Frag grenade",
			{
				"name": "Light repeating blaster",
				"skill": "Ranged: Heavy",
				"damage": 11,
				"critical": 3,
				"range": "Long",
				"qualities": ["Auto-Fire", "Cumbersome 4", "Pierce 1", "Weapon Sling"]
			}
		],
		"gear": ["Utility belt", "Extra reloads", "Stormtrooper armour (+2 Soak)", "2 Frag grenades", "Jetpack (Allows user to function as a Silhouette 1, Speed 2, Handling 0, System Strain Threshold 3 vehicle that can only operate in atmosphere and requires Piloting: Planetary to operate)"],
		"tags": ["empire", "imperial military", "stormtrooper", "book:god", "adventure:Ghosts of Dathomir"]
	},
	{
		"name": "Riar Air Patrol Pursuit Drone",
		"type": "Minion",
		"description": "These disc-shaped drones are fast, but not particularly well armoured. They are designed to capture suspects rather than destroy their craft, and so are armed with potent ion mesh arrays. As they are relatively cheap but effective, Riar Starport authorities use them in high number to ensure that air traffic routes remain clear.",
		"notes": "The provided weapon profile is vehicle scale.",
		"characteristics": {
			"Brawn": 1,
			"Agility": 3,
			"Intellect": 1,
			"Cunning": 0,
			"Willpower": 0,
			"Presence": 0
		},
		"derived": {
			"soak": 0,
			"wounds": 5
		},
		"skills": ["Perception", "Piloting: Planetary", "Ranged: Light"],
		"abilities": [
			"Droid",
			{
				"name": "Latch-On",
				"description": "Once at Close range, make an opposed Piloting: Planetary check against target vehicle to affix drone to target."
			},
			{
				"name": "Jet Powered",
				"description": "While aloft, the drone functions as a Silhouette 1, Speed 3, Handling +2, System Strain Threshold 2 vehicle."
			}
		],
		"weapons": [
			{
				"name": "Ventral turret-mounted ion mesh array",
				"skill": "Ranged: Light",
				"damage": 5,
				"critical": 3,
				"range": "Engaged",
				"qualities": ["Ion"]
			}
		],
		"tags": ["adventure:Ghosts of Dathomir", "book:god", "species:Droid", "location:Toydaria", "location:Riar"]
	},
	{
		"name": "Red-Eye Dren",
		"type": "Rival",
		"description": "Dren has operated deep within Kwenn for many years now, trading titbits of information for credits and more information. His signature glowing eyes are only the most obvious of his cybernetic replacements. Through his access to a wide variety of databases, Dren has made himself invaluable to criminal elements throughout the region.",
		"characteristics": {
			"Brawn": 2,
			"Agility": 3,
			"Intellect": 3,
			"Cunning": 3,
			"Willpower": 2,
			"Presence": 2
		},
		"derived": {
			"soak": 2,
			"wounds": 12
		},
		"skills": {
			"Astrogation": 1,
			"Charm": 2,
			"Coercion": 2,
			"Computers": 4,
			"Deception": 1,
			"Knowledge: Education": 2,
			"Knowledge: Underworld": 2,
			"Negotiation": 3,
			"Perception": 3,
			"Ranged: Light": 1,
			"Streetwise": 2
		},
		"talents": ["Codebreaker"],
		"abilities": [
			{
				"name": "Customised Cybernetic Eyes",
				"description": "Add :advantage::advantage: to Perception checks; add :setback: to Negotiation and similar checks made against Dren by beings looking at his eyes."
			}
		],
		"weapons": ["Blaster pistol",
			{
				"name": "Optical flare",
				"skill": "Ranged: Light",
				"damage": null,
				"critical": null,
				"range": "Engaged",
				"qualities": ["Slow-Firing 2"],
				"notes": "Characters who see the flare must make a :daunting: Resilience check or become blind for two rounds per :failure: and gain a :setback: for every :threat: until the end of the encounter.\n\nA failed check with :despair: means the target is Blinded as per the Critical Injury Result table in the Force and Destiny Core Rulebook, page 225."
			}
		],
		"tags": ["adventure:Ghosts of Dathomir", "book:god", "species:Sullustan", "location:Kwenn Station"]
	},
	{
		"name": "Sprantal",
		"type": "Rival",
		"description": "Sprantal are massive amphibians with thick hides, long legs, and longer necks. They are typically a deep mottled-green colour that helps camouflage them, particularly underwater. Their flat heads have three spherical eyes on top in a triangular arrangement, giving them a 360-degree view. When they hide underwater, their heads are just under the surface, allowing the dark-coloured eyes to remain above the water to watch for potential prey and enemies. Sprantal have an additional, forward-facing eye below their wide, toothy mouth that allows them to see underwater as well as giving them a better view when attacking prey. Their stout bodies are approximately three to four metres long and half again as wide. Their necks can extend in a highly flexible manner, allowing sprantals when standing at full height to attack creatures everywhere except directly to the rear.",
		"characteristics": {
			"Brawn": 3,
			"Agility": 4,
			"Intellect": 1,
			"Cunning": 3,
			"Willpower": 1,
			"Presence": 2
		},
		"derived": {
			"soak": 8,
			"wounds": 20,
			"defence": [1, 0]
		},
		"skills": {
			"Athletics": 1,
			"Brawl": 3,
			"Cool": 2,
			"Perception": 2,
			"Ranged: Heavy": 3,
			"Stealth": 2
		},
		"talents": ["Adversary 2"],
		"abilities": [
			"Silhouette 3",
			{
				"name": "Sprantal Spit",
				"description": "If Blast activates, any additional targets that are hit suffer the same effects as the target. Ensnare requires :advantage: to activate. Any creature ensnared may attempt an Athletics check to free itself: the difficulty starts at :average: and increases by one level each round, to a maximum of :formidable:. After three hours the spit becomes brittle and falls apart."
			}
		],
		"weapons": [
			{
				"name": "Teeth",
				"skill": "Brawl",
				"damage": 8,
				"critical": 4,
				"range": "Engaged"
			},
			{
				"name": "Sprantal Spit",
				"skill": "Ranged: Heavy",
				"damage": 6,
				"critical": 5,
				"range": "Medium",
				"qualities": ["Blast 6", "Ensnare", "Knockdown", "Limited Ammo 5", "Sunder"]
			}
		],
		"tags": ["adventure:Ghosts of Dathomir", "book:god", "location:Dathomir", "creature"]
	},
	{
		"name": "Belonuk (Adult)",
		"type": "Rival",
		"description": "Belonuks are powerful quadrupeds. They have a bone-like armoured head, which they use to ram enemies and knock them over. Their powerful necks do not allow for much range of motion, but their deep-set eyes are widely spaced, giving them an excellent field of vision. Adult belonuks have sharp claws and even sharper needle-like teeth that can pierce the hide of even the toughest of Dathomir’s legendary creatures.",
		"characteristics": {
			"Brawn": 4,
			"Agility": 3,
			"Intellect": 1,
			"Cunning": 3,
			"Willpower": 1,
			"Presence": 2
		},
		"derived": {
			"soak": 8,
			"wounds": 16,
			"defence": [1, 0]
		},
		"skills": {
			"Athletics": 3,
			"Brawl": 3,
			"Perception": 2,
			"Stealth": 2,
			"Vigilance": 2
		},
		"talents": ["Adversary 2"],
		"abilities": [
			{
				"name": "Belonuk Charge",
				"description": "Make an opposed Brawl check vs. Athletics or Coordination: if the Belonuk is successful the target is knocked prone, suffering Wounds equal to :success: and Strain equal to :advantage:."
			},
			{
				"name": "Belonuk Trample",
				"description": "Against an opponent that is already prone or is one Silhouette size smaller than the belonuk, then as an action, make an opposed Brawl vs. Coordination or Resilience check. If the belonuk is successful, target is knocked prone until the end of their next turn and suffers Wounds equal to :success: and Strain equal to :advantage:."
			}
		],
		"weapons": [
			{
				"name": "Teeth",
				"skill": "Brawl",
				"damage": 5,
				"critical": 3,
				"range": "Engaged",
				"qualities": ["Pierce 2"]
			},
			{
				"name": "Claws",
				"skill": "Brawl",
				"damage": 7,
				"critical": 5,
				"range": "Engaged"
			}
		],
		"tags": ["adventure:Ghosts of Dathomir", "book:god", "location:Dathomir", "creature"]
	},
	{
		"name": "Belonuk (Young)",
		"type": "Minion",
		"description": "The younger of the species refrain from charging individually, instead using swarm tactics to overwhelm their foes. They minimise their exposure to other predators by grabbing their prey and hiding them away as quickly as possible.",
		"characteristics": {
			"Brawn": 3,
			"Agility": 2,
			"Intellect": 1,
			"Cunning": 2,
			"Willpower": 1,
			"Presence": 1
		},
		"derived": {
			"soak": 4,
			"wounds": 7
		},
		"skills": ["Athletics", "Brawl", "Stealth"],
		"abilities": [
			"Silhouette 0",
			{
				"name": "Belonuk Pack Tactics",
				"description": "Add :boost: to the combat check for each belonuk in the group."
			},
			{
				"name": "Belonuk Scramble",
				"description": "May grab a prone target with a successful Brawl check and immediately drag the target one range band; the target is immobilised by the pack, and subsequent attempts to drag the target require an opposed Athletics check."
			}
		],
		"weapons": [
			{
				"name": "Teeth",
				"skill": "Brawl",
				"damage": 4,
				"critical": 4,
				"range": "Engaged",
				"qualities": ["Pierce 1"]
			},
			{
				"name": "Claws",
				"skill": "Brawl",
				"damage": 3,
				"critical": 5,
				"range": "Engaged"
			}
		],
		"tags": ["adventure:Ghosts of Dathomir", "book:god", "location:Dathomir", "creature"]
	},
	{
		"name": "Vursonk",
		"type": "Rival",
		"description": "The vursonk is a small scavenging creature with six strong, whip-like tentacles equally spaced around the perimeter of an egg-shaped body, Its mouth is on the underside, with flaps that allow it to expand its maw and grab objects almost as large as itself. The creature has multiple eyes on each side of its body, giving it excellent all-around vision in light, and infrared vision in the darkness. A vursonk latches onto organic matter and either eats it in place or launches itself into the air for a fast getaway, taking the food back to a safe area for storage until later. It may make several trips if there is a ready supply of potential sustenance.",
		"characteristics": {
			"Brawn": 2,
			"Agility": 5,
			"Intellect": 1,
			"Cunning": 3,
			"Willpower": 1,
			"Presence": 2
		},
		"derived": {
			"soak": 4,
			"wounds": 15
		},
		"skills": {
			"Athletics": 1,
			"Brawl": 3,
			"Stealth": 3,
			"Vigilance": 1
		},
		"talents": ["Adversary 1", "Force Rating 1"],
		"abilities": [
			"Darkside Force User",
			"Silhouette 0",
			{
				"name": "Force Power: Enhance",
				"description": "When making an Athletics check, the vursonk combines it with an Enhance power check, rolling :force:; may spend :darkside: to gain :success: or :advantage:, or may spend :lightside: by using a Destiny Point and suffering 1 Wound per :lightside: used."
			},
			{
				"name": "Infrared Vision",
				"description": "The vursonk can see heat signatures up to thirty metres away."
			}
		],
		"weapons": [
			{
				"name": "Teeth",
				"skill": "Brawl",
				"damage": 9,
				"critical": 4,
				"range": "Engaged",
				"notes": "When the vursonk leaps onto a targeted object, it envelops the object in its mouth and attempts to jump away with it."
			},
			{
				"name": "Tentacle whips",
				"skill": "Brawl",
				"damage": 8,
				"critical": 3,
				"range": "Engaged"
			}
		],
		"tags": ["adventure:Ghosts of Dathomir", "book:god", "location:Dathomir", "creature", "force sensitive"]
	},
	{
		"name": "Eerig, Nightbrother Lieutenant",
		"type": "Rival",
		"description": "One of several Nightbrother seconds under Freff’s leadership, Eerig had been uneasy about this mission. This feeling has diminished, though, as the Nightbrothers have followed Jerserra deeper into the ruins of the lost ship. He and his group are now ready to fight for her, no matter the threats they face from her foes or the dangerous surroundings.",
		"characteristics": {
			"Brawn": 4,
			"Agility": 3,
			"Intellect": 2,
			"Cunning": 2,
			"Willpower": 2,
			"Presence": 2
		},
		"derived": {
			"soak": 5,
			"wounds": 16
		},
		"skills": {
			"Cool": 1,
			"Melee": 3,
			"Perception": 1,
			"Ranged: Heavy": 1,
			"Stealth": 3,
			"Survival": 1,
			"Vigilance": 1
		},
		"talents": ["Adversary 1"],
		"abilities": ["Fearsome Countenance"],
		"weapons": ["Blaster rifle", "Electrostaff"],
		"gear": ["Heavy clothing (+1 Soak)", "Three chemical flares", "Secure comlink"],
		"tags": ["adventure:Ghosts of Dathomir", "book:god", "location:Dathomir", "species:Zabrak", "jerserra’s gang", "nightbrother"]
	},
	{
		"name": "Nightbrother",
		"type": "Minion",
		"description": "Like all Nightbrothers, these Zabrak males seem to exist only to serve the Nightsisters. When Jerserra returned to Dathomir, this local tribe quickly came to her side to fight off any who would oppose her.",
		"characteristics": {
			"Brawn": 3,
			"Agility": 3,
			"Intellect": 2,
			"Cunning": 2,
			"Willpower": 2,
			"Presence": 2
		},
		"derived": {
			"soak": 4,
			"wounds": 7
		},
		"skills": ["Athletics", "Brawl", "Melee", "Ranged: Heavy", "Stealth", "Vigilance"],
		"abilities": ["Fearsome Countenance"],
		"weapons": ["Blaster rifle", "Electrostaff"],
		"gear": ["Heavy clothing (+1 Soak)", "Two chemical flares"],
		"tags": ["adventure:Ghosts of Dathomir", "book:god", "location:Dathomir", "species:Zabrak", "jerserra’s gang", "nightbrother"]
	},
	{
		"name": "Freff, Nightbrother Leader",
		"type": "Nemesis",
		"description": "Freff is highly honoured to be part of Jerserra’s quest, having seen first-hand not only her powers with the Force but also her resources as a mercenary leader. Now that she is deep underground with the Nardithi cluster in her command, his awe of her has only grown, while her powers have increased.",
		"characteristics": {
			"Brawn": 4,
			"Agility": 3,
			"Intellect": 2,
			"Cunning": 2,
			"Willpower": 2,
			"Presence": 3
		},
		"derived": {
			"soak": 6,
			"wounds": 17,
			"strain": 12
		},
		"skills": {
			"Cool": 1,
			"Coercion": 2,
			"Melee": 3,
			"Perception": 1,
			"Ranged: Heavy": 2,
			"Stealth": 3,
			"Survival": 1,
			"Vigilance": 1
		},
		"talents": ["Adversary 2", "Parry 3"],
		"abilities": ["Fearsome Countenance"],
		"weapons": ["Blaster rifle", "Electrostaff"],
		"gear": ["Heavy clothing (+1 Soak)", "Three chemical flares", "Secure comlink", "Datapad with pathway guidance notations and mapping protocols enabled"],
		"tags": ["adventure:Ghosts of Dathomir", "book:god", "location:Dathomir", "species:Zabrak", "jerserra’s gang", "nightbrother"]
	},
	{
		"name": "Manifested Nardithi Nightsister",
		"type": "Rival",
		"description": "",
		"characteristics": {
			"Brawn": 3,
			"Agility": 3,
			"Intellect": 1,
			"Cunning": 2,
			"Willpower": 2,
			"Presence": 2
		},
		"derived": {
			"soak": 5,
			"wounds": 16
		},
		"skills": {
			"Discipline": 2,
			"Melee": 3,
			"Perception": 1
		},
		"talents": ["Adversary 1", "Force Rating 3"],
		"abilities": [
			"Darkside Force User",
			{
				"name": "Force Power: Unleash",
				"description": "The manifested Narditihi Nightsister makes a Force power check targeting one enemy at Short range, and rolls a ranged attack as part of the pool, using an :average: Discipline check instead of normal difficulty. If the check is successful and generates :forcepip::forcepip:, the attack deals 3 damage with a critical rating of 4, plus 1 additional per :success:. May spend :forcepip: to increase damage by 2 and :forcepip: to increase range to Medium."
			}
		],
		"weapons": [
			{
				"name": "Unleash",
				"skill": "Discipline",
				"damage": 3,
				"critical": 4,
				"range": "Short",
				"notes": "May spend :forcepip: to increase damage by 2 and :forcepip: to increase range to Medium."
			}
		],
		"tags": ["adventure:Ghosts of Dathomir", "book:god", "location:Dathomir", "nightsister", "jerserra’s gang", "force sensitive", "darkside"]
	},
	{
		"name": "Jerserra (Late)",
		"type": "Nemesis",
		"description": "",
		"characteristics": {
			"Brawn": 4,
			"Agility": 3,
			"Intellect": 3,
			"Cunning": 3,
			"Willpower": 3,
			"Presence": 5
		},
		"derived": {
			"soak": 5,
			"wounds": 24,
			"strain": 23
		},
		"skills": {
			"Athletics": 2,
			"Brawl": 2,
			"Charm": 2,
			"Coercion": 2,
			"Cool": 1,
			"Deception": 2,
			"Discipline": 3,
			"Leadership": 2,
			"Lightsaber": 4,
			"Melee": 3,
			"Perception": 3,
			"Piloting: Planetary": 2,
			"Ranged: Light": 3,
			"Vigilance": 2,
			"Knowledge: Core Worlds": 2,
			"Knowledge: Education": 2,
			"Knowledge: Lore": 2,
			"Knowledge: Outer Rim": 2,
			"Knowledge: Underworld": 2,
			"Knowledge: Warfare": 2,
			"Knowledge: Xenology": 2
		},
		"talents": ["Adversary 3", "Force Rating 3", "Parry 4", "Scathing Tirade (Improved)"],
		"abilities": [
			"Darkside Force User",
			{
				"name": "Force Power: Jerserra’s Influence",
				"description": "Jerserra may spend :forcepip: and target one character per :forcepip: within Short range. That character must immediately make a :hard: fear check as an out-of-turn Incidental. If the target suffers Strain as a result of that fear check, she recovers an amount of Strain equal to the total suffered. She may also spend :forcepip: to target one additional character, and :forcepip: to extend the power’s range to Medium."
			},
			{
				"name": "Force Power: Move",
				"description": "Jerserra may spend :forcepip: to move one Silhouette 0 object within Short range to another location within Short range. She can spend :forcepip: to increase range one band, spend :forcepip: to increase Silhouette movable to 1, and spend :forcepip: to increase number of objects movable at one time by one (to a maximum of two). Jerserra can hurl objects by making a Move Force power check and rolling a ranged attack as part of the pool. The attack’s difficulty is equal to the Silhouette of the object being thrown and only succeeds if she can spend enough :forcepip: to move the object. The attack deals damage equal to the Silhouette of the object times 10 (Silhouette 0 deals 5 damage) plus one per :success:. To throw multiple objects, she must generate enough :forcepip: to move multiple objects, and must use rules for Auto-Fire to determine difficulty and targeting."
			},
			{
				"name": "Force Power: Unleash",
				"description": "Jerserra makes a Force power check and targets one enemy at Short range, and rolls a ranged attack as part of the pool, using an :average: Discipline check instead of normal difficulty. If the check is successful and generates :forcepip::forcepip: the attack deals 3 damage with a critical rating of 4, plus 1 additional damage per :success:. May spend :forcepip: to increase damage by 2, and :forcepip: to increase range to Medium."
			}
		],
		"weapons": [
			"Inquisitor lightsaber",
			"Inquisitor lightsaber (dual-blade)",
			"Inquisitor lightsaber (spin)",
			{
				"name": "Unleash",
				"skill": "Discipline",
				"damage": 3,
				"critical": 4,
				"range": "Short",
				"notes": "May spend :forcepip: to increase damage by 2 and :forcepip: to increase range to Medium."
			},
			"Thermal detonator"
		],
		"gear": ["Heavy clothing (+1 Soak)", "Secure comlink", "Nardithi shard", "1 Thermal detonator", "Hand-held holoprojector with pathway guidance notations and mapping protocols enabled"],
		"tags": ["adventure:Ghosts of Dathomir", "book:god", "nightsister", "force sensitive", "darkside"]
	}
]