[
	{
		"name": "Detention Centre Guard",
		"type": "Minion",
		"characteristics": {
			"Brawn": 2,
			"Agility": 2,
			"Intellect": 2,
			"Cunning": 2,
			"Willpower": 2,
			"Presence": 2
		},
		"derived": {
			"soak": 3,
			"wounds": 5
		},
		"skills": ["Coercion", "Discipline", "Melee", "Ranged: Light", "Vigilance"],
		"weapons": ["Blaster pistol", "Stun baton"],
		"gear": ["Guard uniform and helmet (+1 Soak)", "Imperial ID"],
		"tags": ["empire", "imperial military", "book:ragp", "adventure:Rescue at Glare Peak"]
	},
	{
		"name": "Detention Centre Officer",
		"type": "Rival",
		"characteristics": {
			"Brawn": 3,
			"Agility": 3,
			"Intellect": 2,
			"Cunning": 2,
			"Willpower": 2,
			"Presence": 2
		},
		"derived": {
			"soak": 4,
			"wounds": 15
		},
		"skills": {
			"Discipline": 3,
			"Ranged: Light": 2 ,
			"Vigilance": 2
		},
		"talents": ["Adversary 1"],
		"abilities": ["Tactical Direction", "Overwhelming Fire"],
		"weapons": ["Blaster pistol"],
		"gear": ["Officer uniform (+1 Soak)", "Imperial ID", "Code cylinder", "Comlink"],
		"tags": ["empire", "imperial military", "book:ragp", "adventure:Rescue at Glare Peak"]
	},
	{
		"name": "Detention Centre Staff",
		"type": "Minion",
		"characteristics": {
			"Brawn": 2,
			"Agility": 2,
			"Intellect": 2,
			"Cunning": 2,
			"Willpower": 2,
			"Presence": 2
		},
		"derived": {
			"soak": 2,
			"wounds": 5
		},
		"skills": ["Computers", "Mechanics", "Perception"],
		"gear": ["Imperial ID", "General datapad", "Detention centre uniform or maintenance coverall"],
		"tags": ["empire", "imperial military", "book:ragp", "adventure:Rescue at Glare Peak"]
	},
	{
		"name": "Imperial Army Trooper",
		"type": "Minion",
		"description": "The common citizen of the galaxy will never see a Star Destroyer or a stormtrooper in person, if they are fortunate. For the majority of those who never leave a planet’s surface, the Imperial Army trooper is the face of the Empire. Stormtroopers and starships can be seen in promotional materials, but it is the stern and unforgiving face of the Army infantry that enforces the will of the Emperor on a planet’s surface. For that reason, it is the men and women of the Imperial Army whom Alliance personnel must combat.",
		"characteristics": {
			"Brawn": 2,
			"Agility": 2,
			"Intellect": 2,
			"Cunning": 2,
			"Willpower": 2,
			"Presence": 2
		},
		"derived": {
			"soak": 3,
			"wounds": 5
		},
		"skills": ["Discipline", "Ranged: Heavy", "Ranged: Light"],
		"weapons": ["Blaster rifle", "Frag grenade"],
		"gear": ["Trooper uniform and helmet (+1 Soak)", "2 Frag grenades"],
		"tags": ["empire", "imperial military", "book:aor"]
	},
	{
		"name": "Imperial Assassin",
		"type": "Nemesis",
		"description": "The shadowy corps of Imperial assassins exercises the Emperor’s will by eliminating any sentient its master wishes. No matter the target, an Imperial assassin tirelessly pursues him across the galaxy until he can get close enough for a kill. In their travels throughout the galaxy, Imperial assassins are hidden in plain sight, often taking on disguies to grant them easier access to their prey. The waiter at the tapcafe, the harried merchant across the counter, even the carefully vetted bodyguard–any of these may be assassins waiting to strike.",
		"characteristics": {
			"Brawn": 3,
			"Agility": 3,
			"Intellect": 3,
			"Cunning": 3,
			"Willpower": 3,
			"Presence": 2
		},
		"derived": {
			"soak": 3,
			"wounds": 18,
			"strain": 20,
			"defence": [1, 1]
		},
		"skills": {
			"Athletics": 2,
			"Cool": 3,
			"Coordination": 3,
			"Discipline": 3,
			"Melee": 4,
			"Perception": 4,
			"Piloting: Space": 2,
			"Ranged: Heavy": 4,
			"Stealth": 4,
			"Vigilance": 4
		},
		"talents": ["Adversary 1", "Parry 3", "Indistinguishable 2"],
		"abilities": ["Neurotoxin Doses"],
		"weapons": [
			"Disruptor rifle",
			{
				"name": "Combat vibroblade",
				"skill": "Melee",
				"plus-damage": 2,
				"critical": 2,
				"range": "Engaged",
				"qualities": ["Pierce 2", "Vicious 2"]
			}
		],
		"tags": ["empire", "imperial military", "assassin", "book:fad"]
	},
	{
		"name": "Imperial Dungeoneer",
		"type": "Minion",
		"description": "Imperial dungeoneers are soldiers tasked with overssing the prisoners confined to the Empire’s many dungeon ships, detention facilities, and prison worlds. Despite the sensitive nature of their task, those chosen as guards for the Empire’s enormous population of incarcerated sentients are usually those who couldn’t make the grade in the regular Imperial Army. Considered lowly turnkeys by their compatriots, dungeoneers tend to be bitter and cruel, taking their resentment over thier miserable existence out on their helpless charges.",
		"characteristics": {
			"Brawn": 3,
			"Agility": 2,
			"Intellect": 2,
			"Cunning": 2,
			"Willpower": 2,
			"Presence": 1
		},
		"derived": {
			"soak": 5,
			"wounds": 5
		},
		"skills": ["Coercion", "Melee", "Ranged: Heavy", "Vigilance"],
		"weapons": ["Riot gun", "Truncheon"],
		"gear": ["Binders", "Comlink", "Padded armour (+2 Soak)"],
		"tags": ["empire", "imperial military", "book:fad"]
	},
	{
		"name": "Imperial Gunnery Corps",
		"type": "Minion",
		"description": "The Gunnery Corps is a subdivision of the Imperial military that includes members of both the Imperial Army and the Imperial Navy—although there are more of the latter than the former. As with troops in the Vehicle Corps, with whom they often work, members of the Gunnery Corps receive rudimentary training as troopers, but the bulk of their instruction is in the use of vehicle- or installation-mounted weaponry. The ubiquitous turbolasers that are found on the hundreds of different starships in use in the Imperial Navy, as well as the vast variety of lasers that are deployed in ground installations and the many vehicles employed by the Vehicle Corps, are all fired by members of the Gunnery Corps.",
		"characteristics": {
			"Brawn": 2,
			"Agility": 2,
			"Intellect": 2,
			"Cunning": 2,
			"Willpower": 2,
			"Presence": 2
		},
		"derived": {
			"soak": 3,
			"wounds": 5
		},
		"skills": ["Gunnery"],
		"abilities": ["Gun Crew"],
		"weapons": ["Holdout blaster", "Heavy repeating blaster"],
		"gear": ["Trooper uniform and helmet (+1 Soak)"],
		"tags": ["empire", "imperial military", "book:aor"]
	},
	{
		"name": "Imperial Army Officer",
		"type": "Rival",
		"description": "An incredible number of officers are required by the Imperial military simply to oversee day-to-day operations and orchestrate major offensives. The number of officers presently serving has increased markedly in the past few years, owed to the growing threat of the Rebel Alliance. As has been the case with literally countless militaries throughout galactic history, merit is the surest means of rising through the ranks of the Imperial military, but there is also a very strong political component. Many officers have little more to their name than their family connections.",
		"characteristics": {
			"Brawn": 3,
			"Agility": 3,
			"Intellect": 2,
			"Cunning": 2,
			"Willpower": 2,
			"Presence": 2
		},
		"derived": {
			"soak": 4,
			"wounds": 15
		},
		"skills": {
			"Discipline": 3,
			"Knowledge: Warfare": 2,
			"Ranged: Light": 2,
			"Vigilance": 2
		},
		"talents": ["Adversary 1"],
		"abilities": ["Tactical Direction", "Overwhelming Fire"],
		"weapons": ["Blaster pistol"],
		"gear": ["Officer uniform (+1 Soak)", "Long range comlink"],
		"tags": ["empire", "imperial military", "book:aor", "book:flt", "adventure:Friends Like These"]
	},
	{
		"name": "Imperial Navy Trooper",
		"type": "Minion",
		"description": "Often confused with the rank-and-file of the Imperial Army, much to the consternation of both groups, Naval troopers fulfill essentially the same purpose for the Imperial Navy. They are the enforcement arm that can be found on large-scale starships and naval space stations. Standard duties for naval troopers include the supervision of any and all prisoners aboard a vessel, simple guard duty, escort details for important guests, and boarding actions against enemy vessels.",
		"characteristics": {
			"Brawn": 2,
			"Agility": 2,
			"Intellect": 2,
			"Cunning": 2,
			"Willpower": 2,
			"Presence": 2
		},
		"derived": {
			"soak": 3,
			"wounds": 5
		},
		"skills": ["Perception", "Ranged: Light"],
		"weapons": ["Blaster pistol"],
		"gear": ["Blast vest and helmet (+1 Soak)"],
		"tags": ["empire", "imperial military", "book:aor", "book:eote", "adventure:Perlemian Haul", "adventure:Operation Shell Game", "book:aaa"]
	},
	{
		"name": "Imperial Naval Engineer",
		"type": "Minion",
		"characteristics": {
			"Brawn": 2,
			"Agility": 2,
			"Intellect": 3,
			"Cunning": 2,
			"Willpower": 2,
			"Presence": 2
		},
		"derived": {
			"soak": 2,
			"wounds": 5
		},
		"skills": ["Computers", "Mechanics"],
		"weapons": ["Light blaster pistol"],
		"tags": ["adventure:Operation Shell Game", "empire", "imperial military", "mechanic"]
	},
	{
		"name": "M226 Navy Trooper",
		"type": "Minion",
		"description": "The Navy troopers assigned to the Perlemian Haul’s freighters are pulled from some of the Imperial Navy’s best personnel. As such, they are highly motivated and willing to die for the Empire if need be. A group of four of these troopers, commanded by Petty Ofhcer Wen, is assigned to provide security in M226’s loading bay.",
		"characteristics": {
			"Brawn": 3,
			"Agility": 2,
			"Intellect": 2,
			"Cunning": 2,
			"Willpower": 2,
			"Presence": 2
		},
		"derived": {
			"soak": 4,
			"wounds": 5
		},
		"skills": ["Discipline", "Perception", "Piloting: Planetary", "Ranged: Light", "Vigilance"],
		"weapons": ["Blaster pistol"],
		"gear": ["Blast vest and helmet (+1 Soak)", "Comlink (handheld)"],
		"tags": ["book:aor", "adventure:Perlemian Haul", "empire", "imperial military", "location:M226 Freighter"]
	},
	{
		"name": "Imperial Navy Officer",
		"type": "Rival",
		"description": "Officers in the Imperial Navy are highly trained, often at a military academy. Most of their duties naturally fall into the category of ship-bound activities, monitoring the hundreds or thousands of personnel necessary to maintain the massive capital-scale ships the navy depends upon However, it is also possible that officers are deployed at the head of naval troopers, taking part in ship-to-ship actions against pirates or independent vessels or. even in sorties on the ground. In these cases, most naval officers prefer to lead from the rear, using their superior training and experience to direct the activities of their subordinates. Despite their reluctance to “get their hands dirty,” it is unwise to underestimate naval officers.",
		"characteristics": {
			"Brawn": 2,
			"Agility": 3,
			"Intellect": 2,
			"Cunning": 3,
			"Willpower": 2,
			"Presence": 2
		},
		"derived": {
			"soak": 3,
			"wounds": 11
		},
		"skills": {
			"Discipline": 3,
			"Ranged: Light": 2,
			"Vigilance": 2
		},
		"talents": ["Adversary 1"],
		"abilities": ["Tactical Direction"],
		"weapons": ["Blaster pistol"],
		"gear": ["Heavy uniform (+1 Soak)"],
		"tags": ["empire", "imperial military", "book:eote", "book:aaa"]
	},
	{
		"name": "Imperial Royal Guard",
		"type": "Nemesis",
		"description": "Numbering among the deadliets of the Emperor’s servants, his elite, crimson-garbed Imperial Royal Guards enjoy a reputation for preternatural combat skills and absolute unwavering loyalty to their master. Only the most skilled and dependable fighters are chosen from the many branches of Imperial service to undergo Royal Guard training, and only a few survive this training to be unducted into the ranks of these elite warriors.",
		"characteristics": {
			"Brawn": 3,
			"Agility": 3,
			"Intellect": 3,
			"Cunning": 2,
			"Willpower": 2,
			"Presence": 2
		},
		"derived": {
			"soak": 5,
			"wounds": 16,
			"strain": 12,
			"defence": [1, 1]
		},
		"skills": {
			"Athletics": 2,
			"Discipline": 3,
			"Melee": 4,
			"Perception": 3,
			"Ranged: Light": 3,
			"Vigilance": 4
		},
		"talents": ["Adversary 2", "Heightened Awareness", "Parry 4"],
		"weapons": [
			"Heavy blaster pistol",
			{
				"name": "Cortosis-plated force pike",
				"skill": "Melee",
				"plus-damage": 3,
				"critical": 2,
				"range": "Engaged",
				"qualities": ["Cortosis", "Pierce 2", "Stun Setting"]
			}
		],
		"gear": ["Heavy battler armour (+2 Soak, +1 defence)"],
		"tags": ["empire", "imperial military", "book:fad", "book:aaa"]
	},
	{
		"name": "ISB Technician",
		"type": "Minion",
		"characteristics": {
			"Brawn": 2,
			"Agility": 2,
			"Intellect": 3,
			"Cunning": 3,
			"Willpower": 2,
			"Presence": 2
		},
		"derived": {
			"soak": 2,
			"wounds": 5
		},
		"skills": ["Computers", "Discipline", "Mechanics", "Melee", "Ranged: Light", "Vigilance"],
		"weapons": ["Blaster pistol"],
		"gear": ["Tool kit", "Specialised electronics gear", "ISB uniform", "ISB ID"],
		"tags": ["empire", "imperial security bureau", "book:ragp", "adventure:Rescue at Glare Peak"]
	},
	{
		"name": "Imperial Technician",
		"type": "Minion",
		"characteristics": {
			"Brawn": 2,
			"Agility": 2,
			"Intellect": 3,
			"Cunning": 2,
			"Willpower": 2,
			"Presence": 2
		},
		"derived": {
			"soak": 2,
			"wounds": 4
		},
		"skills": ["Mechanics"],
		"weapons": ["Holdout blaster"],
		"gear": ["Tool kit"],
		"tags": ["adventure:Operation Shell Game", "empire", "imperial military"]
	},
	{
		"name": "Imperial Security Detail",
		"type": "Minion",
		"notes": "Wound Threshold has been reduced to 5 as the 10 in the adventure seems wrong for a minion squad.",
		"characteristics": {
			"Brawn": 3,
			"Agility": 3,
			"Intellect": 2,
			"Cunning": 2,
			"Willpower": 2,
			"Presence": 2
		},
		"derived": {
			"soak": 4,
			"wounds": 5
		},
		"skills": ["Ranged: Heavy"],
		"weapons": ["Blaster carbine"],
		"gear": ["Blast vest (+1 Soak)", "Military comlink"],
		"tags": ["adventure:Operation Shell Game", "empire", "imperial military"]
	},
	{
		"name": "Imperial Test Pilot",
		"type": "Rival",
		"description": "The pilots of the 481 st Experimental Starfighter Test ing Squadron are the best of the best, hand picked by Gareth Agamar for their piloting skills, courage, and technical acumen. Charged with testing out new and potentially dangerous fightercraft, these individuals are looked on by rank-and-file Navy pilots with equal parts admiration and pity: admiration due to their obvious skill and the prestigious nature of their roles as test pilots, but pity due to the fact that flying an untested spaceframe with new and perilous engines and weapon systems is extremely dangerous. Turnover in the 481st is particularly high for what is ostensibly a non-combat unit, and new pilots are constantly being brought into the squadron as old pilots are injured or killed.",
		"characteristics": {
			"Brawn": 2,
			"Agility": 3,
			"Intellect": 2,
			"Cunning": 2,
			"Willpower": 2,
			"Presence": 2
		},
		"derived": {
			"soak": 2,
			"wounds": 12
		},
		"skills": {
			"Cool": 2,
			"Gunnery": 2,
			"Perception": 2,
			"Piloting: Space": 2
		},
		"talents": ["Adversary 1", "Natural Pilot", "Skilled Jockey 1"],
		"weapons": ["Light blaster pistol"],
		"gear": ["Flight suit", "Sensory augmentation package (add :advantage: to all Perception checks)"],
		"tags": ["book:sor", "empire", "imperial military", "adventure:Phantoms in the Dark", "pilot"]
	},
	{
		"name": "Imperial Vehicle Corps",
		"type": "Rival",
		"description": "A subsidiary branch of the Imperial Army, the Vehicle Corps is a specialized division of troopers who receive rudimentary infantry training but specialize in piloting the various forms of vehicles utilized by that military organization. This includes not only land and sea vehicles, but aircraft that cannot achieve orbit on their own (any orbital craft falls under the auspices of the Imperial Navy). Repulsorlift operations, ground vehicle operations, and aquatic vehicle operations all fall under this umbrella; however, the lattermost of these is typically grouped in with the subdivision of the Imperial Army known as the lesser Imperial Navy, responsible for waterborne operations on the surfaces of planets throughout the galaxy.",
		"characteristics": {
			"Brawn": 2,
			"Agility": 3,
			"Intellect": 2,
			"Cunning": 2,
			"Willpower": 2,
			"Presence": 2
		},
		"derived": {
			"soak": 3,
			"wounds": 12
		},
		"skills": {
			"Gunnery": 2,
			"Piloting: Planetary": 2
		},
		"weapons": ["Blaster carbine"],
		"gear": ["Trooper uniform and helmet (+1 Soak)"],
		"tags": ["empire", "imperial military", "book:aor", "book:oaa", "adventure:Onslaught at Arda I"]
	},
	{
		"name": "Intelligence Agent",
		"type": "Nemesis",
		"description": "Imperial Intelligence is a separate entity from the military, but they often work hand-in-hand to accomplish their mutual objectives. The autonomy of Imperial Intelligence often allows them to co-opt military assets to accomplish their missions, occasionally to the chagrin of the officers who command the ships or companies utilized in such a manner. Regardless, the threat posed by intelligence agents is particularly significant, because they do not adhere to standard military protocol and are easily able to think outside the rigid tactical instruction of the Army and Navy. Seasoned agents understand how the Alliance thinks, and that makes them exceptionally dangerous.",
		"characteristics": {
			"Brawn": 3,
			"Agility": 3,
			"Intellect": 3,
			"Cunning": 3,
			"Willpower": 3,
			"Presence": 3
		},
		"derived": {
			"soak": 3,
			"wounds": 13,
			"strain": 14
		},
		"skills": {
			"Charm": 2,
			"Coercion": 2,
			"Deception": 2,
			"Ranged: Light": 2,
			"Melee": 2,
			"Streetwise": 2,
			"Vigilance": 2
		},
		"weapons": ["Light blaster pistol"],
		"gear": ["Encrypted datapad", "Secure comlink"],
		"tags": ["empire", "imperial military", "book:aor"]
	},
	{
		"name": "Military Informant",
		"type": "Rival",
		"description": "These individuals (or, as the Empire refers to them, intelligence assets) are a pale reflection of the agents from the Imperial Intelligence Bureau. However, they are equally loyal and enjoy the benehts of deep, virtually impenetrable cover. Suitable candidates are selected at a very early age and discreetly indoctrinated when there is a reasonable explanation for their absence. These individuals are instilled with great loyalty to the Imperial military complex in exchange for extremely meager rewards in the grand scheme of things, whether they are military, monetary, or political in nature. These men and women are given legitimate civilian reasons to be moved t o political hotspots, where they carefully monitor the population for any signs of treason or paramilitary activity. They then dutifully report this information using blind drops, encrypted communiques, or other secretive means.",
		"characteristics": {
			"Brawn": 1,
			"Agility": 2,
			"Intellect": 2,
			"Cunning": 3,
			"Willpower": 3,
			"Presence": 2
		},
		"derived": {
			"soak": 1,
			"wounds": 11
		},
		"skills": {
			"Computers": 1,
			"Deception": 2,
			"Stealth": 1,
			"Vigilance": 1
		},
		"talents": ["Indistinguishable 1"],
		"weapons": ["Holdout blaster"],
		"gear": ["Disguise kit", "Disassembly-capable secure military comlink"],
		"tags": ["empire", "imperial military", "book:aor", "book:aaa"]
	},
	{
		"name": "Naval Engineer",
		"type": "Minion",
		"description": "The Imperial Corps of Engineers is technically a separate branch of the military, but is most often associated with the Imperial Navy due to the frequent presence of its representatives aboard the Navy’s starships. Their primary purpose within the Navy is to serve as tactical advisors for the frequent sieges that Star Destroyers are called upon to implement. They can also be found among the ranks of the Imperial Army, where their purpose is more constructive, facilitating the creation of military installations for use in ground operations.",
		"characteristics": {
			"Brawn": 2,
			"Agility": 2,
			"Intellect": 3,
			"Cunning": 2,
			"Willpower": 2,
			"Presence": 2
		},
		"derived": {
			"soak": 2,
			"wounds": 5
		},
		"skills": ["Computers", "Mechanics"],
		"weapons": ["Light blaster pistol"],
		"tags": ["empire", "imperial military", "engineer", "book:aor"]
	},
	{
		"name": "M226 Bridge Crew",
		"type": "Minion",
		"description": "The bridge crew of M226 are an experienced lot, and many of them have served aboard the heavy freighter since it was first commissioned. Though loyal to the Empire and willing to follow Noor’s orders, they are much more comfortable under the command of their executive officer, Lieutenant Troo.",
		"characteristics": {
			"Brawn": 2,
			"Agility": 2,
			"Intellect": 3,
			"Cunning": 2,
			"Willpower": 2,
			"Presence": 2
		},
		"derived": {
			"soak": 2,
			"wounds": 5
		},
		"skills": ["Astrogation", "Computers", "Piloting: Space", "Ranged: Light"],
		"weapons": ["Blaster pistol"],
		"gear": ["Uniform"],
		"tags": ["book:aor", "adventure:Perlemian Haul", "empire", "imperial military", "location:M226 Freighter"]
	},
	{
		"name": "M226 Crew Chief",
		"type": "Rival",
		"description": "The typical naval crew chief is a seasoned veteran who has been serving aboard Imperial ships for many years. Crew chiefs are the most technically proficient in their areas of expertise and are often looked up to by their subordinates. Like other crew, they wear grey Navy jumpsuits, but their rank is easily distinguished by the insignia on their lapel.",
		"characteristics": {
			"Brawn": 2,
			"Agility": 2,
			"Intellect": 2,
			"Cunning": 2,
			"Willpower": 3,
			"Presence": 3
		},
		"derived": {
			"soak": 2,
			"wounds": 12
		},
		"skills": {
			"Athletics": 2,
			"Brawl": 2,
			"Coercion": 1,
			"Discipline": 2,
			"Leadership": 3,
			"Mechanics": 3,
			"Melee": 2,
			"Vigilance": 2
		},
		"gear": ["Comlink (handheld)", "Breath mask", "Utility belt", "Datapad"],
		"tags": ["book:aor", "adventure:Perlemian Haul", "imperial military", "empire", "engineer", "location:M226 Freighter"]
	},
	{
		"name": "M226 Navy Crewman",
		"type": "Minion",
		"description": "The crew of M226 are typical Navy personnel with very little to set them apart from their peers on other ships. They are hard-working and loyal, but aren’t extraordinary in any way. They tend to work in groups of 3 or 4 individuals. Each one wears a grey Navy jumpsuit.",
		"characteristics": {
			"Brawn": 2,
			"Agility": 2,
			"Intellect": 2,
			"Cunning": 2,
			"Willpower": 2,
			"Presence": 2
		},
		"derived": {
			"soak": 2,
			"wounds": 4
		},
		"skills": ["Athletics", "Brawl", "Mechanics", "Melee", "Vigilance"],
		"gear": ["Comlink (handheld)", "Breath mask", "Utility belt"],
		"tags": ["book:aor", "adventure:Perlemian Haul", "imperial military", "empire", "engineer", "location:M226 Freighter"]
	},
	{
		"name": "Imperial Stormtrooper",
		"type": "Minion",
		"description": "There is no greater symbol of the Emperor’s New Order than the elite stormtrooper legions that enforce his will without remorse, mercy, or compassion. The featureless helmets, the uniformity of their armour, and the sheer number of them advancing without care for the losses they sustain, all contribute to their intractable image. The details of the Clone Wars have been long forgotten by the majority of the galaxy’s denizens. As a result, there are precious few who associate the terrifying modern stormtroopers with the once-heroic clone troopers who waged that conflict on behalf of the Galactic Republic.\n\nThe Imperial Stormtrooper Corps is an independent branch of the military, and while they answer to the officers of both the Army and the Navy, their own commanders have the discretion to ignore or overrule orders issued to them if they feel they are not in the best interests of the Galactic Empire. There are numerous specialities within the stormtrooper legions, the majority of which use equipment that meshes with their training to create a cadre of elite troops that can effectively serve in virtually any combat theatre.",
		"notes": "Individuals or groups of two may be armed with light repeating blasters with slings.",
		"characteristics": {
			"Brawn": 3,
			"Agility": 3,
			"Intellect": 2,
			"Cunning": 2,
			"Willpower": 3,
			"Presence": 1
		},
		"derived": {
			"soak": 5,
			"wounds": 5
		},
		"skills": ["Athletics", "Discipline", "Melee", "Ranged: Heavy"],
		"weapons": [
			"Blaster rifle", "Vibroknife", "Frag grenade",
			{
				"name": "Light repeating blaster",
				"skill": "Ranged: Heavy",
				"damage": 11,
				"critical": 3,
				"range": "Long",
				"qualities": ["Auto-Fire", "Cumbersome 4", "Pierce 1", "Weapon Sling"]
			}
		],
		"gear": ["Utility belt", "Extra reloads", "Stormtrooper armour (+2 Soak)", "2 Frag grenades"],
		"tags": ["empire", "imperial military", "stormtrooper", "book:aor", "book:eote", "book:fad", "adventure:Rescue at Glare Peak", "adventure:Friends Like These", "adventure:Takeover at Whisper Base", "adventure:Onslaught at Arda I", "book:oaa", "book:eotebg", "adventure:Escape from Mos Shuuta", "book:aaa"]
	},
	{
		"name": "Stormtrooper Sergeant",
		"type": "Rival",
		"description": "Stormtroopers who survive engagements with high marks are promoted to the position of sergeant. Typically this involves command of a single squadron, but stormtroopers who excel at leadership are promoted to higher ranks. Such positions can include supervision of entire companies of stormtroopers. Rank within the stormtrooper legions is difficult for outsiders to fully understand, as they refer to virtually any officer from their ranks as commander. The uniformity of their armour and this tendency for vague references helps to enforce the image of stormtroopers as an absolutely faceless, monolithic military entity, which only serves to enhance their fearsome reputation.",
		"characteristics": {
			"Brawn": 3,
			"Agility": 3,
			"Intellect": 2,
			"Cunning": 2,
			"Willpower": 3,
			"Presence": 1
		},
		"derived": {
			"soak": 5,
			"wounds": 15
		},
		"skills": {
			"Athletics": 2,
			"Discipline": 2,
			"Leadership": 3,
			"Melee": 2,
			"Ranged: Heavy": 2,
			"Ranged: Light": 2,
			"Resilience": 2,
			"Vigilance": 2
		},
		"talents": ["Adversary 1"],
		"abilities": ["Tactical Direction"],
		"weapons": ["Heavy blaster rifle", "Vibroknife", "Frag grenade"],
		"gear": ["Utility belt", "Extra reloads", "Stormtrooper armour (+2 Soak)", "2 Frag grenades"],
		"tags": ["empire", "imperial military", "stormtrooper", "book:aor", "book:eote", "book:fad", "book:oaa", "adventure:Onslaught at Arda I", "book:aaa"]
	},
	{
		"name": "Stormtrooper: Dark Trooper",
		"type": "Rival",
		"description": "Funded and operated as a subdivision of the Imperial Stormtrooper Corps, the Dark Trooper Project was a clandestine attempt to create an even more fearsome elite fighting force which was easier to produce within a short period of time. The goal of the project was to create extremely advanced military droids that could pass for armoured humans, thus achieving the fearsome aspect required of elite military units without any concern for the environmental conditions that might limit human personnel. Although sabotaged by Alliance efforts, a small number of prototypes were completed, and the Rebellion lives in perpetual fear that the project may be continued in another, as yet unknown, area.",
		"characteristics": {
			"Brawn": 4,
			"Agility": 3,
			"Intellect": 2,
			"Cunning": 2,
			"Willpower": 2,
			"Presence": 1
		},
		"derived": {
			"soak": 8,
			"wounds": 16,
			"defence": [1, 1]
		},
		"skills": {
			"Brawl": 2,
			"Gunnery": 4,
			"Perception": 2,
			"Vigilance": 2
		},
		"talents": ["Adversary 1"],
		"abilities": ["Droid", "Enhanced Senses"],
		"weapons": [
			"Missile tube",
			{
				"name": "Plasma shell assault cannon",
				"skill": "Gunnery",
				"damage": 10,
				"critical": 2,
				"range": "Long",
				"qualities": ["Auto-Fire", "Breach 1", "Concussive 1", "Cumbersome 4", "Inaccurate 1"]
			}
		],
		"gear": ["Powered armour (+2 Soak, +1 Defence)", "Jetpack", "Internal comlink"],
		"tags": ["empire", "imperial military", "stormtrooper", "species:Droid", "book:aor"]
	},
	{
		"name": "Stormtrooper: Sandtrooper",
		"type": "Minion",
		"description": "Desert worlds are often rich in minerals or other infrequently appearing resources, necessitating settlement despite the harshness of their environments. The extreme temperatures, as well as the abrasiveness and navigational problems associated with the terrain, necessitate specialized training and equipment. Sandtroopers are intimately familiar with arid environments, and are trained in beast-riding as a means of enduring transportation under conditions that might otherwise cripple conventional forms of technology.",
		"notes": "Individuals or groups of two may also have riding dewbacks.",
		"characteristics": {
			"Brawn": 3,
			"Agility": 3,
			"Intellect": 2,
			"Cunning": 2,
			"Willpower": 3,
			"Presence": 1
		},
		"derived": {
			"soak": 5,
			"wounds": 5
		},
		"skills": ["Athletics", "Discipline", "Melee", "Ranged: Heavy", "Resilience", "Survival"],
		"weapons": ["Blaster rifle", "Vibroknife"],
		"gear": ["Utility belt", "Extra reloads", "High-temp stormtrooper armour (+2 Soak, remove :setback::setback: imposed due to arid or hot environmental conditions)", "Food and water packs"],
		"tags": ["empire", "imperial military", "stormtrooper", "book:aor", "adventure:Onslaught at Arda I", "book:oaa", "book:aaa"]
	},
	{
		"name": "Stormtrooper: Scout Trooper",
		"type": "Minion",
		"description": "Reconnaissance is one of the most important aspects of any military organization, and the Imperial Stormtrooper Corps is no different. More lightly armoured to facilitate rapid movement and trained with rapid-response repulsorlift vehicles, scout troopers are at the forefront of any insertion of the stormtrooper legions into a new theater of operations.",
		"characteristics": {
			"Brawn": 3,
			"Agility": 3,
			"Intellect": 2,
			"Cunning": 2,
			"Willpower": 3,
			"Presence": 1
		},
		"derived": {
			"soak": 4,
			"wounds": 5
		},
		"skills": ["Athletics", "Discipline", "Melee", "Ranged: Heavy", "Ranged: Light", "Vigilance"],
		"weapons": [
			"Light blaster pistol", "Frag grenade",
			{
				"name": "Blaster sniper rifle with scope",
				"skill": "Ranged: Heavy",
				"damage": 10,
				"critical": 3,
				"range": "Extreme",
				"qualities": ["Accurate 1", "Cumbersome 3", "Pierce 2", "Slow-Firing 1", "Sniper Shot"]
			}
		],
		"gear": ["Utility belt", "Extra reloads", "Scouttrooper armour (+1 Soak)", "1 Frag grenade"],
		"tags": ["empire", "imperial military", "stormtrooper", "book:aor", "book:aaa"]
	},
	{
		"name": "Stormtrooper: Swamptrooper",
		"type": "Minion",
		"description": "This specialised unit of the Stormtrooper Corps specialises in operating in swamps, bogs, and wetlands. Swamptroopers’ armour is watertight, has an internal one-hour oxygen supply, and includes camouflage. Swamptroopers patrol the area in teams of three.",
		"characteristics": {
			"Brawn": 3,
			"Agility": 3,
			"Intellect": 2,
			"Cunning": 2,
			"Willpower": 3,
			"Presence": 2
		},
		"derived": {
			"soak": 5,
			"wounds": 5
		},
		"skills": ["Athletics", "Discipline", "Melee", "Perception", "Ranged: Heavy", "Ranged: Light", "Survival", "Vigilance"],
		"weapons": ["Blaster carbine", "Frag grenade"],
		"gear": ["Electrobinoculars", "Extra reloads", "2 Frag grenades", "Rebreather", "Swamptrooper armour (+2 Soak, adds :boost: to Stealth checks made within a forest or swamp environment)", "Utility belt"],
		"tags": ["empire", "imperial military", "stormtrooper", "book:lonh", "adventure:Toydarian Grocery Shopping", "book:aaa"]
	},
	{
		"name": "Stormtrooper: Snowtrooper",
		"type": "Minion",
		"description": "Just as desert worlds present environmental conditions that are a barrier to normal military operations, planets with an extremely cold environment are likewise impractical for traditional protocols, including the stormtrooper legions. Snowtroopers have specialized armour and equipment that can function regardless of the temperature and are capable of operating for long periods of time without needing any support of any sort. Furthermore, they are equipped with sensor packages that allow them to seek out thermal images in a sea of ice, which dramatically increases their effectiveness in combat.",
		"notes": "Individuals or groups of two may be armed with heavy repeating blasters.",
		"characteristics": {
			"Brawn": 3,
			"Agility": 3,
			"Intellect": 2,
			"Cunning": 2,
			"Willpower": 3,
			"Presence": 1
		},
		"derived": {
			"soak": 5,
			"wounds": 5
		},
		"skills": ["Athletics", "Discipline", "Gunnery", "Melee", "Ranged: Heavy", "Resilience", "Survival"],
		"weapons": [
			"Heavy repeating blaster",
			{
				"name": "Multi-optic sighted blaster rifle",
				"skill": "Ranged: Heavy",
				"damage": 9,
				"critical": 3,
				"range": "Long",
				"qualities": ["Stun Setting", "Multi-optic Sight"]
			}
		],
		"gear": ["Snowtrooper armour (+2 Soak, remove :setback::setback: imposed due to cold or icy environmental conditions)"],
		"tags": ["empire", "imperial military", "stormtrooper", "book:aor", "book:ragp", "adventure:Rescue at Glare Peak", "book:aaa"]
	},
	{
		"name": "TIE Pilot",
		"type": "Minion",
		"description": "Commonly disparaged by the Alliance as vastly inferior to Rebellion pilots, in truth the pilots produced by the Empire’s starhghter training programs are head-and-shoulders above any other equivalent force in the galaxy, with the possible exception of the Alliance. In fact, the poor reputation TIE pilots have is no fault of their own, but rather a combination of their relatively fragile equipment (TIE fighters are known for relative fragility and weak construction) and their lack of protective amenities (shields being the most notable exclusion).",
		"characteristics": {
			"Brawn": 2,
			"Agility": 3,
			"Intellect": 2,
			"Cunning": 2,
			"Willpower": 2,
			"Presence": 2
		},
		"derived": {
			"soak": 2,
			"wounds": 5
		},
		"skills": ["Gunnery", "Piloting: Space"],
		"weapons": ["Light blaster pistol"],
		"gear": ["Flight suit"],
		"tags": ["empire", "imperial military", "pilot", "book:aor", "book:fad", "adventure:Operation Shell Game", "adventure:Onslaught at Arda I", "adventure:Escape from Mos Shuuta", "book:oaa", "book:aaa"]
	},
	{
		"name": "TIE Ace",
		"type": "Rival",
		"description": "While it is true that many joke about the delicate nature of TIE fighters, most have a healthy respect for the swarms of the fighters as they descend in a strafing or bombing run. This reputation is due in large part to the upper echelon of TIE pilots, the aces. These individuals, typically squad leaders and seasoned combat veterans, are a match for even the most arrogant Alliance starhghter pilot.",
		"characteristics": {
			"Brawn": 2,
			"Agility": 4,
			"Intellect": 2,
			"Cunning": 3,
			"Willpower": 2,
			"Presence": 2
		},
		"derived": {
			"soak": 2,
			"wounds": 12
		},
		"skills": {
			"Gunnery": 2,
			"Piloting: Space": 2
		},
		"weapons": ["Light blaster pistol"],
		"gear": ["Flight suit", "Sensory augmentation package (add :advantage: to any Perception checks made by the character)"],
		"tags": ["empire", "imperial military", "pilot", "book:aor", "book:aaa"]
	}
]
