[
	{
		"name": "Galva",
		"type": "Minion",
		"description": "Galva are diminutive and innocuous mammalian species native to Saleucami. They travel in large herds of up to one hundred individuals, feeding off of desert lichens and moss as they migrate across the planet’s oppressively hot equatorial regions. Galva are often hunted for their skins, which can be tanned into a supple leather that has grown increasingly popular (any undamaged hide goes for 1000 credits, rarity 6). As a result, many of the largest galva hers have been depleted by overhunting.",
		"characteristics": {
			"Brawn": 2,
			"Agility": 2,
			"Intellect": 1,
			"Cunning": 1,
			"Willpower": 1,
			"Presence": 1
		},
		"derived": {
			"soak": 2,
			"wounds": 3
		},
		"skills": ["Athletics", "Perception", "Survival"],
		"weapons": [
				{
				"name": "Teeth",
				"skill": "Brawl",
				"damage": 2,
				"critical": 4,
				"range": "Engaged"
				}
			],
		"tags": ["book:motpq", "creature", "location:Saleceumai", "adventure:Mask of the Pirate Queen"]
	},
	{
		"name": "Ambrae Environmental Security Guard",
		"type": "Minion",
		"description": "The guards hired to keep Ambrae’s Environmental’s assets secure aren’t the best in the district, let alone the business. They have families, and they just want to do their job and go home after their shift is over. They don’t take excessive risks and would prefer to call for backup rather than play the hero. That said, they do their job to the best of their ability, but if confronted by a superior force, they gladly lay down their weapons or retreat.",
		"characteristics": {
			"Brawn": 2,
			"Agility": 2,
			"Intellect": 2,
			"Cunning": 2,
			"Willpower": 2,
			"Presence": 2
		},
		"derived": {
			"soak": 4,
			"wounds": 4
		},
		"skills": ["Melee", "Perception", "Piloting: Planetary", "Ranged: Light", "Vigilance"],
		"weapons": [ "Blaster pistol", "Truncheon"],
		"gear": ["Comlink", "Padded armour (+2 Soak)", "Breath mask"],
		"tags": ["book:motpq", "adventure:Mask of the Pirate Queen", "location:Ord Mantell", "security"]
	},
	{
		"name": "Bridge Guard",
		"type": "Minion",
		"description": "Outside of the Savrips that make up the Queen’s praetorians, the guards maintaining security on the bridge are the most trusted and capable troops. They are steadfast and loyal, and they have pledged to give their lives in her defense. Each of the bridge guards wears a special grey armoured uniform with black trim, and a plain black mnask that also functions as a pair of scanning goggles.",
		"characteristics": {
			"Brawn": 4,
			"Agility": 4,
			"Intellect": 2,
			"Cunning": 3,
			"Willpower": 3,
			"Presence": 2
		},
		"derived": {
			"soak": 6,
			"wounds": 5,
			"defence": [1, 1]
		},
		"skills": ["Melee", "Ranged: Light"],
		"weapons": [ "Heavy blaster pistol", "Vibrosword"],
		"gear": ["Comlink", "Heavy battle armour (+2 Soak, +1 Defence)", "Mask"],
		"tags": ["book:motpq", "adventure:Mask of the Pirate Queen", "veiled sorority", "security"]
	},
	{
		"name": "Corellian Bloodhound",
		"type": "Minion",
		"description": "Corellian bloudhounds are often kept as pets and guard animals, though packs of wild bloodhounds occasionally roam in areas where they’ve been transplanted. Unlike most canids, they rarely bark or yelp. When they do bark, however, the vocalization has a whisper-like quality. This behaviour is instinctual, as Corellian bloodhounds in the wild rely on stealth to ambush their prey. At up to one meter in length, Corellian blooodhounds are slim and agile, relying on stealth and speed rather than brute strength to take down prey. A fine coat of tiny quills covers their body, and their head features an oversized snout to aid in scenting prety, and a mouth lined with sharp, dagger-like teeth.",
		"characteristics": {
			"Brawn": 2,
			"Agility": 4,
			"Intellect": 1,
			"Cunning": 3,
			"Willpower": 2,
			"Presence": 2
		},
		"derived": {
			"soak": 2,
			"wounds": 4
		},
		"skills": ["Athletics", "Brawl", "Perception", "Stealth", "Vigilance"],
		"abilities": [
					{
					"name": "Scent",
					"description": "Add :boost::boost: to Survival checks made to track prey."
					}
					],
		"weapons": [
				{
				"name": "Teeth",
				"skill": "Brawl",
				"damage": 3,
				"critical": 4,
				"range": "Engaged"
				}
			],
		"tags": ["book:motpq", "creature", "adventure:Mask of the Pirate Queen", "location:Ord Mantell"]
	},
	{
		"name": "Koochoo, ASP-Series Labor Droid",
		"type": "Minion",
		"description": "Koochoo (Huttese for “idiot” or “moron”) is Krezo’s labor droid. Krezo has had Koochoo’s programming modified, making the droid completely loyal and incapable of intentionally causing harm to its master. This does not apply to others, and Krezo is happy to use Koochoo to keep enemies at bay while he escapes. Like other ASP-series labour droids, Koochoo is only capable fo speaking two words: “Affirmative” and “Negative”, both spoken in very mechanical Huttese.",
		"characteristics": {
			"Brawn": 4,
			"Agility": 1,
			"Intellect": 1,
			"Cunning": 1,
			"Willpower": 1,
			"Presence": 1
		},
		"derived": {
			"soak": 5,
			"wounds": 5
		},
		"skills": ["Brawl", "Melee"],
		"abilities": ["Droid"],
		"weapons": [
				{
				"name": "Reinforced manipulators",
				"skill": "Brawl",
				"damage": 5,
				"critical": 4,
				"range": "Engaged",
				"qualities": ["Disorient 3"]
				}
			],
		"tags": ["book:motpq", "species:Droid", "location:Saleceumai", "adventure:Mask of the Pirate Queen"]
	},
	{
		"name": "Mantellian Flutterplume",
		"type": "Minion",
		"description": "Despite their florid name, flutterplumes are one of Ord Mantell’s most dangerous scavengers. Preferring to hunt wastes and Scraplands from on high, these creatures can often be seen gliding on thermal currents in the distance in flocks of three or four. Their eyesight is quite acute, and they are always hungry.",
		"characteristics": {
			"Brawn": 1,
			"Agility": 3,
			"Intellect": 1,
			"Cunning": 4,
			"Willpower": 1,
			"Presence": 1
		},
		"derived": {
			"soak": 2,
			"wounds": 3
		},
		"skills": ["Brawl", "Coordination", "Survival"],
		"abilities": ["Flyer"],
		"weapons": [
				{
				"name": "Beak and talons",
				"skill": "Brawl",
				"damage": 2,
				"critical": 3,
				"range": "Engaged"
				}
			],
		"tags": ["book:motpq", "book:ss", "creature", "adventure:Mask of the Pirate Queen", "location:Ord Mantell", "book:aaa"]
	},
	{
		"name": "Slaver Guard",
		"type": "Minion",
		"description": "The slaver guards in Rusty Reach have been selected from some of the vilest scum on Ord Mantell. As long as they’re being paid, they obey any order Gerk gives them, no matter how demeaning or malicious it is. The guards come from various species and genders, and there is no specific symbol or uniform to unite them.",
		"characteristics": {
			"Brawn": 3,
			"Agility": 2,
			"Intellect": 2,
			"Cunning": 1,
			"Willpower": 2,
			"Presence": 2
		},
		"derived": {
			"soak": 4,
			"wounds": 4
		},
		"skills": ["Coercion", "Melee", "Ranged: Heavy"],
		"weapons": ["Blaster rifle", "Stun grenade", "Force pike"],
		"gear": ["Adverse environment gear (+1 Soak)"],
		"tags": ["book:motpq", "adventure:Mask of the Pirate Queen", "location:Ord Mantell", "slaver", "security"]
	},
	{
		"name": "Sorority Courtier",
		"type": "Minion",
		"description": "Many of the guests, hangers-on, and sycophants in the Pirate Queen’s court are kept around for amusement’s sake.",
		"characteristics": {
			"Brawn": 2,
			"Agility": 2,
			"Intellect": 2,
			"Cunning": 2,
			"Willpower": 2,
			"Presence": 2
		},
		"derived": {
			"soak": 2,
			"wounds": 3
		},
		"skills": ["Charm", "Deception", "Knowledge: Underworld", "Streetwise"],
		"gear": ["Flamboyant clothing"],
		"tags": ["book:motpq", "adventure:Mask of the Pirate Queen", "location:Ord Mantell", "veiled sorority"]
	},
	{
		"name": "Sorority Palace Guard",
		"type": "Minion",
		"description": "The pirates who act as guards inside the Queen’s palace are experienced troops of a variety of species and genders. They don’t wear specific uniforms, though most of them wear heavy clothing. The guards take their jobs seriously, but are pirates at heart—many of them are bored and hope they can go back to doing what they enjoy most: namely, taking prizes in space. This makes them complacent and sloppy.",
		"characteristics": {
			"Brawn": 3,
			"Agility": 3,
			"Intellect": 1,
			"Cunning": 2,
			"Willpower": 2,
			"Presence": 2
		},
		"derived": {
			"soak": 4,
			"wounds": 5
		},
		"skills": ["Coercion", "Cool", "Discipline", "Melee", "Ranged: Heavy"],
		"weapons": ["Blaster carbine", "Vibrosword"],
		"gear": ["Heavy clothing uniforms (+1 Soak)"],
		"tags": ["book:motpq", "adventure:Mask of the Pirate Queen", "location:Ord Mantell", "veiled sorority", "pirate"]
	},
	{
		"name": "Sorority Crew",
		"type": "Minion",
		"description": "The crew who staffs the Sorority’s ships are all experienced pirates. Though they aren’t usually called upon to participate in boarding operations, they are expected to defend their ships to the best of their ability when enemies successfully attack. The vast majority of these individuals are unarmed unless previously equipped with blasters by their individual quartermasters, which is typically only done if their ship is expected to be boarded. As the Consortium counterattack was unexpected, most of them will not have blasters.",
		"characteristics": {
			"Brawn": 2,
			"Agility": 3,
			"Intellect": 3,
			"Cunning": 2,
			"Willpower": 2,
			"Presence": 2
		},
		"derived": {
			"soak": 2,
			"wounds": 3
		},
		"skills": ["Computers", "Gunnery", "Mechanics", "Melee", "Ranged: Light"],
		"weapons": ["Vibroknife"],
		"gear": ["Utility belt (increase Encumbrance Threshold by 1)", "Breath mask", "Glow rod", "Tool kit"],
		"tags": ["book:motpq", "adventure:Mask of the Pirate Queen", "veiled sorority", "pirate"]
	},
	{
		"name": "Sorority Defender",
		"type": "Minion",
		"description": "The defenders on the *Renegade’s Blood* are typical Sorority muscle. While other crew can serve in combat roles when required, these pirates act primarily as guards and security.",
		"characteristics": {
			"Brawn": 3,
			"Agility": 2,
			"Intellect": 2,
			"Cunning": 2,
			"Willpower": 2,
			"Presence": 1
		},
		"derived": {
			"soak": 5,
			"wounds": 4
		},
		"skills": ["Vigilance", "Melee", "Ranged: Light"],
		"weapons": ["Blaster pistol", "Vibroknife"],
		"gear": ["Padded armour (+2 Soak)"],
		"tags": ["book:motpq", "adventure:Mask of the Pirate Queen", "veiled sorority"]
	},
	{
		"name": "Sorority Engineer",
		"type": "Minion",
		"description": "The Sorority’s engineers maintain their ships’ systems and ensure they remain functional even under the most trying conditions. They’re well aware that their own survival hinges on whether they can repair enough of theur ship’s systems for it to either flee or compete with their attackers. The engineers on the *Renegade’s Blood* consist of two humans (one male, one female), a male Sullustan, and a female Duros. They wear coveralls, utility belts festooned with tools, and breath masks. Two of them have blaster pistols, while the other two engineers wield heavy hydrospanners. If forced into combat, they fight in two groups, one with the pistols and the others with the hydrospanners.",
		"characteristics": {
			"Brawn": 3,
			"Agility": 2,
			"Intellect": 3,
			"Cunning": 2,
			"Willpower": 2,
			"Presence": 2
		},
		"derived": {
			"soak": 3,
			"wounds": 3
		},
		"skills": ["Computers", "Mechanics", "Melee", "Ranged: Light"],
		"weapons": ["Blaster pistol",
			{
				"name": "Heavy hydrospanner",
				"skill": "Melee",
				"damage": "4",
				"critical": "5",
				"range": "Engaged",
				"qualities": ["Disorient 2"]
			}
		],
		"gear": ["Utility belt (increase Encumbrance Threshold by 1)", "Breath mask", "Glow rod", "Tool kit", "Sealed coveralls"],
		"tags": ["book:motpq", "adventure:Mask of the Pirate Queen", "veiled sorority", "engineer"]
	},
	{
		"name": "Sorority Fighter Jockey",
		"type": "Minion",
		"description": "The ranks of the Sorority’s fighter jockeys are filled with pirates who have some experience piloting starships, and who have been pressed into service (willingly or not) as fighter pilots. Though only a few of these pilots are available, the Sorority’s recent successes against the Zann Consortium have boosted their morale considerably. Sorority fighter jockeys aren’t particularly skilled, but they are cocky and overconfident nonetheless. They fly as if they were impervious to damage and take risks that no sane fighter pilot would dare to take. Despite (or because of) this, their mortality rate has been astonishingly low—until now, at least.",
		"characteristics": {
			"Brawn": 2,
			"Agility": 3,
			"Intellect": 2,
			"Cunning": 2,
			"Willpower": 2,
			"Presence": 2
		},
		"derived": {
			"soak": 2,
			"wounds": 3
		},
		"skills": ["Astrogation", "Gunnery", "Piloting: Space", "Ranged: Light"],
		"weapons": ["Blaster pistol"],
		"gear": ["Utility belt", "Flight suit", "Helmet"],
		"tags": ["book:motpq", "adventure:Mask of the Pirate Queen", "veiled sorority", "pilot"]
	},
	{
		"name": "Sorority Kill Team Member",
		"type": "Minion",
		"description": "Coming from various species, genders and back grounds, the only thing that unites the four members of the kill team is their loyalty to the Sorority. They are well paid and live reasonable good lives in Taleucema.",
		"characteristics": {
			"Brawn": 3,
			"Agility": 2,
			"Intellect": 2,
			"Cunning": 2,
			"Willpower": 2,
			"Presence": 1
		},
		"derived": {
			"soak": 4,
			"wounds": 5,
			"defence": [1, 1]
		},
		"skills": ["Melee", "Vigilance", "Ranged: Light"],
		"weapons": ["Blaster pistol", "Vibroknife"],
		"gear": ["Armoured clothing (+1 Soak, +1 Defence)"],
		"tags": ["book:motpq", "adventure:Mask of the Pirate Queen", "location:Saleceumai", "veiled sorority"]
	},
	{
		"name": "Sorority Pirate",
		"type": "Minion",
		"description": "The pirates at the Sorority base here represent all of the more common species in the sector. Despite their variation, they each wear a red armband tied around the left bicep or similar anatomical equivalent. All are blooded veterans who believe they guard the Pirate Queen herself on Saleucami.",
		"characteristics": {
			"Brawn": 2,
			"Agility": 3,
			"Intellect": 1,
			"Cunning": 2,
			"Willpower": 1,
			"Presence": 2
		},
		"derived": {
			"soak": 3,
			"wounds": 5
		},
		"skills": ["Coercion", "Cool", "Melee", "Ranged: Heavy", "Ranged: Light"],
		"weapons": ["Blaster carbine", "Heavy blaster pistol", "Vibroknife", "Vibrosword"],
		"gear": ["Heavy clothing (+1 Soak)"],
		"tags": ["book:motpq", "adventure:Mask of the Pirate Queen", "location:Saleceumai", "pirate", "veiled sorority"]
	},
	{
		"name": "Sorority Pirate Queensguard",
		"type": "Minion",
		"description": "The pirates who guard the Queen—or at least the woman they believe to be the Queen—are some of the best the Sorority has to offer. They have proven their worth time and time again, stopping at nothing to keep their leader safe from harm. In addition to red armbands, each wears a crimson sash about the waist.",
		"characteristics": {
			"Brawn": 3,
			"Agility": 3,
			"Intellect": 2,
			"Cunning": 2,
			"Willpower": 2,
			"Presence": 2
		},
		"derived": {
			"soak": 4,
			"wounds": 6,
			"defence": [1, 1]
		},
		"skills": ["Coercion", "Cool", "Melee", "Ranged: Heavy", "Vigilance"],
		"weapons": ["Blaster carbine", "Vibro-ax"],
		"gear": ["Armoured clothing (+1 Soak, +1 Defence)"],
		"tags": ["book:motpq", "adventure:Mask of the Pirate Queen", "location:Saleceumai", "veiled sorority", "pirate"]
	},
	{
		"name": "Sorority Saboteur",
		"type": "Minion",
		"characteristics": {
			"Brawn": 2,
			"Agility": 2,
			"Intellect": 3,
			"Cunning": 2,
			"Willpower": 2,
			"Presence": 2
		},
		"derived": {
			"soak": 3,
			"wounds": 3
		},
		"skills": ["Computers", "Mechanics", "Melee", "Ranged: Light", "Skulduggery"],
		"weapons": ["Heavy blaster pistol", "Vibroknife"],
		"gear": ["Heavy clothing (+1 Soak)", "Utility belt (increases Encumberance Threshold by 1)"],
		"tags": ["book:motpq", "adventure:Mask of the Pirate Queen", "location:Ord Mantell", "veiled sorority"]
	},
	{
		"name": "Nuuno",
		"type": "Nemesis",
		"description": "A massive, omnivorous crustacean.",
		"characteristics": {
			"Brawn": 6,
			"Agility": 2,
			"Intellect": 1,
			"Cunning": 2,
			"Willpower": 4,
			"Presence": 2
		},
		"derived": {
			"soak": 10,
			"wounds": 40,
			"strain": 14
		},
		"skills": {
			"Brawl": 4,
			"Discipline": 3,
			"Perception": 3,
			"Resilience": 5,
			"Survival": 3,
			"Vigilance": 3
		},
		"weapons": [
				{
				"name": "Antennae",
				"skill": "Brawl",
				"damage": 6,
				"critical": 3,
				"range": "Short",
				"qualities": ["Ensnare 3", "Sunder"]
				},
				{
				"name": "Claws",
				"skill": "Brawl",
				"damage": 8,
				"critical": 2,
				"range": "Engaged",
				"qualities": ["Breach 2", "Vicious 3"]
				}

			],
		"tags": ["book:motpq", "creature", "location:Saleceumai", "adventure:Mask of the Pirate Queen"]
	},
	{
		"name": "Thaelo",
		"type": "Rival",
		"description": "Simian predators that dwell in the jungle trees common to Saleucami’s many craters.",
		"characteristics": {
			"Brawn": 5,
			"Agility": 4,
			"Intellect": 1,
			"Cunning": 3,
			"Willpower": 2,
			"Presence": 1
		},
		"derived": {
			"soak": 6,
			"wounds": 14,
			"defence": [0, 0]
		},
		"skills": {
			"Athletics": 4,
			"Brawl": 3,
			"Coordination": 3,
			"Perception": 3,
			"Stealth": 2,
			"Survival": 3
		},
		"talents": ["Lethal Blows 1"],
		"abilities": [
				{
				"name": "Excellent Climber",
				"description": "Once per game session, the character may reroll any one Athletics check made when climbing."
				}
					],
		"weapons": [
				{
				"name": "Fists",
				"skill": "Brawl",
				"damage": 5,
				"critical": 4,
				"range": "Engaged"
				}
			],
		"tags": ["book:motpq", "location:Saleceumai", "adventure:Mask of the Pirate Queen"]
	},
	{
		"name": "Consortium Starfighter Pilot",
		"type": "Rival",
		"description": "The Zann Consortium’s fighter pilots are highly skilled and proud of their elite status. Though many are cocky and overconfident, they possess the talent to back up their bravado. They come from all genders, backgrounds and species. The Consortium starfighter pilots aboard the *End of Days* are part of Sabacc Squadron, otherwise known as the “Gamblers”. Sabacc Squadron pilots are well known for their willingness to face and overcome incredible odds. Each has a callsign that corresponds to a face card from sabacc, such as “Endurance”, “Demise”, or “Star”.",
		"characteristics": {
			"Brawn": 2,
			"Agility": 4,
			"Intellect": 3,
			"Cunning": 3,
			"Willpower": 2,
			"Presence": 2
		},
		"derived": {
			"soak": 2,
			"wounds": 14
		},
		"skills": {
			"Astrogation": 2,
			"Computers": 1,
			"Discipline": 2,
			"Gunnery": 2,
			"Piloting: Space": 2,
			"Ranged: Light": 1
		},
		"talents": ["Natural Pilot"],
		"weapons": ["Blaster pistol"],
		"gear": ["Crash survival kit", "Flight suit with helmet"],
		"tags": ["book:motpq", "adventure:Mask of the Pirate Queen", "zann consortium", "pilot"]
	},
	{
		"name": "Fleet Officer",
		"type": "Rival",
		"characteristics": {
			"Brawn": 2,
			"Agility": 4,
			"Intellect": 3,
			"Cunning": 3,
			"Willpower": 2,
			"Presence": 2
		},
		"derived": {
			"soak": 2,
			"wounds": 10
		},
		"skills": {
			"Astrogation": 2,
			"Computers": 1,
			"Discipline": 3,
			"Gunnery": 2,
			"Piloting: Space": 2,
			"Ranged: Light": 1
		},
		"weapons": ["Blaster pistol"],
		"gear": ["Comlink (handheld)", "Uniform"],
		"tags": ["book:motpq", "adventure:Mask of the Pirate Queen", "zann consortium", "veiled sorority"]
	},
	{
		"name": "Gerk, Houk Supervisor",
		"type": "Rival",
		"description": "Gerk is the biggest and the strongest of the slavers, so naturally, he’s in charge. It’s his responsibility to negotiate with scrap buyers and to replenish the workforce when too many slaves die. While intelligent for a Houk, Gerk often lets his cruelty get the better of him.",
		"characteristics": {
			"Brawn": 4,
			"Agility": 2,
			"Intellect": 3,
			"Cunning": 2,
			"Willpower": 2,
			"Presence": 3
		},
		"derived": {
			"soak": 5,
			"wounds": 10,
			"defence": [1, 1]
		},
		"skills": {
			"Brawl": 3,
			"Coercion": 3,
			"Resilience": 3,
			"Vigilance": 2,
			"Ranged: Light": 3
		},
		"weapons": ["Heavy blaster pistol", "Brass knuckles"],
		"gear": ["Armoured clothing (+1 Soak, Defence 1)", "Breath mask"],
		"tags": ["book:motpq", "adventure:Mask of the Pirate Queen", "location:Ord Mantell", "species:Houk", "slaver"]
	},
	{
		"name": "Graf Lind, Former Pirate",
		"type": "Rival",
		"description": "Graf is a human male in his fifties, though his lifestyle has ages him prematurely. His hair is long, gray, and unkempt, and his blue eyes are dull—unless he’s interested in something. His cheap prosthetic leg—all he could affford following the tender mercy of the Veiled Sorority—makes him walk with a noticeable limp, and often uses a polishes bubse wood cane for support. Graf hsd largely given up on life, whether he admits ir ot not, and has decided to drink himself to death. Despite this, he fantasizes about returning to the Sorority someday, for he believes the best years of his life were spent there.",
		"characteristics": {
			"Brawn": 2,
			"Agility": 3,
			"Intellect": 2,
			"Cunning": 3,
			"Willpower": 2,
			"Presence": 3
		},
		"derived": {
			"soak": 3,
			"wounds": 12,
			"defence": [0, 0]
		},
		"skills": {
			"Athletics": 1,
			"Brawl": 2,
			"Charm": 3,
			"Deception": 3,
			"Knowledge: Underworld": 2,
			"Melee": 3,
			"Ranged: Light": 3,
			"Streetwise": 3
		},
		"weapons": ["Holdout blaster", "Vibrorapier"],
		"talents": ["Natural Brawler", "Quick Draw"],
		"gear": ["Heavy clothing (+1 Soak)", "Prosthetic leg replacement"],
		"tags": ["book:motpq", "location:Saleceumai", "adventure:Mask of the Pirate Queen"]
	},
	{
		"name": "Oake, Veteran Clone Trooper",
		"type": "Rival",
		"description": "Oake began as the platoon’s medic, but when its last gunner was killed, he was “promoted” to fill the gap. He does his best to keep the other troopers healthy, even though he lacks any formal medical facilities and can only use what supplies the pirates occasionally provide.",
		"characteristics": {
			"Brawn": 2,
			"Agility": 2,
			"Intellect": 2,
			"Cunning": 2,
			"Willpower": 3,
			"Presence": 2
		},
		"derived": {
			"soak": 5,
			"wounds": 13,
			"defence": [0, 0]
		},
		"skills": {
			"Athletics": 2,
			"Discipline": 2,
			"Medicine": 2,
			"Melee": 2,
			"Ranged: Heavy": 2,
			"Survival": 2,
			"Vigilance": 3
		},
		"weapons": ["Vibroknife", "Blaster pistol",
			{
				"name": "Light repeating blaster",
				"skill": "Ranged: Heavy",
				"damage": 11,
				"critical": 3,
				"range": "Long",
				"qualities": ["Cumbersome 3", "Auto-Fire", "Pierce 1"]
			}
				],
		"talents": ["Point Blank 1"],
		"abilities": ["Teamwork",
				{
					"name": "Hard of Hearing",
					"description": "Add :setback: when attempting a Perception check based on auditory clues."
				}
					],
		"gear": ["Worn clone trooper armour (+2 Soak)", "Utility belt (increase Encumberance Threshold by 1)"],
		"tags": ["book:motpq", "location:Saleceumai", "adventure:Mask of the Pirate Queen", "clone trooper"]
	},
	{
		"name": "Jayk, Veteran Clone Trooper",
		"type": "Rival",
		"description": "Jayk, Rafe and Tojo are the last remaining “rank-and-file” clone troopers in the platoon. As generalists, they are the backbone of the group, providing mobile firepower while Zeke gives orders and Oake lays down a heavy field of fire. While Jayk is the smart aleck of the group and Tojo is level-headed and stable under fire, Rafe is generally dour, pessimistic, and easily aggrevated.",
		"characteristics": {
			"Brawn": 2,
			"Agility": 2,
			"Intellect": 2,
			"Cunning": 2,
			"Willpower": 3,
			"Presence": 1
		},
		"derived": {
			"soak": 5,
			"wounds": 13,
			"defence": [0, 0]
		},
		"skills": {
			"Athletics": 2,
			"Discipline": 2,
			"Melee": 2,
			"Ranged: Heavy": 2,
			"Survival": 2,
			"Vigilance": 3
		},
		"weapons": ["Blaster rifle", "Vibroknife"],
		"talents": ["Adversary 1", "Point Blank 1"],
		"abilities": ["Near-Sighted","Teamwork"],
		"gear": ["Worn clone trooper armour (+2 Soak)", "Utility belt (increase Encumberance Threshold by 1)"],
		"tags": ["book:motpq", "location:Saleceumai", "adventure:Mask of the Pirate Queen", "clone trooper"]
	},
	{
		"name": "Tojo, Veteran Clone Trooper",
		"type": "Rival",
		"description": "Jayk, Rafe and Tojo are the last remaining “rank-and-file” clone troopers in the platoon. As generalists, they are the backbone of the group, providing mobile firepower while Zeke gives orders and Oake lays down a heavy field of fire. While Jayk is the smart aleck of the group and Tojo is level-headed and stable under fire, Rafe is generally dour, pessimistic, and easily aggrevated.",
		"characteristics": {
			"Brawn": 2,
			"Agility": 2,
			"Intellect": 2,
			"Cunning": 2,
			"Willpower": 3,
			"Presence": 1
		},
		"derived": {
			"soak": 5,
			"wounds": 13,
			"defence": [0, 0]
		},
		"skills": {
			"Athletics": 2,
			"Discipline": 2,
			"Melee": 2,
			"Ranged: Heavy": 2,
			"Survival": 2,
			"Vigilance": 3
		},
		"weapons": ["Blaster rifle", "Vibroknife"],
		"talents": ["Adversary 1", "Point Blank 1"],
		"abilities": ["Teamwork",
				{
					"name": "Poor Memory",
					"description": "Has difficulty remembering specific details, and must succeed at an :average: Vigilance check to recall anything important."
				}
					],
		"gear": ["Worn clone trooper armour (+2 Soak)", "Utility belt (increase Encumberance Threshold by 1)"],
		"tags": ["book:motpq", "location:Saleceumai", "adventure:Mask of the Pirate Queen", "clone trooper"]
	},
	{
		"name": "Rafe, Veteran Clone Trooper",
		"type": "Rival",
		"description": "Jayk, Rafe and Tojo are the last remaining “rank-and-file” clone troopers in the platoon. As generalists, they are the backbone of the group, providing mobile firepower while Zeke gives orders and Oake lays down a heavy field of fire. While Jayk is the smart aleck of the group and Tojo is level-headed and stable under fire, Rafe is generally dour, pessimistic, and easily aggrevated.",
		"characteristics": {
			"Brawn": 2,
			"Agility": 2,
			"Intellect": 2,
			"Cunning": 2,
			"Willpower": 3,
			"Presence": 1
		},
		"derived": {
			"soak": 5,
			"wounds": 13,
			"defence": [0, 0]
		},
		"skills": {
			"Athletics": 2,
			"Discipline": 2,
			"Melee": 2,
			"Ranged: Heavy": 2,
			"Survival": 2,
			"Vigilance": 3
		},
		"weapons": ["Blaster rifle", "Vibroknife"],
		"talents": ["Adversary 1", "Point Blank 1"],
		"abilities": ["Teamwork",
				{
					"name": "Tremor",
					"description": "Add :setback: to any Agility checks."
				}
					],
		"gear": ["Worn clone trooper armour (+2 Soak)", "Utility belt (increase Encumberance Threshold by 1)"],
		"tags": ["book:motpq", "location:Saleceumai", "adventure:Mask of the Pirate Queen", "clone trooper"]
	},
	{
		"name": "JR-12, Independent Security Contractor",
		"description": "JR-12 is an old security droid who lost its master at least fifty years ago. Since then, it has worked as a bounty hunter, bodyguard, bouncer and security guard—sometimes all four at once—and has become recognised thoughout Morro Spaceport as one of the more reliable security contractors available. Like that of all security droids in this series, JR-12’s humanoid frame is tall and gangly, and its metallic skin is coated in a scratched-up camouflage paint job. Though blunt, is it honest to a fault and hardworking.",
		"type": "Rival",
		"characteristics": {
			"Brawn": 3,
			"Agility": 3,
			"Intellect": 2,
			"Cunning": 2,
			"Willpower": 2,
			"Presence": 1
		},
		"derived": {
			"soak": 5,
			"wounds": 16,
			"defence": [1, 1]
		},
		"skills": {
			"Cool": 3,
			"Discipline": 3,
			"Mechanics": 2,
			"Negotiation": 2,
			"Perception": 3,
			"Ranged: Heavy": 2,
			"Vigilance": 3
		},
		"weapons": [
			{
				"name": "Blaster carbine",
				"skill": "Ranged: Heavy",
				"damage": 9,
				"critical": 3,
				"range": "Medium",
				"qualities": ["Stun", "Forearm Grip"]
			}
				],
		"talents": ["Natural Hunter"],
		"abilities": ["Droid"],
		"gear": ["Worn clone trooper armour (+2 Soak)", "Utility belt (Increase encumberance threshold by 1)"],
		"tags": ["book:motpq", "adventure:Mask of the Pirate Queen", "species:Droid", "location:Ord Mantell", "bounty hunter"]
	},
	{
		"name": "Jyd Renyr, Arena Manager",
		"type": "Rival",
		"description": "Jyd is an exceedingly portly human with a bald head and beady eyes. He dresses in a fine suit tailored for his excessive physique, and he wanders the arena’s edges with surprising speed and agility. Above all things, Jyd is concerned with profits. He doesn’t care who fights (or dies) as long as they pay the requisite charges, as well as any additional fees he decides to tack on for his trouble. Despite his lack of compassion, he’s of the opinion that anyone who wants to fight Flutterplume is either stupid or crazy.",
		"characteristics": {
			"Brawn": 2,
			"Agility": 2,
			"Intellect": 3,
			"Cunning": 4,
			"Willpower": 2,
			"Presence": 3
		},
		"derived": {
			"soak": 2,
			"wounds": 13
		},
		"skills": {
			"Charm": 2,
			"Coercion": 3,
			"Deception": 2,
			"Discipline": 2,
			"Leadership": 1,
			"Negotiation": 2,
			"Streetwise": 3
		},
		"gear": ["Comlink", "Datapad", "Fine suit"],
		"tags": ["book:motpq", "adventure:Mask of the Pirate Queen", "location:Ord Mantell"]
	},
	{
		"name": "Krash, Sorority Kill Team Leader",
		"type": "Rival",
		"description": "Krash is a large and imposing Barabel shockboxer who washed out after a lost bout that nearly killed him. Disgraced, he turned to drink and spice until he met with a Sorority recuiter in the cantina. He has since recovered from his shame and addiction, and dedicates himself to the Sorority’s business on Saleucami.",
		"characteristics": {
			"Brawn": 4,
			"Agility": 3,
			"Intellect": 2,
			"Cunning": 3,
			"Willpower": 2,
			"Presence": 2
		},
		"derived": {
			"soak": 6,
			"wounds": 16,
			"defence": [1, 1]
		},
		"skills": {
			"Brawl": 3,
			"Cool": 2,
			"Leadership": 1,
			"Melee": 2,
			"Ranged: Light": 3,
			"Vigilance": 2
		},
		"weapons": ["Heavy blaster pistol", "Shock gloves"],
		"gear": ["Armoured clothing (+1 Soak, +1 Defence)"],
		"tags": ["book:motpq", "location:Saleceumai", "adventure:Mask of the Pirate Queen", "species:Barabel", "veiled sorority"]
	},
	{
		"name": "Krezo Wasanti, Fence",
		"type": "Rival",
		"characteristics": {
			"Brawn": 1,
			"Agility": 2,
			"Intellect": 4,
			"Cunning": 3,
			"Willpower": 2,
			"Presence": 3
		},
		"derived": {
			"soak": 1,
			"wounds": 11
		},
		"skills": {
			"Charm": 2,
			"Deception": 2,
			"Knowledge: Underworld": 4,
			"Mechanics": 1,
			"Negotiation": 3,
			"Ranged: Light": 1,
			"Streetwise": 3
		},
		"weapons": ["Light blaster pistol"],
		"gear": ["Fine clothes", "Import/export shop keycard", "ASP series labour droid"],
		"tags": ["book:motpq", "location:Saleceumai", "adventure:Mask of the Pirate Queen", "species:Rodian"]
	},
	{
		"name": "Lathe, Sorority Slicer",
		"type": "Rival",
		"description": "Lathe is one of the Sorority’s best slicers on Saleucami. She’s been assigned to monitor the planet’s SororiNet node, and the job couldn’t suit her better. Though rarily seen outside the confines of her apartment in Taleucema, Lather emerges from time to time to replenish her supply of Booster Blue. She is a short, slight wisp of a human woman in her early twenties, with short-cropped red hair and hazel eyes.",
		"characteristics": {
			"Brawn": 1,
			"Agility": 3,
			"Intellect": 4,
			"Cunning": 2,
			"Willpower": 3,
			"Presence": 3
		},
		"derived": {
			"soak": 2,
			"wounds": 11
		},
		"skills": {
			"Brawl": 2,
			"Computers": 3,
			"Discipline": 2,
			"Knowledge: Education": 3,
			"Knowledge: Underworld": 3,
			"Mechanics": 2,
			"Perception": 3
		},
		"talents": ["Defensive Slicing 2"],
		"weapons": ["Brass knuckles"],
		"gear": ["Heavy clothing (+1 Soak)", "Slicer Gear", "Datapad", "Tool kit", "Booster Blue (3 doses)"],
		"tags": ["book:motpq", "location:Saleceumai", "adventure:Mask of the Pirate Queen", "veiled sorority"]
	},
	{
		"name": "Mandi, Revah’s Bodyguard",
		"type": "Rival",
		"description": "Mandi is the only member of the Sorority on Saleucami who knows that Revah is not the real Pirate Queen. She possesses ambitions of her own, however, and these include engineering Revah’s capture or death so that she can claim her mask on Saleucami. To this end, Mandi ensured thatg Krezo Wasanti knew the name of the pirate base’s location when she sold him a large amount of Consortium plunder.",
		"characteristics": {
			"Brawn": 2,
			"Agility": 3,
			"Intellect": 3,
			"Cunning": 2,
			"Willpower": 2,
			"Presence": 3
		},
		"derived": {
			"soak": 4,
			"wounds": 14
		},
		"skills": {
			"Athletics": 2,
			"Coercion": 3,
			"Deception": 2,
			"Leadership": 2,
			"Melee": 3,
			"Piloting: Planetary": 3,
			"Ranged: Light": 2,
			"Stealth": 3
		},
		"talents": ["Adversary 1", "Deadly Accuracy (Ranged: Light) 1"],
		"weapons": ["Blaster pistol", "Vibrosword"],
		"gear": ["Laminate armour (+2 Soak)", "Secured comlink"],
		"tags": ["book:motpq", "location:Saleceumai", "adventure:Mask of the Pirate Queen", "veiled sorority"]
	},
	{
		"name": "Mantellian Pterosaur",
		"type": "Rival",
		"characteristics": {
			"Brawn": 4,
			"Agility": 4,
			"Intellect": 1,
			"Cunning": 3,
			"Willpower": 2,
			"Presence": 1
		},
		"derived": {
			"soak": 4,
			"wounds": 16
		},
		"skills": {
			"Athletics": 2,
			"Brawl": 3,
			"Coordination": 4,
			"Perception": 3,
			"Survival": 3
		},
		"talents": ["Flyer"],
		"abilities": [
			"Silhouette 2",
			{
				"name": "Keen Eyesight",
				"description": "Add :boost: to any Perception checks involving vision."
			}
		],
		"weapons": [
			{
				"name": "Claws",
				"skill": "Brawl",
				"damage": 5,
				"critical": 5,
				"range": "Engaged"
			},
			{
				"name": "Teeth",
				"skill": "Brawl",
				"damage": 4,
				"critical": 3,
				"range": "Engaged",
				"qualities": ["Sunder", "Vicious 2"]
			}
		],
		"tags": ["book:motpq", "location:Ord Mantell", "adventure:Mask of the Pirate Queen", "creature"]
	},
	{
		"name": "Mantellian Savrip",
		"type": "Rival",
		"description": "Though Ord Mantell is home to millions of unique species, the most notable of them is the Savrip. Though Savrips have long been considered semi-sentient by xenobiologists from the Core Worlds, their perceived intellect remains a contentious subject. To the people of Ord Mantell, however, there is no doubt that Savrips are cunning, intelligent, and—most of all—dangerous. Nearly four meters tall when standing fully erect, Savrips move in a hunched posture that disguises their height while exaggerating their already prodigious bulk. Their necks are long and topped by snake-like heads, and their muscular arms drag upon the ground. Though primitive, Savrips prefer to wear clothing, and many wield large clubs as weapons.",
		"characteristics": {
			"Brawn": 5,
			"Agility": 2,
			"Intellect": 1,
			"Cunning": 3,
			"Willpower": 2,
			"Presence": 1
		},
		"derived": {
			"soak": 5,
			"wounds": 24
		},
		"skills": {
			"Athletics": 2,
			"Brawl": 3,
			"Discipline": 2,
			"Melee": 2,
			"Perception": 2,
			"Resilience": 3,
			"Vigilance": 2
		},
		"abilities": ["Silhouette 2", "Poisonous Bite"],
		"weapons": [
			{
			"name": "Large club",
			"skill": "Melee",
			"damage": 8,
			"critical": 3,
			"range": "Engaged",
			"qualities": ["Disorient 3"]
			}
		],
		"tags": ["book:motpq", "location:Ord Mantell", "adventure:Mask of the Pirate Queen", "species:Savrip"]
	},
	{
		"name": "Scrap Nomad",
		"type": "Rival",
		"description": "Evun, Alva, and Theel.",
		"characteristics": {
			"Brawn": 3,
			"Agility": 2,
			"Intellect": 2,
			"Cunning": 3,
			"Willpower": 3,
			"Presence": 2
		},
		"derived": {
			"soak": 4,
			"wounds": 13
		},
		"skills": {
			"Athletics": 2,
			"Negotiation": 2,
			"Perception": 3,
			"Ranged: Heavy": 2,
			"Ranged: Light": 1,
			"Survival": 3
		},
		"weapons": ["Slugthrower rifle", "Slugthrower pistol", "Gaffi stick"],
		"gear": ["Adverse environment gear", "Utility belt", "Various tools"],
		"tags": ["book:motpq","adventure:Mask of the Pirate Queen", "location:Ord Mantell"]
	},
	{
		"name": "Sorority Bodyguard",
		"type": "Rival",
		"description": "Though the bodyguard is ostensibly present on behalf of the Queen to protect Micael Torval, he is actually there to ensure Micael remains loyal. He is also under orders to kill Torval should the need ever arise. The bodyguard is a male human who dresses in casual, yet functional, clothing and carries a blaster pistol in a concealed holster.",
		"characteristics": {
			"Brawn": 3,
			"Agility": 3,
			"Intellect": 2,
			"Cunning": 2,
			"Willpower": 3,
			"Presence": 2
		},
		"derived": {
			"soak": 4,
			"wounds": 13
		},
		"skills": {
			"Athletics": 2,
			"Melee": 2,
			"Brawl": 3,
			"Cool": 2,
			"Piloting: Planetary": 2,
			"Ranged: Light": 3,
			"Vigilance": 3
		},
		"talents": ["Targeted Blow"],
		"weapons": ["Blaster pistol", "Vibroknife"],
		"gear": ["Heavy clothing (+1 Soak)", "Comlink"],
		"tags": ["book:motpq","adventure:Mask of the Pirate Queen", "location:Ord Mantell", "veiled sorority"]
	},
	{
		"name": "The Anvil, Arena Fighter",
		"type": "Rival",
		"description": "The Anvil, otherwise known as Parsons to his small group of what pass for friends, has been fighting in the Loaded Savrip’s arena for some time. He’s what most consider a midrate fighter who might have had a promising career if his luck wouldn’t have been so bad. Now he’s a fixture here, occasionally in a bout or who when the audience is bored or edgy.",
		"characteristics": {
			"Brawn": 3,
			"Agility": 3,
			"Intellect": 2,
			"Cunning": 2,
			"Willpower": 2,
			"Presence": 2
		},
		"derived": {
			"soak": 3,
			"wounds": 13
		},
		"skills": {
			"Athletics": 2,
			"Brawl": 3,
			"Coercion": 2,
			"Coordination": 3,
			"Discipline": 2,
			"Melee": 2,
			"Resilience": 2,
			"Streetwise": 1
		},
		"gear": ["Mask", "Wrestling costume"],
		"tags": ["book:motpq","adventure:Mask of the Pirate Queen", "location:Ord Mantell", "gladiator"]
	},
	{
		"name": "Wounded Mantellian Savrip",
		"type": "Rival",
		"characteristics": {
			"Brawn": 5,
			"Agility": 2,
			"Intellect": 1,
			"Cunning": 3,
			"Willpower": 2,
			"Presence": 1
		},
		"derived": {
			"soak": 5,
			"wounds": 18
		},
		"skills": {
			"Athletics": 2,
			"Brawl": 3,
			"Discipline": 2,
			"Melee": 2,
			"Perception": 2,
			"Resilience": 2,
			"Vigilance": 2
		},
		"abilities": ["Silhouette 2", "Poisonous Bite"],
		"weapons": [
			{
			"name": "Large club",
			"skill": "Melee",
			"damage": 8,
			"critical": 3,
			"range": "Engaged",
			"qualities": ["Disorient 3"]
			}
		],
		"tags": ["book:motpq", "location:Ord Mantell", "adventure:Mask of the Pirate Queen", "species:Savrip"]
	},
	{
		"name": "Aimee “Flutterplume” Kraeff, Pit Fighter",
		"type": "Nemesis",
		"description": "Aimee Kraeff has worked much of her life to rise above her family’s poverty. Born to Corellian parents in one of Ord Mantell’s farming villages, she ran away from home in her teens and was nearly killed by a Mantellian Savrip. A band of Scraplands nomads found her near death and nursed her back to health before taking her to Worlport. Alone and without prospects, Aimee soon found herself participating in underground blood sports under the alias of Flutterplume. Since then, she’s made quite a name for herself. Aimee intends to return to her family and lift them out of poverty once she’s made her fortune as a fighter in Worlport. She sends money to her parents whenever she can, but she’s heard nothing from them for several weeks and is growing increasingly worried. Flutterplume is a muscular young woman in her early twenties with spiked hair and grey eyes. Her back is marred by a series of deep scars, souvenirs from the Savrip attack she survived in her youth. When fighting, she does so anonymously, wearing a thin, form-fitting mask adorned with shining flutterplume feathers.",
		"characteristics": {
			"Brawn": 4,
			"Agility": 3,
			"Intellect": 2,
			"Cunning": 2,
			"Willpower": 2,
			"Presence": 3
		},
		"derived": {
			"soak": 5,
			"wounds": 15,
			"strain": 14,
			"defence": [0, 0]
		},
		"skills": {
			"Athletics": 3,
			"Brawl": 4,
			"Cool": 2,
			"Discipline": 2,
			"Melee": 3,
			"Resilience": 3,
			"Streetwise": 2,
			"Survival": 3,
			"Vigilance": 3
		},
		"gear": ["Colourful wrestling costume", "Armoured clothing (+1 Soak)", "Feathered mask"],
		"talents": ["Adversary 2", "Frenzied Attack 2"],
		"weapons": ["Vibroknucklers"],
		"tags": ["book:motpq", "adventure:Mask of the Pirate Queen", "location:Ord Mantell", "gladiator"]
	},
	{
		"name": "Illo Vandin, Herglic Crime Lord",
		"type": "Nemesis",
		"description": "Illo Vardin is a career gambler who made his fortune on Ord Mantell. Born on the Herglic world of Giju, he emigrated at an early age. He spent most of his formative years plying the Outer Rim’s hyperspace lanes as part of a smuggler’s crew. When the smuggler’s ship was repossessed by an angry cruie lord, Illo found himself on Ord Mantell. Like most Herglics, Illo is tall and broad, with deep grey skin. He dresses in well-made clothing that mimics fashions popular with Worlport’s gamblers, and he always wears a short cape made of black shimmersilk. He projects a calm and friendly demeanor to guests and friends, but behind this mask he is a cold, calculating, and suspicious businessman. When speaking, Illo tends to ask rhetorical questions of those around him, and is amused when individuals insist on answering them.",
		"characteristics": {
			"Brawn": 5,
			"Agility": 2,
			"Intellect": 3,
			"Cunning": 4,
			"Willpower": 4,
			"Presence": 3
		},
		"derived": {
			"soak": 6,
			"wounds": 20,
			"strain": 16,
			"defence": [0, 0]
		},
		"skills": {
			"Brawl": 2,
			"Charm": 4,
			"Cool": 4,
			"Deception": 4,
			"Knowledge: Underworld": 4,
			"Negotiation": 3,
			"Ranged: Light": 2,
			"Streetwise": 4
		},
		"gear": ["Comlink", "Fine clothing"],
		"talents": ["Adversary 1", "Nobody’s Fool 2"],
		"weapons": ["Heavy blaster pistol"],
		"tags": ["book:motpq", "adventure:Mask of the Pirate Queen", "location:Ord Mantell", "species:Herglic", "crime lord"]
	},
	{
		"name": "Jerid Sykes, Consortium Admiral",
		"type": "Nemesis",
		"description": "Jerid Sykes, once a Republic fleet officer, cut his proverbial teeth during the Clone Wars. When the Republic dissolved into the Empire, Jerid constantly butted heads with the new class of officers who were commissioned due to their connections rather than their skill. His stubbornness eventually cost him his post, but it wasn’t long before representatives of the Zann Consortium found him and offered him a lucrative career as one of its fleet officers. Having nothing more to lose, Jerid agreed.",
		"characteristics": {
			"Brawn": 2,
			"Agility": 4,
			"Intellect": 3,
			"Cunning": 3,
			"Willpower": 3,
			"Presence": 2
		},
		"derived": {
			"soak": 3,
			"wounds": 16,
			"strain": 15,
			"defence": [0, 0]
		},
		"skills": {
			"Astrogation": 3,
			"Coercion": 2,
			"Cool": 3,
			"Discipline": 3,
			"Gunnery": 3,
			"Leadership": 3,
			"Piloting: Space": 3,
			"Ranged: Light": 2,
			"Survival": 2
		},
		"gear": ["Comlink", "Fine clothing"],
		"talents": ["Intimidating 2", "Natural Pilot"],
		"weapons": ["Heavy blaster pistol"],
		"tags": ["book:motpq", "adventure:Mask of the Pirate Queen", "zann consortium"]
	},
	{
		"name": "Micael Torval, Professional Sabacc Player",
		"type": "Nemesis",
		"description": "Micael Torval wa born on the Inner Rim world of Taanab to a wealthy family. Shortly after coming of age, he attended university on Coruscant, but the stale predictability of classes and his parents’ conservative expectations drive him to strike out on his own. As he traveled the galaxy, avoiding the stream of bounty hunters sent looking for him, he grew increasingly addicted to gambling. Fortunately, he had a knack for sabacc. Much of his success stemmed from his latent Force abilities, which even he is unaware of. Though he eventually settled down on Ord Mantell, Micael doesn’t intend to remain there for much longer. He had hoped to profit from his current mistress’ affection before moving on. Unfortunately, he knows too much for the Queen to be truly comfortable with his survival outside of her purview. Micael is a handsome man with black hair and blue eyes who looks much younger than his forty-two years. He dresses in fashionable clothes, and though not a fighter, he carries at least two holdout blasters. He is incredibly charming, and has little trouble using his talents to further his own ends.",
		"characteristics": {
			"Brawn": 2,
			"Agility": 2,
			"Intellect": 4,
			"Cunning": 4,
			"Willpower": 3,
			"Presence": 4
		},
		"derived": {
			"soak": 2,
			"wounds": 12,
			"strain": 13,
			"defence": [0, 0]
		},
		"skills": {
			"Charm": 3,
			"Cool": 3,
			"Deception": 4,
			"Knowledge: Education": 2,
			"Negotiation": 3,
			"Perception": 3,
			"Ranged: Light": 1,
			"Streetwise": 2
		},
		"gear": ["Fashionable clothing"],
		"talents": ["Sense Emotions 1", "Force Rating 1"],
		"weapons": ["Holdout blaster"],
		"tags": ["book:motpq", "adventure:Mask of the Pirate Queen", "location:Ord Mantell", "gambler"]
	},
	{
		"name": "Noira, Pirate Queen",
		"type": "Nemesis",
		"description": "Noira is an Ubese female in her mid-forties, with pale skin and piercing blue eyes that swirl like liquid behind her platinum mask. Her hair is shoulder-length and ebony, and she wears a sharp uniform that adds even more to her air of command. As an Ubese, Noira wears a discreet breath mask that supplies her with the atmosphere mixture she requires to survive. She keeps a blaster at her side and his proficient with her vibrorapier. Her true weapon, though, is her charm. Under the circumstances, Noira is more interested in survival than combat. Things have gone poorly, and even if she survives the Consortium’s ambush, her credibility within the Veiled Sorority has been completely shattered. In fact, it’s unlikely she’ll be the Queen for much longer, and she knows it.",
		"characteristics": {
			"Brawn": 2,
			"Agility": 4,
			"Intellect": 4,
			"Cunning": 4,
			"Willpower": 4,
			"Presence": 5
		},
		"derived": {
			"soak": 5,
			"wounds": 16,
			"strain": 18,
			"defence": [1, 0]
		},
		"skills": {
			"Charm": 4,
			"Coercion": 3,
			"Cool": 5,
			"Deception": 4,
			"Knowledge: Underworld": 3,
			"Leadership": 5,
			"Melee": 3,
			"Negotiation": 4,
			"Ranged: Light": 2,
			"Streetwise": 4
		},
		"gear": ["Armoured uniform (+1 Soak)", "Breath mask", "Ornate armour (+2 Soak)","Pirate Queen’s mask"],
		"talents": ["Adversary 2", "Command 2", "Steely Nerves"],
		"abilities": [
			{
			"name": "Awe-Inspiring",
			"description":"Noira is such an awe-inspiring figure that anyone attempting to attack her suffers a :setback: to their check unless they spend a Destiny Point. Use of the Destiny Point for this purpose makes the character in question immune from this ability."
			}
			],
		"weapons": ["Light blaster pistol", "Vibrorapier"],
		"tags": ["book:motpq", "adventure:Mask of the Pirate Queen", "veiled sorority", "species:Ubese"]
	},
	{
		"name": "Porel Vakra, Zann Consortium Underboss",
		"type": "Nemesis",
		"description": "Given that Porel has been a Consortium member for nearly fifteen years, many are surprised he hasn’t advanced higher in the ranks. The truth is, he enjoys being where he is, and he has proven himself to be a loyal member of the Zann Consortium time and time again. Porel is a perpetuallt stoic Twi’lek, both in his manner and his speech. He dresses conservatively, favoring tailored suits that conceal his hidden pistol. Based on his plain appearance, many people underestimate him—often to their painful detriment.",
		"characteristics": {
			"Brawn": 3,
			"Agility": 3,
			"Intellect": 3,
			"Cunning": 3,
			"Willpower": 4,
			"Presence": 2
		},
		"derived": {
			"soak": 4,
			"wounds": 16,
			"strain": 18,
			"defence": [0, 0]
		},
		"skills": {
			"Brawl": 3,
			"Coercion": 2,
			"Cool": 3,
			"Knowledge: Underworld": 3,
			"Negotiation": 2,
			"Ranged: Light": 3,
			"Streetwise": 3
		},
		"gear": ["Armoured suit (+1 Soak)", "Comlink", "Datapad"],
		"talents": ["Adversary 1", "Dodge 1", "Point Blank 2"],
		"weapons": ["Blaster pistol",
				{
				"name": "Holdout blaster",
				"skill": "Ranged: Light",
				"damage": 6,
				"critical": 4,
				"range": "Short",
				"qualities": ["Stun Setting", "Superior"]
				}
			],
		"tags": ["book:motpq", "species:Twi’lek", "adventure:Mask of the Pirate Queen", "zann consortium"]
	},
	{
		"name": "Revah, Decoy Pirate Queen",
		"type": "Nemesis",
		"description": "The leader of the Veiled Sorority on Saleucami is Revah, a middle-aged human female who has been with the pirate group for over a decade. One of the Queen’s decoys, she wears a mask that is nearly identical to the one worn by the Sorority’s leader. Without her mask, she appears as a rather plain human female with high cheekbones, blue eyes, and braided grey hair. As far as the Saleucami’s Sorority’s pirates are concerned, she is the Queen; only one or two individuals know the truth behind her duplicity. Despite being a surrogate queen, Revah is a canny operator and leader who hopes to be elevated to the Queen’s position in time.",
		"characteristics": {
			"Brawn": 2,
			"Agility": 3,
			"Intellect": 4,
			"Cunning": 4,
			"Willpower": 3,
			"Presence": 3
		},
		"derived": {
			"soak": 3,
			"wounds": 16,
			"strain": 16,
			"defence": [0, 0]
		},
		"skills": {
			"Charm": 3,
			"Coercion": 3,
			"Cool": 2,
			"Deception": 3,
			"Discipline": 3,
			"Knowledge: Underworld": 3,
			"Leadership": 3,
			"Ranged: Light": 2,
			"Vigilance": 4
		},
		"gear": ["Heavy clothing (+1 Soak)", "Sorority Mask (Upgrades all Deception skill checks made to disguise the wearer once; removes up to :setback::setback: added to all Perception, Vigilance, and combat skill checks due to darkness, smoke, or other environmental effects that obscure vision)"],
		"talents": ["Adversary 1", "Soft Spot"],
		"abilities": ["Pirate Leader"],
		"weapons": ["Blaster pistol", "Vibroknife"],
		"tags": ["book:motpq", "adventure:Mask of the Pirate Queen", "veiled sorority"]
	},
	{
		"name": "Ryale Wei, Majordomo",
		"type": "Nemesis",
		"description": "Ryale Wei has ably served the Veiled Sorority for most of her life. Though she’s always aspired to assume the role of Pirate Queen eventually, she takes some comfort in being a lotal second-in-command. She firmly believes that most of the Queen’s decisions are actually hers anyway, and she enjoys taking credit for the Queen’s actions. Ryale is a female human in her middle years, with platinum hair and golden eyes. She’s vain to a fault, and has used regenerative treatments to maintain her youthful appearance for many years now. Aside from her extreme vanity, she’s also overconfident. Even if confronted with violence, Ryale doesn’t fight back. She prefers to guarantee her safety through surrender and delaying tactics.",
		"characteristics": {
			"Brawn": 2,
			"Agility": 2,
			"Intellect": 4,
			"Cunning": 4,
			"Willpower": 3,
			"Presence": 4
		},
		"derived": {
			"soak": 2,
			"wounds": 13,
			"strain": 13,
			"defence": [0, 0]
		},
		"skills": {
			"Charm": 3,
			"Coercion": 4,
			"Cool": 3,
			"Deception": 4,
			"Knowledge: Underworld": 4,
			"Leadership": 4,
			"Melee": 3,
			"Streetwise": 4
		},
		"talents": ["Adversary 2", "Nobody’s Fool 2"],
		"abilities": ["Leader"],
		"weapons": ["Vibrorapier"],
		"tags": ["book:motpq", "adventure:Mask of the Pirate Queen", "veiled sorority", "location:Ord Mantell", "majordomo"]
	},
	{
		"name": "Savrip Guards",
		"type": "Nemesis",
		"description": "The Queen keeps two Savrip guards, Kel and Tur, near her throne at all times. The two have been raised from birth to serve the Sorority, and they will gladly die for their Queen. The Queen uses the two Savrips to strike fear into the hearts of her subordinates and enemies. Kel and Tur wear fine, custom-made armour, and each one wields a huge spiked mace crafted from a black, nonreflective alloy.",
		"notes": "Tur and Kel",
		"characteristics": {
			"Brawn": 5,
			"Agility": 3,
			"Intellect": 1,
			"Cunning": 3,
			"Willpower": 3,
			"Presence": 2
		},
		"derived": {
			"soak": 6,
			"wounds": 24,
			"strain": 8,
			"defence": [1, 1]
		},
		"skills": {
			"Athletics": 2,
			"Brawl": 3,
			"Melee": 3,
			"Resilience": 3,
			"Survival": 2,
			"Vigilance": 4
		},
		"talents": ["Durable 2", "Frenzied Attack 1"],
		"abilities": ["Berzerk Rage"],
		"weapons": [
			{
			"name": "Spiked mace",
			"skill": "Melee",
			"damage": 9,
			"critical": 2,
			"range": "Engaged",
			"qualities": ["Disorient 3", "Pierce 2"]
			}
		],
		"gear": ["Armoured clothing (+1 defence, +1 Soak)"],
		"tags": ["book:motpq", "adventure:Mask of the Pirate Queen", "species:Savrip"]
	},
	{
		"name": "Venlana Sipal, Consortium Underboss",
		"type": "Nemesis",
		"description": "Venlana Sipal is a Saleucamian native descended from the original Pantoran colonists. She wears a mask of polite professionalism at all times, but her true nature is much more sinister. Ambitions and merciless, she does anything to ensure her own advancement. Her skin is blue and her hair a dark shade of blue-black. She generally dresses in conservative suits.",
		"characteristics": {
			"Brawn": 2,
			"Agility": 3,
			"Intellect": 3,
			"Cunning": 4,
			"Willpower": 3,
			"Presence": 4
		},
		"derived": {
			"soak": 2,
			"wounds": 12,
			"strain": 13
		},
		"skills": {
			"Charm": 3,
			"Coercion": 3,
			"Deception": 3,
			"Knowledge: Underworld": 2,
			"Melee": 2,
			"Negotiation": 3,
			"Ranged: Light": 2,
			"Streetwise": 3
		},
		"talents": ["Adversary 2", "Point Blank 2"],
		"weapons": ["Holdout blaster", "Vibroknife"],
		"gear": ["Conservative clothing", "Stimpack"],
		"tags": ["book:motpq", "location:Saleceumai", "adventure:Mask of the Pirate Queen", "species:Pantoran", "zann consortium"]
	},
	{
		"name": "Warg, Savrip Guard",
		"type": "Nemesis",
		"description": "Warg has served the Queen aboard her starship for as long as he can remember. THe ship’s cramped quarters used to bother him, but these days he doesn’t possess a coherent memory of anything else. Though he isn’t fond of guard duty, Warg considers himself to be very good at standing in one place for a long time. The only thing that might improve his day is something—ideally someone—to smash. Warg wears a suit of laminate armour made just for him, and he carries a massive vibro-axe that the Queen gave him as a present.",
		"notes": "Tur and Kel",
		"characteristics": {
			"Brawn": 5,
			"Agility": 3,
			"Intellect": 1,
			"Cunning": 3,
			"Willpower": 3,
			"Presence": 2
		},
		"derived": {
			"soak": 7,
			"wounds": 24,
			"strain": 8,
			"defence": [1, 1]
		},
		"skills": {
			"Athletics": 2,
			"Brawl": 3,
			"Melee": 3,
			"Resilience": 3,
			"Survival": 2,
			"Vigilance": 3
		},
		"talents": ["Durable 2", "Frenzied Attack 1"],
		"abilities": ["Berzerk Rage"],
		"weapons": [
			{
			"name": "Massive vibro-axe",
			"skill": "Melee",
			"damage": 9,
			"critical": 2,
			"range": "Engaged",
			"qualities": ["Cumbersome 4", "Pierce 2", "Sunder", "Vicious 3"]
			}
		],
		"gear": ["Laminate armour (+2 Soak)"],
		"tags": ["book:motpq", "adventure:Mask of the Pirate Queen", "veiled sorority", "species:Savrip"]
	},
	{
		"name": "Zeke, Clone Trooper Platoon Leader",
		"type": "Nemesis",
		"description": "Zeke was a junior sergeant at the end of the Clone Wars and became a valued part of the mercenary band of retired platoon comrades. In the years that followed, he found himself rising in rank as other members fell in action. Just prior to landing on Saleucami, he became leader of the group. Zeke is an excellent commander, but over the years he has grown distant and cold as more and more of his men have died. He was nearly killed by a pride of thaelos in Blackwind Crater, if not for Oake’s medical skills, Zekw would have lost a lot more than jusy his left arm. Despite this, he is still a capable and deadly trooper.",
		"characteristics": {
			"Brawn": 2,
			"Agility": 3,
			"Intellect": 2,
			"Cunning": 3,
			"Willpower": 3,
			"Presence": 2
		},
		"derived": {
			"soak": 5,
			"wounds": 15,
			"strain": 15,
			"defence": [0, 0]
		},
		"skills": {
			"Athletics": 2,
			"Discipline": 3,
			"Leadership": 4,
			"Melee": 3,
			"Ranged: Heavy": 3,
			"Ranged: Light": 2,
			"Resilience": 3,
			"Survival": 2,
			"Vigilance": 3
		},
		"talents": ["Adversary 1", "Point Blank 1"],
		"abilities": ["Teamwork", 
						{
							"name": "Squad Leader",
							"description": "Spend a maneuver to direct one clone trooper within Medium range. The clone trooper may perform an immediate free maneuver or add :boost: to the trooper’s next check."
						}
					],
		"weapons": ["Blaster pistol", "Vibroknife", "Frag grenade"],
		"gear": ["Worn clone trooper armour (+2 Soak)", "Utility belt"],
		"tags": ["book:motpq", "adventure:Mask of the Pirate Queen", "location:Saleceumai", "clone trooper"]
	}
]
