[
	{
		"name": "Besalisk Adventurer",
		"type": "Rival",
		"description": "A common figure in the cantinas and sabacc dens of the Outer Rim is the wandering Besalisk adventurer. These bulky four-armed avians are known for their generosity, loyalty, and fearless approach to any dangers they might face in their travels. Gregarious, clever, and sharply observant, they can prove to be a valuable source of obscure information. However, many Besalisks hide their own agenda beneath their genial demeanor, and those who interact with them would do well to remember it.",
		"characteristics": {
			"Brawn": 3,
			"Agility": 2,
			"Intellect": 2,
			"Cunning": 3,
			"Willpower": 3,
			"Presence": 2
		},
		"derived": {
			"soak": 3,
			"wounds": 12
		},
		"skills": {
			"Brawl": 2,
			"Ranged: Light": 2,
			"Survival": 2,
			"Vigilance": 2
		},
		"abilities": ["Many-armed"],
		"weapons": ["Blaster pistol", "Brass knuckles"],
		"gear": ["Utility belt"],
		"tags": ["galactic oddity", "civilian", "species:Besalisk", "book:fad"]
	},
	{
		"name": "Black Claw Saboteur",
		"type": "Minion",
		"description": "The Ashern, also called the Black Claws, have been a part of Thyferra for decades. This radical group of Vratix freedom fighters was ultimately responsible for the Thriving Season, a ten-year period during the Separatist Crisis during which the Vratix reclaimed control of bacta production from the cartels. When the Emperor returned governmental control of Thyferra to the Xucphra and Zaltin corporations, the Ash ern resurfaced. They have plagued the Bacta Cartels ever since, sabotaging production lines, bombing shipping platforms, and stealing alazhi shipments. Ashern agents often sharpen their claws and dye their carapaces matte black.",
		"characteristics": {
			"Brawn": 2,
			"Agility": 2,
			"Intellect": 3,
			"Cunning": 2,
			"Willpower": 1,
			"Presence": 1
		},
		"derived": {
			"soak": 3,
			"wounds": 5,
			"defence": [1, 0]
		},
		"skills": ["Brawl", "Mechanics", "Ranged: Light", "Stealth"],
		"abilities": ["Create Bacta"],
		"weapons": [
			"Frag grenade",
			{
				"name": "Black claws",
				"skill": "Brawl",
				"damage": 4,
				"critical": 5,
				"range": "Engaged",
				"qualities": ["Vicious 1"]
			}
		],
		"gear": ["3 Frag grenades"],
		"tags": ["galactic oddity", "book:sor", "species:Vratix", "location:Thyferra"]
	},
	{
		"name": "Chiss Mercenary",
		"type": "Nemesis",
		"description": "The blue-skinned, red-eyed Chiss seldom venture beyond their hidden homeworld deep in the Unknown Regions. Thus is it unsurprising that when one does encounter a Chiss, it is often among the worlds of the Outer Rim. When leaving their homes, some Chiss wanderers take to the hyperlanes to find adventure, trading on their cool and calculating demeanors to become skilled mercenaries. Professional soldiers for hire, Chiss mercenaries are too few to be found together in numbers; one can rarely find more than a single Chiss in an entire star system.",
		"characteristics": {
			"Brawn": 2,
			"Agility": 3,
			"Intellect": 4,
			"Cunning": 3,
			"Willpower": 2,
			"Presence": 1
		},
		"derived": {
			"soak": 4,
			"wounds": 18,
			"strain": 13,
			"defence": [1, 1]
		},
		"skills": {
			"Coercion": 2,
			"Cool": 1,
			"Coordination": 2,
			"Discipline": 3,
			"Melee": 3,
			"Ranged: Heavy": 4,
			"Resilience": 3,
			"Vigilance": 4
		},
		"talents": ["Adversary 2", "Lethal Blows 2", "Quick Strike 2"],
		"abilities": ["Infravision"],
		"weapons": ["Blaster rifle", "Cortosis sword"],
		"gear": ["Heavy battle armour (+2 Soak, +1 Defence)", "Stimpack"],
		"tags": ["galactic oddity", "civilian", "species:Chiss", "mercenary", "book:fad"]
	},
	{
		"name": "Ithorian Storyteller",
		"type": "Rival",
		"description": "The noble lthorian people, often known by the semi-derogatory nickname “Hammerheads” because of their unique cranial shape, are known for their peaceful, scholarly nature and their devotion to the natural environments of the galaxy. Many lthorians travel the galaxy aboard massive ships known as “herd ships,” although some choose to travel in a solitary manner. Those who do are often steeped in the traditions and lore of their people and enjoy gathering stories of others like themselves. To them. stories are a unique form of culture that should be studied and maintained at all costs and they are happy to speak with others who might have stories to share with them.",
		"characteristics": {
			"Brawn": 2,
			"Agility": 2,
			"Intellect": 4,
			"Cunning": 2,
			"Willpower": 3,
			"Presence": 3
		},
		"derived": {
			"soak": 3,
			"wounds": 12
		},
		"skills": {
			"Charm": 3,
			"Cool": 1,
			"Knowledge: Lore": 3
		},
		"weapons": ["Holdout blaster"],
		"tags": ["galactic oddity", "civilian", "species:Ithorian", "book:eote"]
	},
	{
		"name": "T’landa Til Charlatan",
		"type": "",
		"description": "Originally hailing from Varl, t’landa Til are massive sentient quadrupeds distantly related to the Hutts. Til possess thick, trunk like legs, a thin whip of a tail, and two slender arms. The t ’landa Til are not as wealthy or powerful as the Hutts, and many of them serve the Hutts in various capacities.",
		"characteristics": {
			"Brawn": 4,
			"Agility": 2,
			"Intellect": 2,
			"Cunning": 2,
			"Willpower": 2,
			"Presence": 2
		},
		"derived": {
			"soak": 6,
			"wounds": 20
		},
		"skills": {
			"Brawl": 1,
			"Charm": 3,
			"Deception": 3
		},
		"talents": ["Blooded 2"],
		"abilities": ["Humming Vibrations"],
		"tags": ["galactic oddity", "location:Hutt Space", "book:lonh"]
	},
	{
		"name": "Morgukai Adept",
		"type": "Nemesis",
		"description": "The Morgukai were comprised entirely of Kajain’sa’Nikto males, who passed down their traditions from father to son and practiced a specialized form of martial arts that made them dangerous foes, even for a Jedi Knight. The Morgukai employed an arsenal of esoteric weaponry and armour crafted with cortosis ore to make it resistant to the favored weapon of the Jedi—the lightsaber. Though they are widely thought to be extinct like the Jedi they once hunted, it is rumored that a few Morgukai persist and practice their art in secret.",
		"characteristics": {
			"Brawn": 4,
			"Agility": 3,
			"Intellect": 2,
			"Cunning": 2,
			"Willpower": 3,
			"Presence": 2
		},
		"derived": {
			"soak": 6,
			"wounds": 18,
			"strain": 15,
			"defence": [1, 1]
		},
		"skills": {
			"Athletics": 2,
			"Brawl": 2,
			"Cool": 1,
			"Deception": 2,
			"Discipline": 1,
			"Melee": 3,
			"Resilience": 1,
			"Survival": 2,
			"Vigilance": 2
		},
		"talents": ["Adversary 1", "Lethal Blows 2"],
		"abilities": ["Red Nikto"],
		"weapons": [
			{
				"name": "Modded cortosis staff",
				"skill": "Melee",
				"damage": 8,
				"critical": 1,
				"range": "Engaged",
				"qualities": ["Breach 1", "Cortosis", "Defensive 1"]
			}
		],
		"gear": ["Cortosis armour (+2 Soak, +1 Defence, Cortosis)"],
		"tags": ["galactic oddity", "species:Nikto", "location:Hutt Space", "book:lonh"]
	},
	{
		"name": "Mustafarian Miner",
		"type": "Rival",
		"description": "Hailing from the young, volcanic world of Mustafar, the Mustafarians are the first species there to evolve to sentience, which is remarkable considering the violent nature of their homeworld.\n\nThese bipedal humanoids stand almost two-and-a-half meters tall, and are very much at home in some of the harshest planetary conditions in the galaxy. Mustafar’s immense mineral resources have made the Mustafarians quite wealthy, and they have traded for technology and equipment to help them occupy even the harshest corners of their home planet. They quietly support the Galactic Empire in exchange for Imperial protection, happily exchanging their mineral wealth for relative privacy and advanced technology.",
		"characteristics": {
			"Brawn": 3,
			"Agility": 2,
			"Intellect": 2,
			"Cunning": 2,
			"Willpower": 2,
			"Presence": 2
		},
		"derived": {
			"soak": 4,
			"wounds": 14
		},
		"skills": {
			"Athletics": 2,
			"Brawl": 3,
			"Melee": 1,
			"Resilience": 2,
			"Vigilance": 1
		},
		"talents": ["Adversary 1"],
		"abilities": ["Heat Resistance"],
		"weapons": ["Vibro-ax"],
		"tags": ["galactic oddity", "civilian", "species:Mustafarian", "book:fad"]
	},
	{
		"name": "Evocii",
		"type": "Minion",
		"description": "The Evocii are a primitive humanoid species who were evicted from their home planet, Evocar (renamed Nal Hutta), by the Hutts in roughly 1 5,000 BBY. The Evocii were relocated to Nar Shaddaa, where the Hutts used their slave labor to build the cities of the Smuggler’s Moon. The few who survived the hard labor and prolonged exposure to Nar Shaddaa’s atmosphere retreated to the moon’s lower levels. There, centuries of pollution exposure and inbreeding have led to their becoming a wracked and sickly species.",
		"characteristics": {
			"Brawn": 1,
			"Agility": 2,
			"Intellect": 2,
			"Cunning": 2,
			"Willpower": 1,
			"Presence": 1
		},
		"derived": {
			"soak": 2,
			"wounds": 5
		},
		"skills": ["Coordination", "Survival", "Vigilance"],
		"weapons": [
			{
				"name": "Scrap crossbow",
				"skill": "Ranged: Light",
				"damage": 5,
				"critical": 5,
				"range": "Medium",
				"qualities": ["Inferior", "Vicious 1"]
			}
		],
		"gear": ["Heavy clothing (+1 Soak)"],
		"tags": ["galactic oddity", "species:Evocii", "location:Hutt Space", "book:lonh"]
	},
	{
		"name": "Yarkora Treasure Hunter",
		"type": "Rival",
		"description": "The Yarkora are a mysterious, long-lived race whose homeworld remains undiscovered by greater galactic society. Some members of their race have found their way into the seediest ports of call in the Outer Rim and use their incredibly patient methods to manipulate secrets out of even the most closely guarded individuals. These secrets they then use in the sale of information or for more profitable endeavors, the discovery of lost items and legacies to line their own coffers. Yarkora recognise the sentience of other races but do not truly consider most races to be their equal, and look upon them as lesser beings that exist only to assist them in the fulfillment of their agenda. This is not to say that they do not develop affections for others, but there is always a degree of reservation that ensures they are not fully committed to relations with outsiders.",
		"characteristics": {
			"Brawn": 3,
			"Agility": 2,
			"Intellect": 3,
			"Cunning": 4,
			"Willpower": 2,
			"Presence": 4
		},
		"derived": {
			"soak": 4,
			"wounds": 13
		},
		"skills": {
			"Charm": 2,
			"Coercion": 4,
			"Cool": 2,
			"Deception": 4,
			"Knowledge: Lore": 2
		},
		"weapons": ["Heavy blaster pistol"],
		"tags": ["galactic oddity", "species:Yarkora", "book:eote"]
	},
	{
		"name": "Klatooinian Elder",
		"type": "Nemesis",
		"description": "The Council of Elders controls all internal affairs on Klatooine. Each elder serves for life and is selected based on age and experience, as well on performance in a series of debates intended to test the elder’s knowledge of Klatooinian myths and cultural traditions. The Council of Elders also the guards Klatooine’s holy sites, including the Fountain of Ancients, and its members are thus literate in the language of the Klatooinians.",
		"characteristics": {
			"Brawn": 2,
			"Agility": 3,
			"Intellect": 3,
			"Cunning": 3,
			"Willpower": 2,
			"Presence": 3
		},
		"derived": {
			"soak": 2,
			"wounds": 16,
			"strain": 20
		},
		"skills": {
			"Charm": 1,
			"Coercion": 2,
			"Cool": 2,
			"Deception": 2,
			"Discipline": 5,
			"Knowledge: Lore": 4,
			"Leadership": 5,
			"Melee": 1,
			"Negotiate": 2,
			"Vigilance": 5
		},
		"talents": ["Adversary 2", "Inspiring Rhetoric", "Nobody’s Fool 2", "Plausible Deniability 2"],
		"abilities": ["Blessing of the Ancients"],
		"weapons": [
			{
				"name": "Ceremonial shamshir",
				"skill": "Melee",
				"plus-damage": 2,
				"critical": 3,
				"range": "Engaged",
				"qualities": ["Pierce 1", "Vicious 1"]
			}
		],
		"tags": ["galactic oddity", "species:Klatooinian", "location:Hutt Space", "book:lonh"]
	},
	{
		"name": "Ranat Scout",
		"type": "Minion",
		"description": "Ranat scouts are small of frame and wiry. They are able to easily squeeze into spaces too small for other creatures, and they use this to their advantage as they sneak about the freighter. Though they aren’t large by any stretch of the imagination, they are just as dangerous when cornered as are their larger kin.",
		"characteristics": {
			"Brawn": 1,
			"Agility": 3,
			"Intellect": 1,
			"Cunning": 3,
			"Willpower": 1,
			"Presence": 1
		},
		"derived": {
			"soak": 1,
			"wounds": 6
		},
		"skills": ["Brawl", "Melee", "Skulduggery", "Stealth", "Survival"],
		"abilities": ["Cornered Fury"],
		"weapons": [
			{
				"name": "Bite",
				"skill": "Brawl",
				"plus-damage": 0,
				"critical": 4,
				"range": "Engaged",
				"qualities": ["Pierce 1"]
			},
			{
				"name": "Makeshift knife",
				"skill": "Melee",
				"plus-damage": 1,
				"critical": 4,
				"range": "Engaged"
			}
		],
		"tags": ["book:aor", "adventure:Perlemian Haul", "location:M226 Freighter", "species:Ranat", "galactic oddity"]
	},
	{
		"name": "Ranat Stalker",
		"type": "Minion",
		"description": "The stalkers who accompany Tik on his hunting expeditions are completely subservient to their leader. They flee from their foes if Tik dies; otherwise, they bare their yellow fangs and fight.",
		"characteristics": {
			"Brawn": 2,
			"Agility": 3,
			"Intellect": 1,
			"Cunning": 3,
			"Willpower": 1,
			"Presence": 1
		},
		"derived": {
			"soak": 2,
			"wounds": 8
		},
		"skills": ["Brawl", "Melee", "Stealth", "Survival"],
		"abilities": ["Cornered Fury"],
		"weapons": [
			{
				"name": "Bite",
				"skill": "Brawl",
				"plus-damage": 0,
				"critical": 4,
				"range": "Engaged",
				"qualities": ["Pierce 1"]
			},
			{
				"name": "Makeshift spear",
				"skill": "Melee",
				"plus-damage": 1,
				"critical": 3,
				"range": "Engaged"
			}
		],
		"tags": ["book:aor", "adventure:Perlemian Haul", "location:M226 Freighter", "species:Ranat", "galactic oddity"]
	},
	{
		"name": "Gamorrean Villager",
		"type": "Rival",
		"description": "",
		"characteristics": {
			"Brawn": 4,
			"Agility": 2,
			"Intellect": 1,
			"Cunning": 1,
			"Willpower": 1,
			"Presence": 1
		},
		"derived": {
			"soak": 5,
			"wounds": 14
		},
		"skills": {
			"Brawl": 5,
			"Melee": 3
		},
		"talents": ["Knockdown"],
		"weapons": [
			{
				"name": "Huge axe",
				"skill": "Melee",
				"damage": 9,
				"critical": 3,
				"range": "Engaged",
				"qualities": ["Cumbersome 5"]
			}
		],
		"tags": ["galactic oddity", "species:Gamorrean", "book:ss"]
	}
]