[
	{
		"name": "Whiphid Thug",
		"type": "Minion",
		"description": "",
		"characteristics": {
			"Brawn": 3,
			"Agility": 2,
			"Intellect": 2,
			"Cunning": 2,
			"Willpower": 1,
			"Presence": 1
		},
		"derived": {
			"soak": 3,
			"wounds": 6
		},
		"skills": ["Brawl", "Coercion", "Melee", "Ranged: Light"],
		"weapons": ["Blaster pistol", "Brass knuckles"],
		"tags": ["underworld", "thug", "species:Whiphid", "adventure:Tatooine Manhunt"],
                "devOnly": true
	},
	{
		"name": "Lt. Voor, Imperial Officer",
		"type": "Rival",
		"characteristics": {
			"Brawn": 3,
			"Agility": 3,
			"Intellect": 2,
			"Cunning": 2,
			"Willpower": 2,
			"Presence": 2
		},
		"derived": {
			"soak": 4,
			"wounds": 15
		},
		"skills": {
			"Discipline": 3,
			"Knowledge: Warfare": 2,
			"Ranged: Light": 2 ,
			"Vigilance": 2
		},
		"talents": ["Adversary 1"],
		"abilities": ["Tactical Direction", "Overwhelming Fire"],
		"weapons": ["Blaster pistol"],
		"gear": ["Officer uniform (+1 Soak)", "Long range comlink"],
		"tags": ["empire", "imperial military", "adventure:Tatooine Manhunt"],
		"devOnly": true
	},
	{
		"name": "Kassh'ka, Seasoned Hunter",
		"type": "Rival",
		"characteristics": {
			"Brawn": 3,
			"Agility": 3,
			"Intellect": 2,
			"Cunning": 3,
			"Willpower": 2,
			"Presence": 2
		},
		"derived": {
			"soak": 5,
			"wounds": 15
		},
		"skills": {
			"Brawl": 1,
			"Coercion": 1,
			"Coordination": 1,
			"Ranged: Heavy": 2,
			"Ranged: Light": 2,
			"Survival": 2,
			"Vigilance": 1
		},
		"talents": ["Adversary 1", "Lethal Blows 1"],
		"abilities": [],
		"weapons": ["Heavy blaster pistol", "Disruptor rifle"],
		"gear": ["Laminate armour (+2 soak)"],
		"tags": ["adventure:Tatooine Manhunt"],
		"devOnly": true
	}
]