<?xml version="1.0"?>
<ForcePower xmlns:xsi="http://www.w3.org/2001/XMLSchema-instance" xmlns:xsd="http://www.w3.org/2001/XMLSchema">
  <Key>ENDURE</Key>
  <Name>Endure</Name>
  <Description>Please see page 36 of the Knights of Fate Sourcebook for details.
</Description>
  <Source Page="36">Knights of Fate</Source>
  <AbilityRows>
    <AbilityRow>
      <Abilities>
        <Key>ENDUREBASIC</Key>
        <Key>ENDUREBASIC</Key>
        <Key>ENDUREBASIC</Key>
        <Key>ENDUREBASIC</Key>
      </Abilities>
      <Directions>
        <Direction>
          <Down>true</Down>
        </Direction>
        <Direction />
        <Direction />
        <Direction />
      </Directions>
      <AbilitySpan>
        <Span>4</Span>
        <Span>0</Span>
        <Span>0</Span>
        <Span>0</Span>
      </AbilitySpan>
      <Costs>
        <Cost>10</Cost>
        <Cost>0</Cost>
        <Cost>0</Cost>
        <Cost>0</Cost>
      </Costs>
    </AbilityRow>
    <AbilityRow>
      <Abilities>
        <Key>ENDURESTRENGTH1</Key>
        <Key>ENDURECONTROL</Key>
        <Key>ENDUREDURATION</Key>
        <Key>ENDUREDURATION</Key>
      </Abilities>
      <Directions>
        <Direction>
          <Right>true</Right>
          <Up>true</Up>
        </Direction>
        <Direction>
          <Left>true</Left>
          <Right>true</Right>
          <Down>true</Down>
        </Direction>
        <Direction>
          <Left>true</Left>
        </Direction>
        <Direction />
      </Directions>
      <AbilitySpan>
        <Span>1</Span>
        <Span>1</Span>
        <Span>2</Span>
        <Span>0</Span>
      </AbilitySpan>
      <Costs>
        <Cost>5</Cost>
        <Cost>5</Cost>
        <Cost>10</Cost>
        <Cost>0</Cost>
      </Costs>
    </AbilityRow>
    <AbilityRow>
      <Abilities>
        <Key>ENDURECONTROL</Key>
        <Key>ENDURESTRENGTH1</Key>
        <Key>ENDUREMAGNITUDE</Key>
        <Key>ENDUREMAGNITUDE</Key>
      </Abilities>
      <Directions>
        <Direction>
          <Right>true</Right>
          <Down>true</Down>
        </Direction>
        <Direction>
          <Left>true</Left>
          <Right>true</Right>
          <Up>true</Up>
        </Direction>
        <Direction>
          <Left>true</Left>
        </Direction>
        <Direction>
          <Down>true</Down>
        </Direction>
      </Directions>
      <AbilitySpan>
        <Span>1</Span>
        <Span>1</Span>
        <Span>2</Span>
        <Span>0</Span>
      </AbilitySpan>
      <Costs>
        <Cost>10</Cost>
        <Cost>10</Cost>
        <Cost>10</Cost>
        <Cost>0</Cost>
      </Costs>
    </AbilityRow>
    <AbilityRow>
      <Abilities>
        <Key>ENDURESTRENGTH1</Key>
        <Key>ENDURECONTROL</Key>
        <Key>ENDURESTRENGTH2</Key>
        <Key>ENDURERANGE</Key>
      </Abilities>
      <Directions>
        <Direction>
          <Right>true</Right>
          <Up>true</Up>
        </Direction>
        <Direction>
          <Left>true</Left>
          <Right>true</Right>
        </Direction>
        <Direction>
          <Left>true</Left>
          <Down>true</Down>
        </Direction>
        <Direction>
          <Up>true</Up>
        </Direction>
      </Directions>
      <AbilitySpan>
        <Span>1</Span>
        <Span>1</Span>
        <Span>1</Span>
        <Span>1</Span>
      </AbilitySpan>
      <Costs>
        <Cost>15</Cost>
        <Cost>15</Cost>
        <Cost>5</Cost>
        <Cost>10</Cost>
      </Costs>
    </AbilityRow>
    <AbilityRow>
      <Abilities>
        <Key>ENDUREMASTERY</Key>
        <Key>ENDUREMASTERY</Key>
        <Key>ENDUREMASTERY</Key>
        <Key>ENDUREMASTERY</Key>
      </Abilities>
      <Directions>
        <Direction />
        <Direction />
        <Direction>
          <Up>true</Up>
        </Direction>
        <Direction />
      </Directions>
      <AbilitySpan>
        <Span>0</Span>
        <Span>2</Span>
        <Span>0</Span>
        <Span>0</Span>
      </AbilitySpan>
      <Costs>
        <Cost>0</Cost>
        <Cost>20</Cost>
        <Cost>0</Cost>
        <Cost>0</Cost>
      </Costs>
    </AbilityRow>
  </AbilityRows>
</ForcePower>