﻿<?xml version="1.0" encoding="utf-8"?>
<ForcePower>
  <Key>ENHANCE</Key>
  <Name>Enhance</Name>
  <Description>
    [H4]Force Power: Enhance[h4]
    Please see page 298 of the Age of Rebellion Core Rulebook, page 288 of the Force and Destiny Core Rulebook, or page 46 of the Rise of the Separatists Sourcebook, for details.
  </Description>
  <Sources>
    <Source Page="298">Age of Rebellion Core Rulebook</Source>
    <Source Page="288">Force and Destiny Core Rulebook</Source>
    <Source Page="46">Rise of the Separatists</Source>
  </Sources>
  <MinForceRating>1</MinForceRating>
  <AbilityRows>
    <AbilityRow>
      <Index>0</Index>
      <Abilities>
        <Key>ENHANCEBASIC</Key>
        <Key>ENHANCEBASIC</Key>
        <Key>ENHANCEBASIC</Key>
        <Key>ENHANCEBASIC</Key>
      </Abilities>
      <AbilitySpan>
        <Span>4</Span>
        <Span>0</Span>
        <Span>0</Span>
        <Span>0</Span>
      </AbilitySpan>
      <Costs>
        <Cost>10</Cost>
        <Cost>0</Cost>
        <Cost>0</Cost>
        <Cost>0</Cost>
      </Costs>
      <Directions>
        <Direction>
          <Down>true</Down>
        </Direction>
        <Direction>
          <Down>true</Down>
        </Direction>
        <Direction>
          <Down>true</Down>
        </Direction>
        <Direction>
          <Down>true</Down>
        </Direction>
      </Directions>
    </AbilityRow>
    <AbilityRow>
      <Index>1</Index>
      <Abilities>
        <Key>ENHANCECONT1</Key>
        <Key>ENHANCECONT2</Key>
        <Key>ENHANCECONT3</Key>
        <Key>ENHANCECONT3</Key>
      </Abilities>
      <AbilitySpan>
        <Span>1</Span>
        <Span>1</Span>
        <Span>2</Span>
        <Span>0</Span>
      </AbilitySpan>
      <Costs>
        <Cost>5</Cost>
        <Cost>5</Cost>
        <Cost>10</Cost>
        <Cost>0</Cost>
      </Costs>
      <Directions>
        <Direction>
          <Down>true</Down>
          <Up>true</Up>
        </Direction>
        <Direction>
          <Down>true</Down>
          <Up>true</Up>
        </Direction>
        <Direction>
          <Down>true</Down>
          <Up>true</Up>
        </Direction>
        <Direction>
          <Down>true</Down>
          <Up>true</Up>
        </Direction>
      </Directions>
    </AbilityRow>
    <AbilityRow>
      <Index>2</Index>
      <Abilities>
        <Key>ENHANCECONT4</Key>
        <Key>ENHANCECONT5</Key>
        <Key>ENHANCECONT6</Key>
        <Key>ENHANCECONT6</Key>
      </Abilities>
      <AbilitySpan>
        <Span>1</Span>
        <Span>1</Span>
        <Span>2</Span>
        <Span>0</Span>
      </AbilitySpan>
      <Costs>
        <Cost>5</Cost>
        <Cost>5</Cost>
        <Cost>10</Cost>
        <Cost>0</Cost>
      </Costs>
      <Directions>
        <Direction>
          <Down>true</Down>
          <Up>true</Up>
        </Direction>
        <Direction>
          <Down>true</Down>
          <Up>true</Up>
        </Direction>
        <Direction>
        </Direction>
        <Direction>
          <Down>true</Down>
          <Up>true</Up>
        </Direction>
      </Directions>
    </AbilityRow>
    <AbilityRow>
      <Index>3</Index>
      <Abilities>
        <Key>ENHANCECONT7</Key>
        <Key>ENHANCECONT8</Key>
        <Key>ENHANCECONT8</Key>
        <Key>ENHANCERANGE</Key>
      </Abilities>
      <AbilitySpan>
        <Span>1</Span>
        <Span>2</Span>
        <Span>0</Span>
        <Span>1</Span>
      </AbilitySpan>
      <Costs>
        <Cost>5</Cost>
        <Cost>10</Cost>
        <Cost>0</Cost>
        <Cost>10</Cost>
      </Costs>
      <Directions>
        <Direction>
          <Down>true</Down>
          <Up>true</Up>
        </Direction>
        <Direction>
          <Up>true</Up>
        </Direction>
        <Direction>
        </Direction>
        <Direction>
          <Down>true</Down>
          <Up>true</Up>
        </Direction>
      </Directions>
    </AbilityRow>
    <AbilityRow>
      <Index>4</Index>
      <Abilities>
        <Key>ENHANCECONT9</Key>
        <Key>ENHANCECONT9</Key>
        <Key>ENHANCECONT0</Key>
        <Key>ENHANCECONT0</Key>
      </Abilities>
      <AbilitySpan>
        <Span>2</Span>
        <Span>0</Span>
        <Span>2</Span>
        <Span>0</Span>
      </AbilitySpan>
      <Costs>
        <Cost>10</Cost>
        <Cost>0</Cost>
        <Cost>10</Cost>
        <Cost>0</Cost>
      </Costs>
      <Directions>
        <Direction>
          <Up>true</Up>
        </Direction>
        <Direction>
        </Direction>
        <Direction>
        </Direction>
        <Direction>
          <Up>true</Up>
        </Direction>
      </Directions>
    </AbilityRow>
  </AbilityRows>
</ForcePower>