<?xml version="1.0"?>
<ForcePower xmlns:xsi="http://www.w3.org/2001/XMLSchema-instance" xmlns:xsd="http://www.w3.org/2001/XMLSchema">
  <Key>IMBUE</Key>
  <Name>Imbue</Name>
  <Description>
  [H4]Force Power: Imbue[h4]
  Please see page 37 of the Disciples of Harmony Sourcebook for details.

</Description>
  <Source Page="37">Disciples of Harmony</Source>
  <AbilityRows>
    <AbilityRow>
      <Abilities>
        <Key>IMBUEBASIC</Key>
        <Key>IMBUEBASIC</Key>
        <Key>IMBUEBASIC</Key>
        <Key>IMBUEBASIC</Key>
      </Abilities>
      <Directions>
        <Direction>
          <Down>true</Down>
        </Direction>
        <Direction />
        <Direction />
        <Direction>
          <Down>true</Down>
        </Direction>
      </Directions>
      <AbilitySpan>
        <Span>4</Span>
        <Span>0</Span>
        <Span>0</Span>
        <Span>0</Span>
      </AbilitySpan>
      <Costs>
        <Cost>15</Cost>
        <Cost>0</Cost>
        <Cost>0</Cost>
        <Cost>0</Cost>
      </Costs>
    </AbilityRow>
    <AbilityRow>
      <Abilities>
        <Key>IMBUESTRENGTH</Key>
        <Key>IMBUESTRENGTH</Key>
        <Key>IMBUECONTROL1</Key>
        <Key>IMBUERANGE</Key>
      </Abilities>
      <Directions>
        <Direction>
          <Up>true</Up>
          <Down>true</Down>
        </Direction>
        <Direction />
        <Direction>
          <Down>true</Down>
        </Direction>
        <Direction>
          <Up>true</Up>
          <Down>true</Down>
        </Direction>
      </Directions>
      <AbilitySpan>
        <Span>2</Span>
        <Span>0</Span>
        <Span>1</Span>
        <Span>1</Span>
      </AbilitySpan>
      <Costs>
        <Cost>5</Cost>
        <Cost>0</Cost>
        <Cost>10</Cost>
        <Cost>5</Cost>
      </Costs>
    </AbilityRow>
    <AbilityRow>
      <Abilities>
        <Key>IMBUERANGE</Key>
        <Key>IMBUERANGE</Key>
        <Key>IMBUERANGE</Key>
        <Key>IMBUERANGE</Key>
      </Abilities>
      <Directions>
        <Direction>
          <Right>true</Right>
          <Up>true</Up>
          <Down>true</Down>
        </Direction>
        <Direction>
          <Left>true</Left>
          <Right>true</Right>
        </Direction>
        <Direction>
          <Left>true</Left>
          <Up>true</Up>
        </Direction>
        <Direction>
          <Up>true</Up>
          <Down>true</Down>
        </Direction>
      </Directions>
      <AbilitySpan>
        <Span>2</Span>
        <Span>0</Span>
        <Span>2</Span>
        <Span>0</Span>
      </AbilitySpan>
      <Costs>
        <Cost>10</Cost>
        <Cost>0</Cost>
        <Cost>15</Cost>
        <Cost>0</Cost>
      </Costs>
    </AbilityRow>
    <AbilityRow>
      <Abilities>
        <Key>IMBUESTRENGTH</Key>
        <Key>IMBUESTRENGTH</Key>
        <Key>IMBUEMASTERY</Key>
        <Key>IMBUEDURATION</Key>
      </Abilities>
      <Directions>
        <Direction>
          <Up>true</Up>
          <Down>true</Down>
        </Direction>
        <Direction />
        <Direction>
          <Down>true</Down>
        </Direction>
        <Direction>
          <Up>true</Up>
          <Down>true</Down>
        </Direction>
      </Directions>
      <AbilitySpan>
        <Span>2</Span>
        <Span>0</Span>
        <Span>1</Span>
        <Span>1</Span>
      </AbilitySpan>
      <Costs>
        <Cost>10</Cost>
        <Cost>0</Cost>
        <Cost>25</Cost>
        <Cost>10</Cost>
      </Costs>
    </AbilityRow>
    <AbilityRow>
      <Abilities>
        <Key>IMBUERANGE</Key>
        <Key>IMBUESTRENGTH</Key>
        <Key>IMBUESTRENGTH</Key>
        <Key>IMBUEDURATION2</Key>
      </Abilities>
      <Directions>
        <Direction>
          <Right>true</Right>
          <Up>true</Up>
        </Direction>
        <Direction>
          <Left>true</Left>
        </Direction>
        <Direction>
          <Up>true</Up>
        </Direction>
        <Direction>
          <Up>true</Up>
        </Direction>
      </Directions>
      <AbilitySpan>
        <Span>1</Span>
        <Span>2</Span>
        <Span>0</Span>
        <Span>1</Span>
      </AbilitySpan>
      <Costs>
        <Cost>15</Cost>
        <Cost>20</Cost>
        <Cost>0</Cost>
        <Cost>20</Cost>
      </Costs>
    </AbilityRow>
  </AbilityRows>
  <MinForceRating>2</MinForceRating>
</ForcePower>