﻿<?xml version="1.0" encoding="utf-8"?>
<ForcePower>
  <Key>MOVE</Key>
  <Name>Move</Name>
  <Description>
    [H4]Force Power: Move[h4]
    Please see page 283 of the Edge of the Empire Core Rulebook, page 296 of the Age of Rebellion Core Rulebook, or page 298 of the Force and Destiny Core Rulebook, for details.
  </Description>
  <Sources>
    <Source Page="283">Edge of the Empire Core Rulebook</Source>
    <Source Page="296">Age of Rebellion Core Rulebook</Source>
    <Source Page="298">Force and Destiny Core Rulebook</Source>
  </Sources>
  <MinForceRating>1</MinForceRating>
  <AbilityRows>
    <AbilityRow>
      <Index>0</Index>
      <Abilities>
        <Key>MOVEBASIC</Key>
        <Key>MOVEBASIC</Key>
        <Key>MOVEBASIC</Key>
        <Key>MOVEBASIC</Key>
      </Abilities>
      <AbilitySpan>
        <Span>4</Span>
        <Span>0</Span>
        <Span>0</Span>
        <Span>0</Span>
      </AbilitySpan>
      <Costs>
        <Cost>10</Cost>
        <Cost>0</Cost>
        <Cost>0</Cost>
        <Cost>0</Cost>
      </Costs>
      <Directions>
        <Direction>
          <Down>true</Down>
        </Direction>
        <Direction>
          <Down>true</Down>
        </Direction>
        <Direction>
          <Down>true</Down>
        </Direction>
        <Direction>
          <Down>true</Down>
        </Direction>
      </Directions>
    </AbilityRow>
    <AbilityRow>
      <Index>1</Index>
      <Abilities>
        <Key>MOVEMAGNITUDE</Key>
        <Key>MOVESTRENGTH</Key>
        <Key>MOVERANGE</Key>
        <Key>MOVERANGE</Key>
      </Abilities>
      <AbilitySpan>
        <Span>1</Span>
        <Span>1</Span>
        <Span>1</Span>
        <Span>1</Span>
      </AbilitySpan>
      <Costs>
        <Cost>5</Cost>
        <Cost>10</Cost>
        <Cost>5</Cost>
        <Cost>5</Cost>
      </Costs>
      <Directions>
        <Direction>
          <Down>true</Down>
          <Up>true</Up>
        </Direction>
        <Direction>
          <Down>true</Down>
          <Up>true</Up>
        </Direction>
        <Direction>
          <Up>true</Up>
          <Down>true</Down>
        </Direction>
        <Direction>
          <Down>true</Down>
          <Up>true</Up>
        </Direction>
      </Directions>
    </AbilityRow>
    <AbilityRow>
      <Index>2</Index>
      <Abilities>
        <Key>MOVEMAGNITUDE</Key>
        <Key>MOVESTRENGTH</Key>
        <Key>MOVECONTROL1</Key>
        <Key>MOVECONTROL1</Key>
      </Abilities>
      <AbilitySpan>
        <Span>1</Span>
        <Span>1</Span>
        <Span>2</Span>
        <Span>0</Span>
      </AbilitySpan>
      <Costs>
        <Cost>5</Cost>
        <Cost>10</Cost>
        <Cost>10</Cost>
        <Cost>0</Cost>
      </Costs>
      <Directions>
        <Direction>
          <Down>true</Down>
          <Up>true</Up>
        </Direction>
        <Direction>
          <Down>true</Down>
          <Up>true</Up>
        </Direction>
        <Direction>
          <Down>true</Down>
          <Up>true</Up>
        </Direction>
        <Direction>
          <Down>true</Down>
          <Up>true</Up>
        </Direction>
      </Directions>
    </AbilityRow>
    <AbilityRow>
      <Index>3</Index>
      <Abilities>
        <Key>MOVEMAGNITUDE</Key>
        <Key>MOVESTRENGTH</Key>
        <Key>MOVECONTROL2</Key>
        <Key>MOVERANGE</Key>
      </Abilities>
      <AbilitySpan>
        <Span>1</Span>
        <Span>1</Span>
        <Span>1</Span>
        <Span>1</Span>
      </AbilitySpan>
      <Costs>
        <Cost>10</Cost>
        <Cost>15</Cost>
        <Cost>5</Cost>
        <Cost>15</Cost>
      </Costs>
      <Directions>
        <Direction>
          <Down>true</Down>
          <Up>true</Up>
        </Direction>
        <Direction>
          <Down>true</Down>
          <Up>true</Up>
        </Direction>
        <Direction>
          <Down>true</Down>
          <Up>true</Up>
        </Direction>
        <Direction>
          <Down>true</Down>
          <Up>true</Up>
        </Direction>
      </Directions>
    </AbilityRow>
    <AbilityRow>
      <Index>4</Index>
      <Abilities>
        <Key>MOVEMAGNITUDE</Key>
        <Key>MOVESTRENGTH</Key>
        <Key>MOVECONTROL3</Key>
        <Key>MOVECONTROL3</Key>
      </Abilities>
      <AbilitySpan>
        <Span>1</Span>
        <Span>1</Span>
        <Span>2</Span>
        <Span>0</Span>
      </AbilitySpan>
      <Costs>
        <Cost>10</Cost>
        <Cost>20</Cost>
        <Cost>15</Cost>
        <Cost>0</Cost>
      </Costs>
      <Directions>
        <Direction>
          <Up>true</Up>
        </Direction>
        <Direction>
          <Up>true</Up>
        </Direction>
        <Direction>
          <Up>true</Up>
        </Direction>
        <Direction>
          <Up>true</Up>
        </Direction>
      </Directions>
    </AbilityRow>
  </AbilityRows>
</ForcePower>