﻿<?xml version="1.0" encoding="utf-8"?>
<Species>
  <Key>CLONE</Key>
  <Name>Clone</Name>
  <Description>
    [H4]Clone[h4]
    Please see page 11 of the Rise of the Separatists Sourcebook, or page 11 of the Collapse of the Republic Sourcebook, for details.
  </Description>
  <Sources>
    <Source Page="11">Rise of the Separatists</Source>
    <Source Page="11">Collapse of the Republic</Source>
  </Sources>
  <StartingChars>
    <Brawn>2</Brawn>
    <Agility>2</Agility>
    <Intellect>2</Intellect>
    <Cunning>2</Cunning>
    <Willpower>2</Willpower>
    <Presence>2</Presence>
  </StartingChars>
  <StartingAttrs>
    <WoundThreshold>11</WoundThreshold>
    <StrainThreshold>11</StrainThreshold>
    <Experience>100</Experience>
  </StartingAttrs>
  <SkillModifiers>
    <SkillModifier>
      <Key>WARF</Key>
      <RankStart>1</RankStart>
      <RankLimit>2</RankLimit>
    </SkillModifier>
    <SkillModifier>
      <Key>RESIL</Key>
      <RankStart>1</RankStart>
      <RankLimit>2</RankLimit>
    </SkillModifier>
  </SkillModifiers>
  <TalentModifiers>
    <TalentModifier>
      <Key>PHYSTRAIN</Key>
      <RankAdd>1</RankAdd>
    </TalentModifier>
  </TalentModifiers>
  <OptionChoices>
  </OptionChoices>
</Species>