<?xml version="1.0"?>
<Species xmlns:xsi="http://www.w3.org/2001/XMLSchema-instance" xmlns:xsd="http://www.w3.org/2001/XMLSchema">
  <Key>HUMANCOR</Key>
  <Name>Corellian Human</Name>
  <Description>[H4]Corellian Human[h4]
Please see page 93 of the Suns of Fortune Sourcebook for details.
</Description>
  <Source Page="93">Suns of Fortune</Source>
  <StartingChars>
    <Brawn>2</Brawn>
    <Agility>2</Agility>
    <Intellect>2</Intellect>
    <Cunning>2</Cunning>
    <Willpower>2</Willpower>
    <Presence>2</Presence>
  </StartingChars>
  <StartingAttrs>
    <WoundThreshold>10</WoundThreshold>
    <StrainThreshold>10</StrainThreshold>
    <Experience>110</Experience>
  </StartingAttrs>
  <OptionChoices>
    <OptionChoice>
      <Key>HUMANCORCH1</Key>
      <Name>Skills</Name>
      <Description />
      <Options>
        <Option>
          <Key>HUMANCORCH1OP1</Key>
          <Name>Piloting - Planetary</Name>
          <Description>May begin game with one rank in Piloting - Planetary.</Description>
          <SkillModifiers>
            <SkillModifier>
              <Key>PILOTPL</Key>
              <RankStart>1</RankStart>
              <RankLimit>2</RankLimit>
            </SkillModifier>
          </SkillModifiers>
        </Option>
        <Option>
          <Key>HUMANCORCH1OP2</Key>
          <Name>Piloting - Space</Name>
          <Description>May begin game with one rank in Piloting - Space.</Description>
          <SkillModifiers>
            <SkillModifier>
              <Key>PILOTSP</Key>
              <RankStart>1</RankStart>
              <RankLimit>2</RankLimit>
            </SkillModifier>
          </SkillModifiers>
        </Option>
      </Options>
    </OptionChoice>
  </OptionChoices>
</Species>