﻿<?xml version="1.0" encoding="utf-8"?>
<Species>
  <Key>DROID</Key>
  <Name>Droid</Name>
  <Description>
    [H4]Droid[h4]
    Please see page 45 of the Edge of the Empire Core Rulebook, or page 53 of the Age of Rebellion Core Rulebook, for details.
  </Description>
  <Sources>
    <Source Page="45">Edge of the Empire Core Rulebook</Source>
    <Source Page="53">Age of Rebellion Core Rulebook</Source>
  </Sources>
  <StartingChars>
    <Brawn>1</Brawn>
    <Agility>1</Agility>
    <Intellect>1</Intellect>
    <Cunning>1</Cunning>
    <Willpower>1</Willpower>
    <Presence>1</Presence>
  </StartingChars>
  <StartingAttrs>
    <WoundThreshold>10</WoundThreshold>
    <StrainThreshold>10</StrainThreshold>
    <Experience>175</Experience>
  </StartingAttrs>
  <TalentModifiers>
    <TalentModifier>
      <Key>ENDUR</Key>
      <RankAdd>1</RankAdd>
    </TalentModifier>
  </TalentModifiers>
  <OptionChoices>
    <OptionChoice>
      <Key>DROIDAB</Key>
      <Name>Skills</Name>
      <Options>
        <Option>
          <Key>DROIDABSK</Key>
          <Name>Additional Career Skills</Name>
          <Description>May train in two additional career skills and one additional specialization skills</Description>
          <StartingSkillTraining>
            <SkillTraining>
              <SkillCount>2</SkillCount>
              <Requirement>
                <Career>true</Career>
              </Requirement>
            </SkillTraining>
            <SkillTraining>
              <SkillCount>1</SkillCount>
              <Requirement>
                <Specialization>true</Specialization>
              </Requirement>
            </SkillTraining>
          </StartingSkillTraining>
        </Option>
      </Options>
    </OptionChoice>
    <OptionChoice>
      <Key>DROIDAB2</Key>
      <Name>Droid</Name>
      <Options>
        <Option>
          <Key>DROIDAB2OP1</Key>
          <Name>Feature</Name>
          <Description>Droids do not need to eat, sleep, or breath, and are unaffected by vacuum, toxins, and poisons.</Description>
        </Option>
      </Options>
    </OptionChoice>
    <OptionChoice>
      <Key>DROIDAB3</Key>
      <Name>Droid</Name>
      <Options>
        <Option>
          <Key>DROIDAB3OP1</Key>
          <Name>Inorganic</Name>
          <Description>Droids do not gain benefits from bacta, stimpacks, or Medicine checks.  They must be repaired with repair patches and Mechanics checks.</Description>
        </Option>
      </Options>
    </OptionChoice>
    <OptionChoice>
      <Key>DROIDAB4</Key>
      <Name>Droid</Name>
      <Options>
        <Option>
          <Key>DROIDAB4OP1</Key>
          <Name>Mechanical Being</Name>
          <Description>Droids cannot become Force sensitive, cannot acquire a Force Rating or Force powers, and are not affected by mind-altering Force powers.</Description>
        </Option>
      </Options>
    </OptionChoice>
    <OptionChoice>
      <Key>DROIDAB5</Key>
      <Name>Droid</Name>
      <Options>
        <Option>
          <Key>DROIDAB5OP1</Key>
          <Name>Cybernetics</Name>
          <Description>Droids have a cybernetics implant cap of 6.</Description>
        </Option>
      </Options>
    </OptionChoice>
  </OptionChoices>
  <SubSpeciesList>
    <SubSpecies>
      <Key>DROIDSUB1</Key>
      <Name>2-1B Surgical</Name>
      <Description>Please see page 45 of the Edge of the Empire Core Rulebook, or page 53 of the Age of Rebellion Core Rulebook, for details.</Description>
    </SubSpecies>
    <SubSpecies>
      <Key>DROIDSUB2</Key>
      <Name>3P0 Protocol</Name>
      <Description>Please see page 45 of the Edge of the Empire Core Rulebook, or page 53 of the Age of Rebellion Core Rulebook, for details.</Description>
    </SubSpecies>
    <SubSpecies>
      <Key>DROIDSUB3</Key>
      <Name>IG Assassin</Name>
      <Description>Please see page 45 of the Edge of the Empire Core Rulebook, or page 53 of the Age of Rebellion Core Rulebook, for details.</Description>
    </SubSpecies>
    <SubSpecies>
      <Key>DROIDSUB4</Key>
      <Name>LE-V0 Law Enforcement</Name>
      <Description>Please see page 45 of the Edge of the Empire Core Rulebook, or page 53 of the Age of Rebellion Core Rulebook, for details.</Description>
    </SubSpecies>
    <SubSpecies>
      <Key>DROIDSUB5</Key>
      <Name>LOM Protocol</Name>
      <Description>Please see page 45 of the Edge of the Empire Core Rulebook, or page 53 of the Age of Rebellion Core Rulebook, for details.</Description>
    </SubSpecies>
    <SubSpecies>
      <Key>DROIDSUB6</Key>
      <Name>R-Series Astromech</Name>
      <Description>Please see page 45 of the Edge of the Empire Core Rulebook, or page 53 of the Age of Rebellion Core Rulebook, for details.</Description>
      <WeaponModifiers>
        <WeaponModifier>
          <Unarmed>false</Unarmed>
          <UnarmedName>Arc Welder</UnarmedName>
          <SkillKey>MELEE</SkillKey>
          <AllSkillKey />
          <Damage>3</Damage>
          <DamageAdd>0</DamageAdd>
          <Crit>0</Crit>
          <CritSub>0</CritSub>
          <RangeValue>wrEngaged</RangeValue>
          <Qualities>
            <Quality>
              <Key>STUNDAMAGE</Key>
              <Count>0</Count>
              <Index>0</Index>
              <MiscDesc />
              <DefZone />
              <VehicleWeaponUpgrades />
              <DieModifiers />
            </Quality>
          </Qualities>
        </WeaponModifier>
      </WeaponModifiers>
    </SubSpecies>
    <SubSpecies>
      <Key>DROIDSUB7</Key>
      <Name>Other Model</Name>
      <Description>Please see "Notable Features" for a description of this type of droid</Description>
    </SubSpecies>
  </SubSpeciesList>
  <NoForceAbilities>true</NoForceAbilities>
</Species>