<?xml version="1.0"?>
<Species xmlns:xsi="http://www.w3.org/2001/XMLSchema-instance" xmlns:xsd="http://www.w3.org/2001/XMLSchema">
  <Key>IKTOTCHI</Key>
  <Name>Iktotchi</Name>
  <Description>[H4]Iktotchi[h4]
  Please see page 18 of the Keeping the Peace sourcebook for details.
</Description>
  <Source Page="18">Keeping the Peace</Source>
  <StartingChars>
    <Brawn>2</Brawn>
    <Agility>2</Agility>
    <Intellect>2</Intellect>
    <Cunning>2</Cunning>
    <Willpower>3</Willpower>
    <Presence>1</Presence>
  </StartingChars>
  <StartingAttrs>
    <WoundThreshold>10</WoundThreshold>
    <StrainThreshold>12</StrainThreshold>
    <Experience>90</Experience>
  </StartingAttrs>
  <SkillModifiers>
    <SkillModifier>
      <Key>VIGIL</Key>
      <RankStart>1</RankStart>
    </SkillModifier>
  </SkillModifiers>
  <TalentModifiers />
  <OptionChoices>
    <OptionChoice>
      <Key>IKTOTCHICH1</Key>
      <Name>Initiative</Name>
      <Options>
        <Option>
          <Key>IKTOTCHICH1OP1</Key>
          <Name>Precognition</Name>
          <Description>In addition to seeing flashes of the future at the GM's discretion, an Iktotchi may spend [TR] on an Initiative check to perform a free maneuver, or have an ally within short range perform a free maneuver, before the encounter begins.</Description>
        </Option>
      </Options>
    </OptionChoice>
  </OptionChoices>
</Species>