<?xml version="1.0"?>
<Species xmlns:xsi="http://www.w3.org/2001/XMLSchema-instance" xmlns:xsd="http://www.w3.org/2001/XMLSchema">
  <Key>KYUZO</Key>
  <Name>Kyuzo</Name>
  <Description>[H4]Kyuzo[h4]
  Please see page 22 of the Forged in Battle Sourcebook for details.
  </Description>
  <Source Page="22">Forged in Battle</Source>
  <StartingChars>
    <Brawn>2</Brawn>
    <Agility>3</Agility>
    <Intellect>2</Intellect>
    <Cunning>2</Cunning>
    <Willpower>2</Willpower>
    <Presence>1</Presence>
  </StartingChars>
  <StartingAttrs>
    <WoundThreshold>11</WoundThreshold>
    <StrainThreshold>11</StrainThreshold>
    <DefenseRanged>0</DefenseRanged>
    <DefenseMelee>0</DefenseMelee>
    <SoakValue>0</SoakValue>
    <Experience>90</Experience>
    <ForceRating>0</ForceRating>
  </StartingAttrs>
  <SkillModifiers>
    <SkillModifier>
      <Key>COORD</Key>
      <RankStart>1</RankStart>
    </SkillModifier>
  </SkillModifiers>
  <OptionChoices>
    <OptionChoice>
      <Key>KYUZOOC1</Key>
      <Name>Physiology</Name>
      <Options>
        <Option>
          <Key>KYUZOOC1OP1</Key>
          <Name>Dense Musculature</Name>
          <Description>
            Once per round as a maneuver, may suffer 3 strain to leap horizontally or vertically to any location within medium range.
          </Description>
          <DieModifiers>
          </DieModifiers>
        </Option>
      </Options>
    </OptionChoice>
  </OptionChoices>
  <WeaponModifiers />
</Species>