﻿<?xml version="1.0" encoding="utf-8"?>
<Species>
  <Key>ROD</Key>
  <Name>Rodian</Name>
  <Description>
    [H4]Rodians[h4]
    Please see page 49 of the Edge of the Empire Core Rulebook for details.

  </Description>
  <Source Page="49">Edge of the Empire Core Rulebook</Source>
  <StartingChars>
    <Brawn>2</Brawn>
    <Agility>3</Agility>
    <Intellect>2</Intellect>
    <Cunning>2</Cunning>
    <Willpower>1</Willpower>
    <Presence>2</Presence>
  </StartingChars>
  <StartingAttrs>
    <WoundThreshold>10</WoundThreshold>
    <StrainThreshold>10</StrainThreshold>
    <Experience>100</Experience>
  </StartingAttrs>
  <SkillModifiers>
    <SkillModifier>
      <Key>SURV</Key>
      <RankStart>1</RankStart>
      <RankLimit>2</RankLimit>
    </SkillModifier>
  </SkillModifiers>
  <TalentModifiers>
    <TalentModifier>
      <Key>EXTRACK</Key>
      <RankAdd>1</RankAdd>
    </TalentModifier>
  </TalentModifiers>
</Species>