﻿<?xml version="1.0" encoding="utf-8"?>
<Hooks>
  <Hook>
    <Key>OPP</Key>
    <Name>Opportunity Knocks</Name>
    <Description>
      [H4]Opportunity Knocks[h4]
      Please see page 37 of the Edge of the Empire Core Rulebook for details.
    </Description>
    <Source Page="37">Edge of the Empire Core Rulebook</Source>
    <Sources>
      <Source Page="37">Edge of the Empire Core Rulebook</Source>
    </Sources>
  </Hook>
  <Hook>
    <Key>HIGH</Key>
    <Name>A Higher Calling</Name>
    <Description>
      [H4]A Higher Calling[h4]
      Please see page 37 of the Edge of the Empire Core Rulebook for details.
    </Description>
    <Source Page="37">Edge of the Empire Core Rulebook</Source>
    <Sources>
      <Source Page="37">Edge of the Empire Core Rulebook</Source>
    </Sources>
  </Hook>
  <Hook>
    <Key>ENEMIES</Key>
    <Name>Enemies and Antagonists</Name>
    <Description>
      [H4]Enemies and Antagonists[h4]
      Please see page 38 of the Edge of the Empire Core Rulebook for details.
    </Description>
    <Source Page="38">Edge of the Empire Core Rulebook</Source>
    <Sources>
      <Source Page="38">Edge of the Empire Core Rulebook</Source>
    </Sources>
  </Hook>
  <Hook>
    <Key>FLAW</Key>
    <Name>A Failure of Character</Name>
    <Description>
      [H4]A Failure of Character[h4]
      Please see page 38 of the Edge of the Empire Core Rulebook for details.
    </Description>
    <Source Page="38">Edge of the Empire Core Rulebook</Source>
    <Sources>
      <Source Page="38">Edge of the Empire Core Rulebook</Source>
    </Sources>
  </Hook>
  <Hook>
    <Key>WRONG</Key>
    <Name>Wrong Place, Wrong Time</Name>
    <Description>
      [H4]Wrong Place, Wrong Time[h4]
      Please see page 38 of the Edge of the Empire Core Rulebook for details.
    </Description>
    <Source Page="38">Edge of the Empire Core Rulebook</Source>
    <Sources>
      <Source Page="38">Edge of the Empire Core Rulebook</Source>
    </Sources>
  </Hook>
  <Hook>
    <Key>NEWREC</Key>
    <Name>The New Recruit</Name>
    <Description>
      [H4]The New Recruit[h4]
      Please see page 44 of the Age of Rebellion Core Rulebook for details.
    </Description>
    <Source Page="44">Age of Rebellion Core Rulebook</Source>
  </Hook>
  <Hook>
    <Key>SEARCHINS</Key>
    <Name>The Searching Insurgent</Name>
    <Description>
      [H4]The Searching Insurgent[h4]
      Please see page 45 of the Age of Rebellion Core Rulebook for details.
    </Description>
    <Source Page="45">Age of Rebellion Core Rulebook</Source>
  </Hook>
  <Hook>
    <Key>ACCREB</Key>
    <Name>The Accidental Rebel</Name>
    <Description>
      [H4]The Accidental Rebel[h4]
      Please see page 45 of the Age of Rebellion Core Rulebook for details.
    </Description>
    <Source Page="45">Age of Rebellion Core Rulebook</Source>
  </Hook>
  <Hook>
    <Key>FLEEEMP</Key>
    <Name>Fleeing the Empire</Name>
    <Description>
      [H4]Fleeing the Empire[h4]
      Please see page 47 of the Force and Destiny Core Rulebook for details.
    </Description>
    <Source Page="47">Force and Destiny Core Rulebook</Source>
  </Hook>
  <Hook>
    <Key>DESUND</Key>
    <Name>Desire for Understanding</Name>
    <Description>
      [H4]Desire for Understanding[h4]
      Please see page 47 of the Force and Destiny Core Rulebook for details.
    </Description>
    <Source Page="47">Force and Destiny Core Rulebook</Source>
  </Hook>
  <Hook>
    <Key>GREATPOW</Key>
    <Name>With Great Power...</Name>
    <Description>
      [H4]With Great Power...[h4]
      Please see page 47 of the Force and Destiny Core Rulebook for details.
    </Description>
    <Source Page="47">Force and Destiny Core Rulebook</Source>
  </Hook>
  <Hook>
    <Key>ULTAB</Key>
    <Name>Ultimate Abilities</Name>
    <Description>
      [H4]Ultimate Abilities[h4]
      Please see page 47 of the Force and Destiny Core Rulebook for details.
    </Description>
    <Source Page="47">Force and Destiny Core Rulebook</Source>
  </Hook>
  <Hook>
    <Key>ACADEMIC</Key>
    <Name>Academic</Name>
    <Description>
      [H4]Academic[h4]
      Please see page 13 of Enter the Unknown Sourcebook for details.
    </Description>
    <Sources>
      <Source Page="13">Enter the Unknown</Source>
      <Source Page="12">Fully Operational</Source>
    </Sources>
  </Hook>
  <Hook>
    <Key>CRIMINAL</Key>
    <Name>Criminal</Name>
    <Description>
      [H4]Criminal[h4]
      Please see page 13 of Enter the Unknown Sourcebook, or page 17 of the Stay on Target Sourcebook, for details.
    </Description>
    <Sources>
      <Source Page="13">Stay on Target</Source>
    </Sources>
  </Hook>
  <Hook>
    <Key>ENTREPRENEUR</Key>
    <Name>Entrepreneur</Name>
    <Description>
      [H4]Entrepreneur[h4]
      Please see page 15 of Enter the Unknown Sourcebook for details.
    </Description>
    <Source Page="15">Enter the Unknown</Source>
  </Hook>
  <Hook>
    <Key>EXIMP</Key>
    <Name>Ex-Imperial Operator</Name>
    <Description>
      [H4]Ex-Imperial Operator[h4]
      Please see page 16 of Enter the Unknown Sourcebook for details.
    </Description>
    <Source Page="16">Enter the Unknown</Source>
  </Hook>
  <Hook>
    <Key>FALLENNOBLE</Key>
    <Name>Fallen Noble</Name>
    <Description>
      [H4]Fallen Noble[h4]
      Please see page 16 of Enter the Unknown Sourcebook for details.
    </Description>
    <Source Page="16">Enter the Unknown</Source>
  </Hook>
  <Hook>
    <Key>WANDERER</Key>
    <Name>Wanderer</Name>
    <Description>
      [H4]Wanderer[h4]
      Please see page 18 of Enter the Unknown Sourcebook, or page 15 of the Savage Spirits Sourcebook, for details.
    </Description>
    <Sources>
      <Source Page="18">Enter the Unknown</Source>
      <Source Page="15">Savage Spirits</Source>
    </Sources>
  </Hook>
  <Hook>
    <Key>YESTERDAYSHERO</Key>
    <Name>Yesterday's Hero</Name>
    <Description>
      [H4]Yesterday's Hero[h4]
      Please see page 13 of Dangerous Covenants Sourcebook for details.
    </Description>
    <Source Page="13">Dangerous Covenants</Source>
  </Hook>
  <Hook>
    <Key>EXMILITARY</Key>
    <Name>Ex-Military</Name>
    <Description>
      [H4]Ex-Military[h4]
      Please see page 13 of Dangerous Covenants Sourcebook, or page 14 of the Fly Casual Sourcebook, for details.
    </Description>
    <Sources>
      <Source Page="13">Dangerous Covenants</Source>
      <Source Page="14">Fly Casual</Source>
    </Sources>
  </Hook>
  <Hook>
    <Key>AVENGER</Key>
    <Name>The Avenger</Name>
    <Description>
      [H4]The Avenger[h4]
      Please see page 14 of Dangerous Covenants Sourcebook, page 12 of the Forged in Battle Sourcebook, or page 12 of the Knights of Fate Sourceboook, for details.
    </Description>
    <Sources>
      <Source Page="14">Dangerous Covenants</Source>
      <Source Page="12">Forged in Battle</Source>
      <Source Page="12">Knights of Fate</Source>
    </Sources>
  </Hook>
  <Hook>
    <Key>SCIONOFALEGACY</Key>
    <Name>Scion of a Legacy</Name>
    <Description>
      [H4]Scion of a Legacy[h4]
      Please see page 15 of Dangerous Covenants Sourcebook for details.
    </Description>
    <Source Page="15">Dangerous Covenants</Source>
  </Hook>
  <Hook>
    <Key>PEACETURNEDTOWAR</Key>
    <Name>Peace Turned To War</Name>
    <Description>
      [H4]Peace Turned To War[h4]
      Please see page 15 of Dangerous Covenants Sourcebook for details.
    </Description>
    <Source Page="15">Dangerous Covenants</Source>
  </Hook>
  <Hook>
    <Key>OPPOR</Key>
    <Name>The Opportunist</Name>
    <Description>
      [H4]The Opportunist[h4]
      Please see page 11 of the Far Horizons Sourcebook for details.
    </Description>
    <Source Page="11">Far Horizons</Source>
  </Hook>
  <Hook>
    <Key>GRIZZ</Key>
    <Name>The Grizzled Settler</Name>
    <Description>
      [H4]The Grizzled Settler[h4]
      Please see page 12 of the Far Horizons Sourcebook for details.
    </Description>
    <Source Page="12">Far Horizons</Source>
  </Hook>
  <Hook>
    <Key>FUGITIVE</Key>
    <Name>The Fugitive</Name>
    <Description>
      [H4]The Fugitive[h4]
      Please see page 13 of the Far Horizons Sourcebook for details.
    </Description>
    <Source Page="13">Far Horizons</Source>
  </Hook>
  <Hook>
    <Key>LOCLEAD</Key>
    <Name>The Local Leader</Name>
    <Description>
      [H4]The Local Leader[h4]
      Please see page 14 of the Far Horizons Sourcebook for details.
    </Description>
    <Source Page="14">Far Horizons</Source>
  </Hook>
  <Hook>
    <Key>IDEALIST</Key>
    <Name>The Idealist</Name>
    <Description>
      [H4]The Idealist[h4]
      Please see page 15 of the Far Horizons Sourcebook for details.
    </Description>
    <Source Page="15">Far Horizons</Source>
  </Hook>
  <Hook>
    <Key>SOTENTERTAINER</Key>
    <Name>Entertainer</Name>
    <Description>
      [H4]Entertainer[h4]
      Please see page 13 of the Stay on Target Sourcebook for details.
    </Description>
    <Source Page="13">Stay on Target</Source>
  </Hook>
  <Hook>
    <Key>SOTPROTOTYPE</Key>
    <Name>Prototype Tester</Name>
    <Description>
      [H4]Prototype Tester[h4]
      Please see page 14 of the Stay on Target Sourcebook for details.
    </Description>
    <Source Page="14">Stay on Target</Source>
  </Hook>
  <Hook>
    <Key>SOTBUSH</Key>
    <Name>Bush Pilot</Name>
    <Description>
      [H4]Bush Pilot[h4]
      Please see page 14 of the Stay on Target Sourcebook for details.
    </Description>
    <Source Page="14">Stay on Target</Source>
  </Hook>
  <Hook>
    <Key>SOTCLONEWARS</Key>
    <Name>Clone Wars Veteran</Name>
    <Description>
      [H4]Clone Wars Veteran[h4]
      Please see page 15 of the Stay on Target Sourcebook, or page 16 of the Forged in Battle Sourcebook, for details.
    </Description>
    <Sources>
      <Source Page="15">Stay on Target</Source>
      <Source Page="16">Forged in Battle</Source>
    </Sources>
  </Hook>
  <Hook>
    <Key>SOTIMPDEF</Key>
    <Name>Imperial Defector</Name>
    <Description>
      [H4]Imperial Defector[h4]
      Please see page 16 of the Stay on Target Sourcebook, or page 15 of the Forged in Battle Sourcebook, for details.
    </Description>
    <Sources>
      <Source Page="16">Stay on Target</Source>
      <Source Page="15">Forged in Battle</Source>
    </Sources>
  </Hook>
  <Hook>
    <Key>DISADV</Key>
    <Name>Disadvantaged</Name>
    <Description>
      [H4]Disadvantaged[h4]
      Please see page 13 of the Fly Casual Sourcebook for details.
    </Description>
    <Source Page="13">Fly Casual</Source>
  </Hook>
  <Hook>
    <Key>PRIV</Key>
    <Name>Privileged</Name>
    <Description>
      [H4]Privileged[h4]
      Please see page 13 of the Fly Casual Sourcebook for details.
    </Description>
    <Source Page="13">Fly Casual</Source>
  </Hook>
  <Hook>
    <Key>RESPECT</Key>
    <Name>Respectable</Name>
    <Description>
      [H4]Respectable[h4]
      Please see page 14 of the Fly Casual Sourcebook for details.
    </Description>
    <Source Page="14">Fly Casual</Source>
  </Hook>
  <Hook>
    <Key>CYNIC</Key>
    <Name>Cynical</Name>
    <Description>
      [H4]Cynical[h4]
      Please see page 14 of the Fly Casual Sourcebook for details.
    </Description>
    <Source Page="14">Fly Casual</Source>
  </Hook>
  <Hook>
    <Key>BORNNBRED</Key>
    <Name>Born and Bred</Name>
    <Description>
      [H4]Born and Bred[h4]
      Please see page 15 of the Fly Casual Sourcebook for details.
    </Description>
    <Source Page="15">Fly Casual</Source>
  </Hook>
  <Hook>
    <Key>IMPOUT</Key>
    <Name>Imperial Outcast</Name>
    <Description>
      [H4]Imperial Outcast[h4]
      Please see page 12 of the Desperate Allies Sourcebook for details.
    </Description>
    <Source Page="12">Desperate Allies</Source>
  </Hook>
  <Hook>
    <Key>MINVOICE</Key>
    <Name>Minority Voice</Name>
    <Description>
      [H4]Minority Voice[h4]
      Please see page 13 of the Desperate Allies Sourcebook for details.
    </Description>
    <Source Page="13">Desperate Allies</Source>
  </Hook>
  <Hook>
    <Key>INDUST</Key>
    <Name>Industrialist</Name>
    <Description>
      [H4]Industrialist[h4]
      Please see page 14 of the Desperate Allies Sourcebook for details.
    </Description>
    <Source Page="14">Desperate Allies</Source>
  </Hook>
  <Hook>
    <Key>DISSART</Key>
    <Name>Dissident Artist</Name>
    <Description>
      [H4]Dissident Artist[h4]
      Please see page 15 of the Desperate Allies Sourcebook for details.
    </Description>
    <Source Page="15">Desperate Allies</Source>
  </Hook>
  <!-- Keeping the Peace -->
  <Hook>
    <Key>ANCIENTORDER</Key>
    <Name>Ancient Order</Name>
    <Description>
    [H4]Ancient Order[h4]
    Please see page 12 of the Keeping the Peace sourcebook for details.
  </Description>
    <Source Page="12">Keeping the Peace</Source>
  </Hook>
  <Hook>
    <Key>BATTLEADER</Key>
    <Name>Battlefield Leader</Name>
    <Description>
    [H4]Battlefield Leader[h4]
    Please see page 14 of the Keeping the Peace sourcebook for details.
  </Description>
    <Source Page="14">Keeping the Peace</Source>
  </Hook>
  <Hook>
    <Key>OUTAGENT</Key>
    <Name>Outlaw Agent</Name>
    <Description>
    [H4]Outlaw Agent[h4]
    Please see page 14 of the Keeping the Peace sourcebook for details.
  </Description>
    <Source Page="14">Keeping the Peace</Source>
  </Hook>
  <Hook>
    <Key>WAYFARER</Key>
    <Name>Wayfarer</Name>
    <Description>
    [H4]Wayfarer[h4]
    Please see page 15 of the Keeping the Peace sourcebook for details.
  </Description>
    <Source Page="15">Keeping the Peace</Source>
  </Hook>
  <!-- Lead by Example -->
  <Hook>
    <Key>DEFECTOR</Key>
    <Name>Defector</Name>
    <Description>
      [H4]Defector[h4]
      See page 13 of the Lead by Example Sourcebook for details.
    </Description>
    <Source Page="13">Lead by Example</Source>
  </Hook>
  <Hook>
    <Key>CITSOLD</Key>
    <Name>Citizen Soldier</Name>
    <Description>
      [H4]Citizen Soldier[h4]
      See page 14 of the Lead by Example Sourcebook for details.
    </Description>
    <Source Page="14">Lead by Example</Source>
  </Hook>
  <Hook>
    <Key>FAILLEAD</Key>
    <Name>The Failed Leader</Name>
    <Description>
      [H4]The Failed Leader[h4]
      See page 15 of the Lead by Example Sourcebook for details.
    </Description>
    <Source Page="15">Lead by Example</Source>
  </Hook>
  <Hook>
    <Key>ANTIQ</Key>
    <Name>Antiquarian</Name>
    <Description>
      [H4]Antiquarian[h4]
      See page 13 of the Special Modifications Sourcebook for details.
    </Description>
    <Source Page="13">Special Modifications</Source>
  </Hook>
  <Hook>
    <Key>BORNENG</Key>
    <Name>Born Engineer</Name>
    <Description>
      [H4]Born Engineer[h4]
      See page 14 of the Special Modifications Sourcebook for details.
    </Description>
    <Source Page="14">Special Modifications</Source>
  </Hook>
  <Hook>
    <Key>TECHDES</Key>
    <Name>Tech Designer</Name>
    <Description>
      [H4]Tech Designer[h4]
      See page 15 of the Special Modifications Sourcebook for details.
    </Description>
    <Source Page="15">Special Modifications</Source>
  </Hook>
  <Hook>
    <Key>UNDTECH</Key>
    <Name>Underworld Tech Expert</Name>
    <Description>
      [H4]Underworld Tech Expert[h4]
      See page 16 of the Special Modifications Sourcebook for details.
    </Description>
    <Source Page="16">Special Modifications</Source>
  </Hook>
  <Hook>
    <Key>EXILE</Key>
    <Name>Exile</Name>
    <Description>
      [H4]Exile[h4]
      See page 12 of the Savage Spirits Sourcebook for details.
    </Description>
    <Source Page="12">Savage Spirits</Source>
  </Hook>
  <Hook>
    <Key>QUESTER</Key>
    <Name>Quester</Name>
    <Description>
      [H4]Quester[h4]
      See page 13 of the Savage Spirits Sourcebook for details.
    </Description>
    <Source Page="13">Savage Spirits</Source>
  </Hook>
  <Hook>
    <Key>RECLUSE</Key>
    <Name>Recluse</Name>
    <Description>
      [H4]Recluse[h4]
      See page 14 of the Savage Spirits Sourcebook for details.
    </Description>
    <Source Page="14">Savage Spirits</Source>
  </Hook>
  <Hook>
    <Key>SURVIVOR</Key>
    <Name>Survivor</Name>
    <Description>
      [H4]Survivor[h4]
      See page 14 of the Savage Spirits Sourcebook for details.
    </Description>
    <Source Page="14">Savage Spirits</Source>
  </Hook>
  <Hook>
    <Key>IDEALREC</Key>
    <Name>Idealistic Recruit</Name>
    <Description>
      [H4]Idealistic Recruit[h4]
      See page 14 of the Forged in Battle Sourcebook for details.
    </Description>
    <Source Page="14">Forged in Battle</Source>
  </Hook>
  <Hook>
    <Key>MERC</Key>
    <Name>Mercenary</Name>
    <Description>
      [H4]Mercenary[h4]
      See page 15 of the Forged in Battle Sourcebook, or page 14 of the Knights of Fate Sourcebook, for details.
    </Description>
    <Sources>
      <Source Page="15">Forged in Battle</Source>
      <Source Page="14">Knights of Fate</Source>
    </Sources>
  </Hook>
  
  <!-- Endless Vigil -->

  <Hook>
    <Key>ACTIV</Key>
    <Name>Activist</Name>
    <Description>
      [H4]Activist[h4]
      See page 10 of the Endless Vigil Sourcebook for details.
    </Description>
    <Source Page="10">Endless Vigil</Source>
  </Hook>
  <Hook>
    <Key>ARISTO</Key>
    <Name>Aristocrat</Name>
    <Description>
      [H4]Aristocrat[h4]
      See page 11 of the Endless Vigil Sourcebook for details.
    </Description>
    <Source Page="11">Endless Vigil</Source>
  </Hook>
  <Hook>
    <Key>GANGL</Key>
    <Name>Gang Leader</Name>
    <Description>
      [H4]Gang Leader[h4]
      See page 12 of the Endless Vigil Sourcebook for details.
    </Description>
    <Source Page="12">Endless Vigil</Source>
  </Hook>
  <Hook>
    <Key>LABOR</Key>
    <Name>Laborer</Name>
    <Description>
      [H4]Laborer[h4]
      See page 13 of the Endless Vigil Sourcebook for details.
    </Description>
    <Source Page="13">Endless Vigil</Source>
  </Hook>
  <Hook>
    <Key>OFFICIAL</Key>
    <Name>Official</Name>
    <Description>
      [H4]Official[h4]
      See page 14 of the Endless Vigil Sourcebook for details.
    </Description>
    <Source Page="14">Endless Vigil</Source>
  </Hook>
  <Hook>
    <Key>REFUGEE</Key>
    <Name>Refugee</Name>
    <Description>
      [H4]Refugee[h4]
      See page 14 of the Endless Vigil Sourcebook for details.
    </Description>
    <Source Page="14">Endless Vigil</Source>
  </Hook>

  <Hook>
    <Key>INITMONEY</Key>
    <Name>In It for the Money</Name>
    <Description>
      [H4]In It for the Money[h4]
      Please see page 15 of the No Disintegrations Sourcebook for details.
    </Description>
    <Source Page="15">No Disintegrations</Source>
  </Hook>
  <Hook>
    <Key>LAWBRINGER</Key>
    <Name>Lawbringer</Name>
    <Description>
      [H4]Lawbringer[h4]
      Please see page 16 of the No Disintegrations Sourcebook for details.
    </Description>
    <Source Page="16">No Disintegrations</Source>
  </Hook>
  <Hook>
    <Key>THRILLHUNT</Key>
    <Name>Thrill of the Hunt</Name>
    <Description>
      [H4]Thrill of the Hunt[h4]
      Please see page 16 of the No Disintegrations Sourcebook for details.
    </Description>
    <Source Page="16">No Disintegrations</Source>
  </Hook>


  <Hook>
    <Key>FAILEDINIT</Key>
    <Name>Failed Initiate</Name>
    <Description>
      [H4]Failed Initiate[h4]
      Please see page 11 of the Disciples of Harmony Sourcebook for details.
    </Description>
    <Source Page="11">Disciples of Harmony</Source>
  </Hook>
  <Hook>
    <Key>ROGSCH</Key>
    <Name>Rogue Scholar</Name>
    <Description>
      [H4]Rogue Scholar[h4]
      Please see page 11 of the Disciples of Harmony Sourcebook for details.
    </Description>
    <Source Page="11">Disciples of Harmony</Source>
  </Hook>
  <Hook>
    <Key>RELSEEK</Key>
    <Name>Relic Seeker</Name>
    <Description>
      [H4]Relic Seeker[h4]
      Please see page 12 of the Disciples of Harmony Sourcebook for details.
    </Description>
    <Source Page="12">Disciples of Harmony</Source>
  </Hook>
  <Hook>
    <Key>WANDDIP</Key>
    <Name>Wandering Diplomat</Name>
    <Description>
      [H4]Wandering Diplomat[h4]
      Please see page 13 of the Disciples of Harmony Sourcebook for details.
    </Description>
    <Source Page="13">Disciples of Harmony</Source>
  </Hook>
  <Hook>
    <Key>ECCENTRIC</Key>
    <Name>Eccentric</Name>
    <Description>
      [H4]Eccentric[h4]
      Please see page 13 of the Fully Operational Sourcebook for details.
    </Description>
    <Source Page="13">Fully Operational</Source>
  </Hook>
  <Hook>
    <Key>JOURNEYMAN</Key>
    <Name>Journeyman</Name>
    <Description>
      [H4]Journeyman[h4]
      Please see page 14 of the Fully Operational Sourcebook for details.
    </Description>
    <Source Page="14">Fully Operational</Source>
  </Hook>
  <Hook>
    <Key>TALENTAM</Key>
    <Name>Talented Amateur</Name>
    <Description>
      [H4]Talented Amateur[h4]
      Please see page 15 of the Fully Operational Sourcebook for details.
    </Description>
    <Source Page="15">Fully Operational</Source>
  </Hook>
  <Hook>
    <Key>ARTIST</Key>
    <Name>Artist</Name>
    <Description>
      [H4]Artist[h4]
      Please see page 10 of the Unlimited Power Sourcebook for details.
    </Description>
    <Source Page="10">Unlimited Power</Source>
  </Hook>
  <Hook>
    <Key>AUGUR</Key>
    <Name>Augur</Name>
    <Description>
      [H4]Augur[h4]
      Please see page 12 of the Unlimited Power Sourcebook for details.
    </Description>
    <Source Page="12">Unlimited Power</Source>
  </Hook>
  <Hook>
    <Key>CONARTIST</Key>
    <Name>Con Artist</Name>
    <Description>
      [H4]Con Artist[h4]
      Please see page 13 of the Unlimited Power Sourcebook for details.
    </Description>
    <Source Page="13">Unlimited Power</Source>
  </Hook>
  <Hook>
    <Key>ECONOMIST</Key>
    <Name>Economist</Name>
    <Description>
      [H4]Economist[h4]
      Please see page 13 of the Unlimited Power Sourcebook for details.
    </Description>
    <Source Page="13">Unlimited Power</Source>
  </Hook>
  <Hook>
    <Key>POLITICALEXP</Key>
    <Name>Political Expert</Name>
    <Description>
      [H4]Political Expert[h4]
      Please see page 14 of the Unlimited Power Sourcebook for details.
    </Description>
    <Source Page="14">Unlimited Power</Source>
  </Hook>
  <Hook>
    <Key>RELECSTATIC</Key>
    <Name>Religious Ecstatic</Name>
    <Description>
      [H4]Religious Ecstatic[h4]
      Please see page 15 of the Unlimited Power Sourcebook for details.
    </Description>
    <Source Page="15">Unlimited Power</Source>
  </Hook>
  <Hook>
    <Key>CRUSADER</Key>
    <Name>Crusader</Name>
    <Description>
      [H4]Crusader[h4]
      Please see page 12 of the Knights of Fate Sourcebook for details.
    </Description>
    <Source Page="12">Knights of Fate</Source>
  </Hook>
  <Hook>
    <Key>MILITARY</Key>
    <Name>Military</Name>
    <Description>
      [H4]Military[h4]
      Please see page 14 of the Knights of Fate Sourcebook for details.
    </Description>
    <Source Page="14">Knights of Fate</Source>
  </Hook>
  <Hook>
    <Key>FREERUNNER</Key>
    <Name>Freerunner</Name>
    <Description>
      [H4]Freerunner[h4]
      Please see page 12 of the Cyphers and Masks Sourcebook for details.
    </Description>
    <Source Page="12">Cyphers and Masks</Source>
  </Hook>
  <Hook>
    <Key>LAWENF</Key>
    <Name>Law Enforcement Agent</Name>
    <Description>
      [H4]Law Enforcement Agent[h4]
      Please see page 12 of the Cyphers and Masks Sourcebook for details.
    </Description>
    <Source Page="12">Cyphers and Masks</Source>
  </Hook>
  <Hook>
    <Key>MAKEUP</Key>
    <Name>Makeup Artist</Name>
    <Description>
      [H4]Makeup Artist[h4]
      Please see page 13 of the Cyphers and Masks Sourcebook for details.
    </Description>
    <Source Page="13">Cyphers and Masks</Source>
  </Hook>
  <Hook>
    <Key>PERFORMER</Key>
    <Name>Performer</Name>
    <Description>
      [H4]Performer[h4]
      Please see page 14 of the Cyphers and Masks Sourcebook for details.
    </Description>
    <Source Page="14">Cyphers and Masks</Source>
  </Hook>
  <Hook>
    <Key>PSYCHOLOGIST</Key>
    <Name>Psychologist</Name>
    <Description>
      [H4]Psychologist[h4]
      Please see page 14 of the Cyphers and Masks Sourcebook for details.
    </Description>
    <Source Page="14">Cyphers and Masks</Source>
  </Hook>
  <Hook>
    <Key>REPOSPEC</Key>
    <Name>Repo Specialist</Name>
    <Description>
      [H4]Repo Specialist[h4]
      Please see page 15 of the Cyphers and Masks Sourcebook for details.
    </Description>
    <Source Page="15">Cyphers and Masks</Source>
  </Hook>

</Hooks>