﻿<?xml version="1.0" encoding="utf-8"?>
<Moralities>
  <Morality>
    <Key>BRAVERY</Key>
    <Name>Bravery</Name>
    <Description>
      [H4]Bravery (Strength)[h4]
      Please see page 50 of the Force and Destiny Core Rulebook for details.
    </Description>
    <Source Page="50">Force and Destiny Core Rulebook</Source>
    <Type>Strength</Type>
    <WeakKey>ANGER</WeakKey>
    <Pairs>
      <MoralityPair>
        <Name>Keeping the Peace</Name>
        <WeakKey>RECKLESSNESS</WeakKey>
      </MoralityPair>
      <MoralityPair>
        <Name>Savage Spirits</Name>
        <WeakKey>RECKLESSNESS</WeakKey>
      </MoralityPair>
      <MoralityPair>
        <Name>Endless Vigil</Name>
        <WeakKey>DEFIANCE</WeakKey>
      </MoralityPair>
      <MoralityPair>
        <Name>Disciples of Harmony</Name>
        <WeakKey></WeakKey>
      </MoralityPair>
      <MoralityPair>
        <Name>Unlimited Power</Name>
        <WeakKey></WeakKey>
      </MoralityPair>
      <MoralityPair>
        <Name>Knights of Fate</Name>
        <WeakKey>RECKLESSNESS</WeakKey>
      </MoralityPair>
    </Pairs>
  </Morality>
  <Morality>
    <Key>LOVE</Key>
    <Name>Love</Name>
    <Description>
      [H4]Love (Strength)[h4]
      Please see page 50 of the Force and Destiny Core Rulebook for details.
    </Description>
    <Source Page="50">Force and Destiny Core Rulebook</Source>
    <Type>Strength</Type>
    <WeakKey>JEALOUSY</WeakKey>
    <Pairs>
      <MoralityPair>
        <Name>Endless Vigil</Name>
        <WeakKey></WeakKey>
      </MoralityPair>
      <MoralityPair>
        <Name>Unlimited Power</Name>
        <WeakKey></WeakKey>
      </MoralityPair>
      <MoralityPair>
        <Name>Knights of Fate</Name>
        <WeakKey></WeakKey>
      </MoralityPair>
    </Pairs>
  </Morality>
  <Morality>
    <Key>CAUTION</Key>
    <Name>Caution</Name>
    <Description>
      [H4]Caution (Strength)[h4]
      Please see page 50 of the Force and Destiny Core Rulebook for details.
    </Description>
    <Source Page="50">Force and Destiny Core Rulebook</Source>
    <Type>Strength</Type>
    <WeakKey>FEAR</WeakKey>
    <Pairs>
      <MoralityPair>
        <Name>Keeping the Peace</Name>
        <WeakKey>INDECISION</WeakKey>
      </MoralityPair>
      <MoralityPair>
        <Name>Disciples of Harmony</Name>
        <WeakKey>INDECISION</WeakKey>
      </MoralityPair>
      <MoralityPair>
        <Name>Unlimited Power</Name>
        <WeakKey>FEAR</WeakKey>
      </MoralityPair>
      <MoralityPair>
        <Name>Knights of Fate</Name>
        <WeakKey>FEAR</WeakKey>
      </MoralityPair>
    </Pairs>
  </Morality>
  <Morality>
    <Key>CONSISTENCY</Key>
    <Name>Consistency</Name>
    <Description>
      [H4]Consistency (Strength)[h4]
      Please see page 17 of the Keeping the Peace sourcebook for details.
    </Description>
    <Source Page="17">Keeping the Peace</Source>
    <Type>Strength</Type>
    <WeakKey>OBSTINATENESS</WeakKey>
    <Pairs>
      <MoralityPair>
        <Name>Savage Spirits</Name>
        <WeakKey></WeakKey>
      </MoralityPair>
      <MoralityPair>
        <Name>Endless Vigil</Name>
        <WeakKey></WeakKey>
      </MoralityPair>
      <MoralityPair>
        <Name>Disciples of Harmony</Name>
        <WeakKey></WeakKey>
      </MoralityPair>
      <MoralityPair>
        <Name>Unlimited Power</Name>
        <WeakKey></WeakKey>
      </MoralityPair>
      <MoralityPair>
        <Name>Knights of Fate</Name>
        <WeakKey></WeakKey>
      </MoralityPair>
    </Pairs>
  </Morality>
  <Morality>
    <Key>ENTHUSIASM</Key>
    <Name>Enthusiasm</Name>
    <Description>
      [H4]Enthusiasm (Strength)[h4]
      Please see page 50 of the Force and Destiny Core Rulebook for details.
    </Description>
    <Source Page="50">Force and Destiny Core Rulebook</Source>
    <Type>Strength</Type>
    <WeakKey>RECKLESSNESS</WeakKey>
    <Pairs>
      <MoralityPair>
        <Name>Keeping the Peace</Name>
        <WeakKey>
        </WeakKey>
      </MoralityPair>
      <MoralityPair>
        <Name>Savage Spirits</Name>
        <WeakKey>DISARRAY</WeakKey>
      </MoralityPair>
      <MoralityPair>
        <Name>Endless Vigil</Name>
        <WeakKey></WeakKey>
      </MoralityPair>
      <MoralityPair>
        <Name>Disciples of Harmony</Name>
        <WeakKey></WeakKey>
      </MoralityPair>
      <MoralityPair>
        <Name>Unlimited Power</Name>
        <WeakKey></WeakKey>
      </MoralityPair>
      <MoralityPair>
        <Name>Knights of Fate</Name>
        <WeakKey></WeakKey>
      </MoralityPair>
    </Pairs>
  </Morality>
  <Morality>
    <Key>EMPATHY</Key>
    <Name>Empathy</Name>
    <Description>
      [H4]Empathy (Strength)[h4]
      Please see page 17 of the Savage Spirits Sourcebook for details.
    </Description>
    <Source Page="17">Savage Spirits</Source>
    <Type>Strength</Type>
    <WeakKey>VENGEANCE</WeakKey>
    <Pairs>
      <MoralityPair>
        <Name>Keeping the Peace</Name>
        <WeakKey>
        </WeakKey>
      </MoralityPair>
      <MoralityPair>
        <Name>Endless Vigil</Name>
        <WeakKey></WeakKey>
      </MoralityPair>
      <MoralityPair>
        <Name>Disciples of Harmony</Name>
        <WeakKey></WeakKey>
      </MoralityPair>
      <MoralityPair>
        <Name>Unlimited Power</Name>
        <WeakKey></WeakKey>
      </MoralityPair>
      <MoralityPair>
        <Name>Knights of Fate</Name>
        <WeakKey></WeakKey>
      </MoralityPair>
    </Pairs>
  </Morality>
  <Morality>
    <Key>COMPASSION</Key>
    <Name>Compassion</Name>
    <Description>
      [H4]Compassion (Strength)[h4]
      Please see page 50 of the Force and Destiny Core Rulebook for details.
    </Description>
    <Source Page="50">Force and Destiny Core Rulebook</Source>
    <Type>Strength</Type>
    <WeakKey>HATRED</WeakKey>
    <Pairs>
      <MoralityPair>
        <Name>Savage Spirits</Name>
        <WeakKey></WeakKey>
      </MoralityPair>
      <MoralityPair>
        <Name>Knights of Fate</Name>
        <WeakKey></WeakKey>
      </MoralityPair>
    </Pairs>
  </Morality>
  <Morality>
    <Key>MERCY</Key>
    <Name>Mercy</Name>
    <Description>
      [H4]Mercy (Strength)[h4]
      Please see page 50 of the Force and Destiny Core Rulebook for details.
    </Description>
    <Source Page="50">Force and Destiny Core Rulebook</Source>
    <Type>Strength</Type>
    <WeakKey>APATHY</WeakKey>
    <Pairs>
      <MoralityPair>
        <Name>Keeping the Peace</Name>
        <WeakKey>NAIVETE</WeakKey>
      </MoralityPair>
      <MoralityPair>
        <Name>Savage Spirits</Name>
        <WeakKey></WeakKey>
      </MoralityPair>
      <MoralityPair>
        <Name>Endless Vigil</Name>
        <WeakKey>WEARINESS</WeakKey>
      </MoralityPair>
      <MoralityPair>
        <Name>Disciples of Harmony</Name>
        <WeakKey>NAIVETE</WeakKey>
      </MoralityPair>
      <MoralityPair>
        <Name>Unlimited Power</Name>
        <WeakKey></WeakKey>
      </MoralityPair>
      <MoralityPair>
        <Name>Knights of Fate</Name>
        <WeakKey></WeakKey>
      </MoralityPair>
    </Pairs>
  </Morality>
  <Morality>
    <Key>DEDICATION</Key>
    <Name>Dedication</Name>
    <Description>
      [H4]Dedication (Strength)[h4]
      Please see page 17 of the Keeping the Peace Sourcebook for details.
    </Description>
    <Source Page="17">Keeping the Peace</Source>
    <Type>Strength</Type>
    <WeakKey>OBSESSION</WeakKey>
    <Pairs>
      <MoralityPair>
        <Name>Savage Spirits</Name>
        <WeakKey></WeakKey>
      </MoralityPair>
      <MoralityPair>
        <Name>Endless Vigil</Name>
        <WeakKey></WeakKey>
      </MoralityPair>
      <MoralityPair>
        <Name>Disciples of Harmony</Name>
        <WeakKey></WeakKey>
      </MoralityPair>
      <MoralityPair>
        <Name>Unlimited Power</Name>
        <WeakKey></WeakKey>
      </MoralityPair>
    </Pairs>
  </Morality>
  <Morality>
    <Key>ASSERTIVENESS</Key>
    <Name>Assertiveness</Name>
    <Description>
      [H4]Assertiveness (Strength)[h4]
      Please see page 17 of the Savage Spirits Sourcebook, or page 16 of the Knights of Fate Sourcebook, for details.
    </Description>
    <Sources>
      <Source Page="17">Savage Spirits</Source>
      <Source Page="16">Knights of Fate</Source>
    </Sources>
    <Type>Strength</Type>
    <WeakKey>OBSTINACY</WeakKey>
    <Pairs>
      <MoralityPair>
        <Name>Keeping the Peace</Name>
        <WeakKey></WeakKey>
      </MoralityPair>
      <MoralityPair>
        <Name>Endless Vigil</Name>
        <WeakKey></WeakKey>
      </MoralityPair>
      <MoralityPair>
        <Name>Disciples of Harmony</Name>
        <WeakKey></WeakKey>
      </MoralityPair>
      <MoralityPair>
        <Name>Unlimited Power</Name>
        <WeakKey></WeakKey>
      </MoralityPair>
      <MoralityPair>
        <Name>Knights of Fate</Name>
        <WeakKey></WeakKey>
      </MoralityPair>
    </Pairs>
  </Morality>
  <Morality>
    <Key>CURIOSITY</Key>
    <Name>Curiosity</Name>
    <Description>
      [H4]Curiosity (Strength)[h4]
      Please see page 50 of the Force and Destiny Core Rulebook for details.
    </Description>
    <Source Page="50">Force and Destiny Core Rulebook</Source>
    <Type>Strength</Type>
    <WeakKey>OBSESSION</WeakKey>
    <Pairs>
      <MoralityPair>
        <Name>Keeping the Peace</Name>
        <WeakKey>
        </WeakKey>
      </MoralityPair>
      <MoralityPair>
        <Name>Endless Vigil</Name>
        <WeakKey></WeakKey>
      </MoralityPair>
      <MoralityPair>
        <Name>Unlimited Power</Name>
        <WeakKey></WeakKey>
      </MoralityPair>
      <MoralityPair>
        <Name>Knights of Fate</Name>
        <WeakKey></WeakKey>
      </MoralityPair>
    </Pairs>
  </Morality>
  <Morality>
    <Key>PRIDE</Key>
    <Name>Pride</Name>
    <Description>
      [H4]Pride (Strength)[h4]
      Please see page 50 of the Force and Destiny Core Rulebook for details.
    </Description>
    <Source Page="50">Force and Destiny Core Rulebook</Source>
    <Type>Strength</Type>
    <WeakKey>ARROGANCE</WeakKey>
    <Pairs>
      <MoralityPair>
        <Name>Savage Spirits</Name>
        <WeakKey>DISDAIN</WeakKey>
      </MoralityPair>
      <MoralityPair>
        <Name>Knights of Fate</Name>
        <WeakKey></WeakKey>
      </MoralityPair>
    </Pairs>
  </Morality>
  <Morality>
    <Key>INDEPENDENCE</Key>
    <Name>Independence</Name>
    <Description>
      [H4]Independence (Strength)[h4]
      Please see page 50 of the Force and Destiny Core Rulebook for details.
    </Description>
    <Source Page="50">Force and Destiny Core Rulebook</Source>
    <Type>Strength</Type>
    <WeakKey>COLDNESS</WeakKey>
    <Pairs>
      <MoralityPair>
        <Name>Savage Spirits</Name>
        <WeakKey>ARROGANCE</WeakKey>
      </MoralityPair>
      <MoralityPair>
        <Name>Endless Vigil</Name>
        <WeakKey></WeakKey>
      </MoralityPair>
      <MoralityPair>
        <Name>Disciples of Harmony</Name>
        <WeakKey></WeakKey>
      </MoralityPair>
      <MoralityPair>
        <Name>Unlimited Power</Name>
        <WeakKey>OBSTINATENESS</WeakKey>
      </MoralityPair>
      <MoralityPair>
        <Name>Knights of Fate</Name>
        <WeakKey></WeakKey>
      </MoralityPair>
    </Pairs>
  </Morality>
  <Morality>
    <Key>AMBITION</Key>
    <Name>Ambition</Name>
    <Description>
      [H4]Ambition (Strength)[h4]
      Please see page 50 of the Force and Destiny Core Rulebook for details.
    </Description>
    <Source Page="50">Force and Destiny Core Rulebook</Source>
    <Type>Strength</Type>
    <WeakKey>GREED</WeakKey>
    <Pairs>
      <MoralityPair>
        <Name>Keeping the Peace</Name>
        <WeakKey>IMPATIENCE</WeakKey>
      </MoralityPair>
      <MoralityPair>
        <Name>Savage Spirits</Name>
        <WeakKey>COLDHEART</WeakKey>
      </MoralityPair>
      <MoralityPair>
        <Name>Endless Vigil</Name>
        <WeakKey></WeakKey>
      </MoralityPair>
      <MoralityPair>
        <Name>Disciples of Harmony</Name>
        <WeakKey>IMPATIENCE</WeakKey>
      </MoralityPair>
      <MoralityPair>
        <Name>Unlimited Power</Name>
        <WeakKey></WeakKey>
      </MoralityPair>
      <MoralityPair>
        <Name>Knights of Fate</Name>
        <WeakKey></WeakKey>
      </MoralityPair>
    </Pairs>
  </Morality>
  <Morality>
    <Key>JUSTICE</Key>
    <Name>Justice</Name>
    <Description>
      [H4]Justice (Strength)[h4]
      Please see page 50 of the Force and Destiny Core Rulebook for details.
    </Description>
    <Source Page="50">Force and Destiny Core Rulebook</Source>
    <Type>Strength</Type>
    <WeakKey>CRUELTY</WeakKey>
    <Pairs>
      <MoralityPair>
        <Name>Savage Spirits</Name>
        <WeakKey>MERCILESSNESS</WeakKey>
      </MoralityPair>
      <MoralityPair>
        <Name>Disciples of Harmony</Name>
        <WeakKey></WeakKey>
      </MoralityPair>
      <MoralityPair>
        <Name>Unlimited Power</Name>
        <WeakKey></WeakKey>
      </MoralityPair>
      <MoralityPair>
        <Name>Knights of Fate</Name>
        <WeakKey>JUDGING</WeakKey>
      </MoralityPair>
    </Pairs>
  </Morality>
  <Morality>
    <Key>DISCIPLINE</Key>
    <Name>Discipline</Name>
    <Description>
      [H4]Discipline (Strength)[h4]
      Please see page 50 of the Force and Destiny Core Rulebook for details.
    </Description>
    <Source Page="50">Force and Destiny Core Rulebook</Source>
    <Type>Strength</Type>
    <WeakKey>OBSTINATENESS</WeakKey>
    <Pairs>
      <MoralityPair>
        <Name>Keeping the Peace</Name>
        <WeakKey>INTOLERANCE</WeakKey>
      </MoralityPair>
      <MoralityPair>
        <Name>Savage Spirits</Name>
        <WeakKey>CLOSEDMIND</WeakKey>
      </MoralityPair>
      <MoralityPair>
        <Name>Endless Vigil</Name>
        <WeakKey></WeakKey>
      </MoralityPair>
      <MoralityPair>
        <Name>Disciples of Harmony</Name>
        <WeakKey>INTOLERANCE</WeakKey>
      </MoralityPair>
      <MoralityPair>
        <Name>Unlimited Power</Name>
        <WeakKey>COLDNESS</WeakKey>
      </MoralityPair>
      <MoralityPair>
        <Name>Knights of Fate</Name>
        <WeakKey>REPRESSION</WeakKey>
      </MoralityPair>
    </Pairs>
  </Morality>
  <Morality>
    <Key>FRUGAL</Key>
    <Name>Frugality</Name>
    <Description>
      [H4]Frugality (Strength)[h4]
      Please see page 17 of the Endless Vigil Sourcebook for details.
    </Description>
    <Source Page="17">Endless Vigil</Source>
    <Type>Strength</Type>
    <WeakKey>CONDEMN</WeakKey>
    <Pairs>
      <MoralityPair>
        <Name>Keeping the Peace</Name>
        <WeakKey></WeakKey>
      </MoralityPair>
      <MoralityPair>
        <Name>Savage Spirits</Name>
        <WeakKey></WeakKey>
      </MoralityPair>
      <MoralityPair>
        <Name>Disciples of Harmony</Name>
        <WeakKey></WeakKey>
      </MoralityPair>
      <MoralityPair>
        <Name>Unlimited Power</Name>
        <WeakKey></WeakKey>
      </MoralityPair>
      <MoralityPair>
        <Name>Knights of Fate</Name>
        <WeakKey></WeakKey>
      </MoralityPair>
    </Pairs>
  </Morality>
  <Morality>
    <Key>WONDER</Key>
    <Name>Wonder</Name>
    <Description>
      [H4]Wonder (Strength)[h4]
      Please see page 17 of the Endless Vigil Sourcebook for details.
    </Description>
    <Source Page="17">Endless Vigil</Source>
    <Type>Strength</Type>
    <WeakKey>ALIENATION</WeakKey>
    <Pairs>
      <MoralityPair>
        <Name>Keeping the Peace</Name>
        <WeakKey></WeakKey>
      </MoralityPair>
      <MoralityPair>
        <Name>Savage Spirits</Name>
        <WeakKey></WeakKey>
      </MoralityPair>
      <MoralityPair>
        <Name>Disciples of Harmony</Name>
        <WeakKey></WeakKey>
      </MoralityPair>
      <MoralityPair>
        <Name>Unlimited Power</Name>
        <WeakKey></WeakKey>
      </MoralityPair>
      <MoralityPair>
        <Name>Knights of Fate</Name>
        <WeakKey></WeakKey>
      </MoralityPair>
    </Pairs>
  </Morality>
  <Morality>
    <Key>RIGHT</Key>
    <Name>Righteousness</Name>
    <Description>
      [H4]Righteousness (Strength)[h4]
      Please see page 17 of the Endless Vigil Sourcebook for details.
    </Description>
    <Source Page="17">Endless Vigil</Source>
    <Type>Strength</Type>
    <WeakKey>SPITE</WeakKey>
    <Pairs>
      <MoralityPair>
        <Name>Keeping the Peace</Name>
        <WeakKey></WeakKey>
      </MoralityPair>
      <MoralityPair>
        <Name>Savage Spirits</Name>
        <WeakKey></WeakKey>
      </MoralityPair>
      <MoralityPair>
        <Name>Disciples of Harmony</Name>
        <WeakKey></WeakKey>
      </MoralityPair>
      <MoralityPair>
        <Name>Unlimited Power</Name>
        <WeakKey></WeakKey>
      </MoralityPair>
      <MoralityPair>
        <Name>Knights of Fate</Name>
        <WeakKey></WeakKey>
      </MoralityPair>
    </Pairs>
  </Morality>
  <Morality>
    <Key>MODESTY</Key>
    <Name>Modesty</Name>
    <Description>
      [H4]Modesty (Strength)[h4]
      Please see page 17 of the Endless Vigil Sourcebook for details.
    </Description>
    <Source Page="17">Endless Vigil</Source>
    <Type>Strength</Type>
    <WeakKey>VANITY</WeakKey>
    <Pairs>
      <MoralityPair>
        <Name>Keeping the Peace</Name>
        <WeakKey></WeakKey>
      </MoralityPair>
      <MoralityPair>
        <Name>Savage Spirits</Name>
        <WeakKey></WeakKey>
      </MoralityPair>
      <MoralityPair>
        <Name>Disciples of Harmony</Name>
        <WeakKey></WeakKey>
      </MoralityPair>
      <MoralityPair>
        <Name>Knights of Fate</Name>
        <WeakKey></WeakKey>
      </MoralityPair>
    </Pairs>
  </Morality>
  <Morality>
    <Key>TRUST</Key>
    <Name>Trust</Name>
    <Description>
      [H4]Trust (Strength)[h4]
      Please see page 17 of the Endless Vigil Sourcebook for details.
    </Description>
    <Source Page="17">Endless Vigil</Source>
    <Type>Strength</Type>
    <WeakKey>GUARDED</WeakKey>
    <Pairs>
      <MoralityPair>
        <Name>Keeping the Peace</Name>
        <WeakKey></WeakKey>
      </MoralityPair>
      <MoralityPair>
        <Name>Savage Spirits</Name>
        <WeakKey></WeakKey>
      </MoralityPair>
      <MoralityPair>
        <Name>Disciples of Harmony</Name>
        <WeakKey></WeakKey>
      </MoralityPair>
      <MoralityPair>
        <Name>Unlimited Power</Name>
        <WeakKey></WeakKey>
      </MoralityPair>
      <MoralityPair>
        <Name>Knights of Fate</Name>
        <WeakKey></WeakKey>
      </MoralityPair>
    </Pairs>
  </Morality>
  <Morality>
    <Key>MALLEAB</Key>
    <Name>Malleability</Name>
    <Description>
      [H4]Malleability (Strength)[h4]
      Please see page 17 of the Endless Vigil Sourcebook for details.
    </Description>
    <Source Page="17">Endless Vigil</Source>
    <Type>Strength</Type>
    <WeakKey>DOGMATIC</WeakKey>
    <Pairs>
      <MoralityPair>
        <Name>Keeping the Peace</Name>
        <WeakKey></WeakKey>
      </MoralityPair>
      <MoralityPair>
        <Name>Savage Spirits</Name>
        <WeakKey></WeakKey>
      </MoralityPair>
      <MoralityPair>
        <Name>Disciples of Harmony</Name>
        <WeakKey></WeakKey>
      </MoralityPair>
      <MoralityPair>
        <Name>Unlimited Power</Name>
        <WeakKey></WeakKey>
      </MoralityPair>
      <MoralityPair>
        <Name>Knights of Fate</Name>
        <WeakKey></WeakKey>
      </MoralityPair>
    </Pairs>
  </Morality>
  <Morality>
    <Key>REASON</Key>
    <Name>Reason</Name>
    <Description>
      [H4]Reason (Strength)[h4]
      Please see page 15 of the Disciples of Harmony Sourcebook for details.
    </Description>
    <Source Page="15">Disciples of Harmony</Source>
    <Type>Strength</Type>
    <WeakKey>APATHYW</WeakKey>
    <Pairs>
      <MoralityPair>
        <Name>Keeping the Peace</Name>
        <WeakKey></WeakKey>
      </MoralityPair>
      <MoralityPair>
        <Name>Savage Spirits</Name>
        <WeakKey></WeakKey>
      </MoralityPair>
      <MoralityPair>
        <Name>Endless Vigil</Name>
        <WeakKey></WeakKey>
      </MoralityPair>
      <MoralityPair>
        <Name>Unlimited Power</Name>
        <WeakKey></WeakKey>
      </MoralityPair>
      <MoralityPair>
        <Name>Knights of Fate</Name>
        <WeakKey></WeakKey>
      </MoralityPair>
    </Pairs>
  </Morality>
  <Morality>
    <Key>CLEVER</Key>
    <Name>Cleverness</Name>
    <Description>
      [H4]Cleverness (Strength)[h4]
      Please see page 15 of the Disciples of Harmony Sourcebook for details.
    </Description>
    <Source Page="15">Disciples of Harmony</Source>
    <Type>Strength</Type>
    <WeakKey>SOPH</WeakKey>
    <Pairs>
      <MoralityPair>
        <Name>Keeping the Peace</Name>
        <WeakKey></WeakKey>
      </MoralityPair>
      <MoralityPair>
        <Name>Savage Spirits</Name>
        <WeakKey></WeakKey>
      </MoralityPair>
      <MoralityPair>
        <Name>Endless Vigil</Name>
        <WeakKey></WeakKey>
      </MoralityPair>
      <MoralityPair>
        <Name>Unlimited Power</Name>
        <WeakKey></WeakKey>
      </MoralityPair>
      <MoralityPair>
        <Name>Knights of Fate</Name>
        <WeakKey></WeakKey>
      </MoralityPair>
    </Pairs>
  </Morality>
  <Morality>
    <Key>PATIENT</Key>
    <Name>Patience</Name>
    <Description>
      [H4]Patience (Strength)[h4]
      Please see page 15 of the Disciples of Harmony Sourcebook for details.
    </Description>
    <Source Page="15">Disciples of Harmony</Source>
    <Type>Strength</Type>
    <WeakKey>CONDES</WeakKey>
    <Pairs>
      <MoralityPair>
        <Name>Keeping the Peace</Name>
        <WeakKey></WeakKey>
      </MoralityPair>
      <MoralityPair>
        <Name>Savage Spirits</Name>
        <WeakKey></WeakKey>
      </MoralityPair>
      <MoralityPair>
        <Name>Endless Vigil</Name>
        <WeakKey></WeakKey>
      </MoralityPair>
      <MoralityPair>
        <Name>Unlimited Power</Name>
        <WeakKey></WeakKey>
      </MoralityPair>
      <MoralityPair>
        <Name>Knights of Fate</Name>
        <WeakKey></WeakKey>
      </MoralityPair>
    </Pairs>
  </Morality>
  <Morality>
    <Key>CHARITY</Key>
    <Name>Charity</Name>
    <Description>
      [H4]Charity (Strength)[h4]
      Please see page 15 of the Disciples of Harmony Sourcebook for details.
    </Description>
    <Source Page="15">Disciples of Harmony</Source>
    <Type>Strength</Type>
    <WeakKey>MARTYR</WeakKey>
    <Pairs>
      <MoralityPair>
        <Name>Keeping the Peace</Name>
        <WeakKey></WeakKey>
      </MoralityPair>
      <MoralityPair>
        <Name>Savage Spirits</Name>
        <WeakKey></WeakKey>
      </MoralityPair>
      <MoralityPair>
        <Name>Endless Vigil</Name>
        <WeakKey></WeakKey>
      </MoralityPair>
      <MoralityPair>
        <Name>Unlimited Power</Name>
        <WeakKey></WeakKey>
      </MoralityPair>
      <MoralityPair>
        <Name>Knights of Fate</Name>
        <WeakKey></WeakKey>
      </MoralityPair>
    </Pairs>
  </Morality>
  <Morality>
    <Key>CERTAINTY</Key>
    <Name>Certainty</Name>
    <Description>
      [H4]Certainty (Strength)[h4]
      Please see page 17 of the Unlimited Power Sourcebook for details.
    </Description>
    <Source Page="17">Unlimited Power</Source>
    <Type>Strength</Type>
    <WeakKey>EGOISM</WeakKey>
    <Pairs>
      <MoralityPair>
        <Name>Keeping the Peace</Name>
        <WeakKey></WeakKey>
      </MoralityPair>
      <MoralityPair>
        <Name>Savage Spirits</Name>
        <WeakKey></WeakKey>
      </MoralityPair>
      <MoralityPair>
        <Name>Endless Vigil</Name>
        <WeakKey></WeakKey>
      </MoralityPair>
      <MoralityPair>
        <Name>Disciples of Harmony</Name>
        <WeakKey></WeakKey>
      </MoralityPair>
      <MoralityPair>
        <Name>Knights of Fate</Name>
        <WeakKey></WeakKey>
      </MoralityPair>
    </Pairs>
  </Morality>
  <Morality>
    <Key>CLARITY</Key>
    <Name>Clarity</Name>
    <Description>
      [H4]Clarity (Strength)[h4]
      Please see page 17 of the Unlimited Power Sourcebook for details.
    </Description>
    <Source Page="17">Unlimited Power</Source>
    <Type>Strength</Type>
    <WeakKey>CONFUSION</WeakKey>
    <Pairs>
      <MoralityPair>
        <Name>Keeping the Peace</Name>
        <WeakKey></WeakKey>
      </MoralityPair>
      <MoralityPair>
        <Name>Savage Spirits</Name>
        <WeakKey></WeakKey>
      </MoralityPair>
      <MoralityPair>
        <Name>Endless Vigil</Name>
        <WeakKey></WeakKey>
      </MoralityPair>
      <MoralityPair>
        <Name>Disciples of Harmony</Name>
        <WeakKey></WeakKey>
      </MoralityPair>
      <MoralityPair>
        <Name>Knights of Fate</Name>
        <WeakKey></WeakKey>
      </MoralityPair>
    </Pairs>
  </Morality>
  <Morality>
    <Key>HUMILITY</Key>
    <Name>Humility</Name>
    <Description>
      [H4]Humility (Strength)[h4]
      Please see page 17 of the Unlimited Power Sourcebook for details.
    </Description>
    <Source Page="17">Unlimited Power</Source>
    <Type>Strength</Type>
    <WeakKey>WORTHLESSNESS</WeakKey>
    <Pairs>
      <MoralityPair>
        <Name>Keeping the Peace</Name>
        <WeakKey></WeakKey>
      </MoralityPair>
      <MoralityPair>
        <Name>Savage Spirits</Name>
        <WeakKey></WeakKey>
      </MoralityPair>
      <MoralityPair>
        <Name>Endless Vigil</Name>
        <WeakKey></WeakKey>
      </MoralityPair>
      <MoralityPair>
        <Name>Disciples of Harmony</Name>
        <WeakKey></WeakKey>
      </MoralityPair>
      <MoralityPair>
        <Name>Knights of Fate</Name>
        <WeakKey></WeakKey>
      </MoralityPair>
    </Pairs>
  </Morality>
  <Morality>
    <Key>WELLNESS</Key>
    <Name>Wellness</Name>
    <Description>
      [H4]Wellness (Strength)[h4]
      Please see page 17 of the Unlimited Power Sourcebook for details.
    </Description>
    <Source Page="17">Unlimited Power</Source>
    <Type>Strength</Type>
    <WeakKey>RIGID</WeakKey>
    <Pairs>
      <MoralityPair>
        <Name>Keeping the Peace</Name>
        <WeakKey></WeakKey>
      </MoralityPair>
      <MoralityPair>
        <Name>Savage Spirits</Name>
        <WeakKey></WeakKey>
      </MoralityPair>
      <MoralityPair>
        <Name>Endless Vigil</Name>
        <WeakKey></WeakKey>
      </MoralityPair>
      <MoralityPair>
        <Name>Disciples of Harmony</Name>
        <WeakKey></WeakKey>
      </MoralityPair>
      <MoralityPair>
        <Name>Knights of Fate</Name>
        <WeakKey></WeakKey>
      </MoralityPair>
    </Pairs>
  </Morality>
  <Morality>
    <Key>JOY</Key>
    <Name>Joy</Name>
    <Description>
      [H4]Joy (Strength)[h4]
      Please see page 17 of the Unlimited Power Sourcebook for details.
    </Description>
    <Source Page="17">Unlimited Power</Source>
    <Type>Strength</Type>
    <WeakKey>ANTIPATHY</WeakKey>
    <Pairs>
      <MoralityPair>
        <Name>Keeping the Peace</Name>
        <WeakKey></WeakKey>
      </MoralityPair>
      <MoralityPair>
        <Name>Savage Spirits</Name>
        <WeakKey></WeakKey>
      </MoralityPair>
      <MoralityPair>
        <Name>Endless Vigil</Name>
        <WeakKey></WeakKey>
      </MoralityPair>
      <MoralityPair>
        <Name>Disciples of Harmony</Name>
        <WeakKey></WeakKey>
      </MoralityPair>
      <MoralityPair>
        <Name>Knights of Fate</Name>
        <WeakKey></WeakKey>
      </MoralityPair>
    </Pairs>
  </Morality>
  <Morality>
    <Key>FONDNESS</Key>
    <Name>Fondness</Name>
    <Description>
      [H4]Fondness (Strength)[h4]
      Please see page 17 of the Unlimited Power Sourcebook for details.
    </Description>
    <Source Page="17">Unlimited Power</Source>
    <Type>Strength</Type>
    <WeakKey>DEMANDING</WeakKey>
    <Pairs>
      <MoralityPair>
        <Name>Keeping the Peace</Name>
        <WeakKey></WeakKey>
      </MoralityPair>
      <MoralityPair>
        <Name>Savage Spirits</Name>
        <WeakKey></WeakKey>
      </MoralityPair>
      <MoralityPair>
        <Name>Endless Vigil</Name>
        <WeakKey></WeakKey>
      </MoralityPair>
      <MoralityPair>
        <Name>Disciples of Harmony</Name>
        <WeakKey></WeakKey>
      </MoralityPair>
      <MoralityPair>
        <Name>Knights of Fate</Name>
        <WeakKey></WeakKey>
      </MoralityPair>
    </Pairs>
  </Morality>
  <Morality>
    <Key>CONFIDENCE</Key>
    <Name>Confidence</Name>
    <Description>
      [H4]Confidence (Strength)[h4]
      Please see page 16 of the Knights of Fate Sourcebook for details.
    </Description>
    <Source Page="16">Knights of Fate</Source>
    <Type>Strength</Type>
    <WeakKey>ARROGANCE</WeakKey>
    <Pairs>
      <MoralityPair>
        <Name>Keeping the Peace</Name>
        <WeakKey></WeakKey>
      </MoralityPair>
      <MoralityPair>
        <Name>Savage Spirits</Name>
        <WeakKey></WeakKey>
      </MoralityPair>
      <MoralityPair>
        <Name>Endless Vigil</Name>
        <WeakKey></WeakKey>
      </MoralityPair>
      <MoralityPair>
        <Name>Disciples of Harmony</Name>
        <WeakKey></WeakKey>
      </MoralityPair>
    </Pairs>
  </Morality>
  <Morality>
    <Key>CAMARADERIE</Key>
    <Name>Camaraderie</Name>
    <Description>
      [H4]Camaraderie (Strength)[h4]
      Please see page 16 of the Knights of Fate Sourcebook for details.
    </Description>
    <Source Page="16">Knights of Fate</Source>
    <Type>Strength</Type>
    <WeakKey>CONFORMITY</WeakKey>
    <Pairs>
      <MoralityPair>
        <Name>Keeping the Peace</Name>
        <WeakKey></WeakKey>
      </MoralityPair>
      <MoralityPair>
        <Name>Savage Spirits</Name>
        <WeakKey></WeakKey>
      </MoralityPair>
      <MoralityPair>
        <Name>Endless Vigil</Name>
        <WeakKey></WeakKey>
      </MoralityPair>
      <MoralityPair>
        <Name>Disciples of Harmony</Name>
        <WeakKey></WeakKey>
      </MoralityPair>
    </Pairs>
  </Morality>
  <Morality>
    <Key>CONVICTION</Key>
    <Name>Conviction</Name>
    <Description>
      [H4]Conviction (Strength)[h4]
      Please see page 16 of the Knights of Fate Sourcebook for details.
    </Description>
    <Source Page="16">Knights of Fate</Source>
    <Type>Strength</Type>
    <WeakKey>OBSTINACY</WeakKey>
    <Pairs>
      <MoralityPair>
        <Name>Keeping the Peace</Name>
        <WeakKey></WeakKey>
      </MoralityPair>
      <MoralityPair>
        <Name>Savage Spirits</Name>
        <WeakKey></WeakKey>
      </MoralityPair>
      <MoralityPair>
        <Name>Endless Vigil</Name>
        <WeakKey></WeakKey>
      </MoralityPair>
      <MoralityPair>
        <Name>Disciples of Harmony</Name>
        <WeakKey></WeakKey>
      </MoralityPair>
    </Pairs>
  </Morality>
  <Morality>
    <Key>HONOR</Key>
    <Name>Honor</Name>
    <Description>
      [H4]Honor (Strength)[h4]
      Please see page 16 of the Knights of Fate Sourcebook for details.
    </Description>
    <Source Page="16">Knights of Fate</Source>
    <Type>Strength</Type>
    <WeakKey>VANITY</WeakKey>
    <Pairs>
      <MoralityPair>
        <Name>Keeping the Peace</Name>
        <WeakKey></WeakKey>
      </MoralityPair>
      <MoralityPair>
        <Name>Savage Spirits</Name>
        <WeakKey></WeakKey>
      </MoralityPair>
      <MoralityPair>
        <Name>Endless Vigil</Name>
        <WeakKey></WeakKey>
      </MoralityPair>
      <MoralityPair>
        <Name>Disciples of Harmony</Name>
        <WeakKey></WeakKey>
      </MoralityPair>
    </Pairs>
  </Morality>

  <Morality>
    <Key>CONSIDERATION</Key>
    <Name>Consideration</Name>
    <Description>
      [H4]Consideration (Strength)[h4]
      Please see page 16 of the Knights of Fate Sourcebook for details.
    </Description>
    <Source Page="16">Knights of Fate</Source>
    <Type>Strength</Type>
    <WeakKey>HESITANCY</WeakKey>
    <Pairs>
      <MoralityPair>
        <Name>Keeping the Peace</Name>
        <WeakKey></WeakKey>
      </MoralityPair>
      <MoralityPair>
        <Name>Savage Spirits</Name>
        <WeakKey></WeakKey>
      </MoralityPair>
      <MoralityPair>
        <Name>Endless Vigil</Name>
        <WeakKey></WeakKey>
      </MoralityPair>
      <MoralityPair>
        <Name>Disciples of Harmony</Name>
        <WeakKey></WeakKey>
      </MoralityPair>
    </Pairs>
  </Morality>
  <Morality>
    <Key>SYMPATHY</Key>
    <Name>Sympathy</Name>
    <Description>
      [H4]Sympathy (Strength)[h4]
      Please see page 16 of the Knights of Fate Sourcebook for details.
    </Description>
    <Source Page="16">Knights of Fate</Source>
    <Type>Strength</Type>
    <WeakKey>DESPERATION</WeakKey>
    <Pairs>
      <MoralityPair>
        <Name>Keeping the Peace</Name>
        <WeakKey></WeakKey>
      </MoralityPair>
      <MoralityPair>
        <Name>Savage Spirits</Name>
        <WeakKey></WeakKey>
      </MoralityPair>
      <MoralityPair>
        <Name>Endless Vigil</Name>
        <WeakKey></WeakKey>
      </MoralityPair>
      <MoralityPair>
        <Name>Disciples of Harmony</Name>
        <WeakKey></WeakKey>
      </MoralityPair>
    </Pairs>
  </Morality>
  <Morality>
    <Key>IDEALISM</Key>
    <Name>Idealism</Name>
    <Description>
      [H4]Idealism (Strength)[h4]
      Please see page 16 of the Knights of Fate Sourcebook for details.
    </Description>
    <Source Page="16">Knights of Fate</Source>
    <Type>Strength</Type>
    <WeakKey>NAIVETY</WeakKey>
    <Pairs>
      <MoralityPair>
        <Name>Keeping the Peace</Name>
        <WeakKey></WeakKey>
      </MoralityPair>
      <MoralityPair>
        <Name>Savage Spirits</Name>
        <WeakKey></WeakKey>
      </MoralityPair>
      <MoralityPair>
        <Name>Endless Vigil</Name>
        <WeakKey></WeakKey>
      </MoralityPair>
      <MoralityPair>
        <Name>Disciples of Harmony</Name>
        <WeakKey></WeakKey>
      </MoralityPair>
    </Pairs>
  </Morality>




  <!-- Weaknesses -->
  <Morality>
    <Key>ANGER</Key>
    <Name>Anger</Name>
    <Description>
      [H4]Anger (Weakness)[h4]
      Please see page 50 of the Force and Destiny Core Rulebook for details.
    </Description>
    <Source Page="50">Force and Destiny Core Rulebook</Source>
    <Type>Weakness</Type>
  </Morality>
  <Morality>
    <Key>JEALOUSY</Key>
    <Name>Jealousy</Name>
    <Description>
      [H4]Jealousy (Weakness)[h4]
      Please see page 50 of the Force and Destiny Core Rulebook for details.
    </Description>
    <Source Page="50">Force and Destiny Core Rulebook</Source>
    <Type>Weakness</Type>
  </Morality>
  <Morality>
    <Key>FEAR</Key>
    <Name>Fear</Name>
    <Description>
      [H4]Fear (Weakness)[h4]
      Please see page 50 of the Force and Destiny Core Rulebook for details.
    </Description>
    <Source Page="50">Force and Destiny Core Rulebook</Source>
    <Type>Weakness</Type>
  </Morality>
  <Morality>
    <Key>RECKLESSNESS</Key>
    <Name>Recklessness</Name>
    <Description>
      [H4]Recklessness (Weakness)[h4]
      Please see page 50 of the Force and Destiny Core Rulebook for details.
    </Description>
    <Source Page="50">Force and Destiny Core Rulebook</Source>
    <Type>Weakness</Type>
  </Morality>
  <Morality>
    <Key>HATRED</Key>
    <Name>Hatred</Name>
    <Description>
      [H4]Hatred (Weakness)[h4]
      Please see page 50 of the Force and Destiny Core Rulebook for details.
    </Description>
    <Source Page="50">Force and Destiny Core Rulebook</Source>
    <Type>Weakness</Type>
  </Morality>
  <Morality>
    <Key>APATHY</Key>
    <Name>Weakness</Name>
    <Description>
      [H4]Weakness (Weakness)[h4]
      Please see page 50 of the Force and Destiny Core Rulebook for details.
    </Description>
    <Source Page="50">Force and Destiny Core Rulebook</Source>
    <Type>Weakness</Type>
  </Morality>
  <Morality>
    <Key>OBSESSION</Key>
    <Name>Obsession</Name>
    <Description>
      [H4]Obsession (Weakness)[h4]
      Please see page 50 of the Force and Destiny Core Rulebook for details.
    </Description>
    <Source Page="50">Force and Destiny Core Rulebook</Source>
    <Type>Weakness</Type>
  </Morality>
  <Morality>
    <Key>ARROGANCE</Key>
    <Name>Arrogance</Name>
    <Description>
      [H4]Arrogance (Weakness)[h4]
      Please see page 50 of the Force and Destiny Core Rulebook for details.
    </Description>
    <Source Page="50">Force and Destiny Core Rulebook</Source>
    <Type>Weakness</Type>
  </Morality>
  <Morality>
    <Key>COLDNESS</Key>
    <Name>Coldness</Name>
    <Description>
      [H4]Coldness (Weakness)[h4]
      Please see page 50 of the Force and Destiny Core Rulebook for details.
    </Description>
    <Source Page="50">Force and Destiny Core Rulebook</Source>
    <Type>Weakness</Type>
  </Morality>
  <Morality>
    <Key>GREED</Key>
    <Name>Greed</Name>
    <Description>
      [H4]Greed (Weakness)[h4]
      Please see page 50 of the Force and Destiny Core Rulebook for details.
    </Description>
    <Source Page="50">Force and Destiny Core Rulebook</Source>
    <Type>Weakness</Type>
  </Morality>
  <Morality>
    <Key>CRUELTY</Key>
    <Name>Cruelty</Name>
    <Description>
      [H4]Cruelty (Weakness)[h4]
      Please see page 50 of the Force and Destiny Core Rulebook for details.
    </Description>
    <Source Page="50">Force and Destiny Core Rulebook</Source>
    <Type>Weakness</Type>
  </Morality>
  <Morality>
    <Key>OBSTINATENESS</Key>
    <Name>Obstinance</Name>
    <Description>
      [H4]Obstinance (Weakness)[h4]
      Please see page 50 of the Force and Destiny Core Rulebook for details.
    </Description>
    <Source Page="50">Force and Destiny Core Rulebook</Source>
    <Type>Weakness</Type>
  </Morality>
  <Morality>
    <Key>INDECISION</Key>
    <Name>Indecision</Name>
    <Description>
      [H4]Indecision (Weakness)[h4]
      Please see page 17 of the Keeping the Peace Sourcebook for details.
    </Description>
    <Source Page="17">Keeping the Peace</Source>
    <Type>Weakness</Type>
  </Morality>
  <Morality>
    <Key>NAIVETE</Key>
    <Name>Naïveté</Name>
    <Description>
      [H4]Naïveté (Weakness)[h4]
      Please see page 17 of the Keeping the Peace Sourcebook for details.
    </Description>
    <Source Page="17">Keeping the Peace</Source>
    <Type>Weakness</Type>
  </Morality>
  <Morality>
    <Key>IMPATIENCE</Key>
    <Name>Impatience</Name>
    <Description>
      [H4]Impatience (Weakness)[h4]
      Please see page 17 of the Keeping the Peace Sourcebook for details.
    </Description>
    <Source Page="17">Keeping the Peace</Source>
    <Type>Weakness</Type>
  </Morality>
  <Morality>
    <Key>INTOLERANCE</Key>
    <Name>Intolerance</Name>
    <Description>
      [H4]Intolerance (Weakness)[h4]
      Please see page 17 of the Keeping the Peace Sourcebook for details.
    </Description>
    <Source Page="17">Keeping the Peace</Source>
    <Type>Weakness</Type>
  </Morality>
  <Morality>
    <Key>DISARRAY</Key>
    <Name>Disarray</Name>
    <Description>
      [H4]Disarray (Weakness)[h4]
      Please see page 17 of the Savage Spirits Sourcebook for details.
    </Description>
    <Source Page="17">Savage Spirits</Source>
    <Type>Weakness</Type>
  </Morality>
  <Morality>
    <Key>VENGEANCE</Key>
    <Name>Vengeance</Name>
    <Description>
      [H4]Vengeance (Weakness)[h4]
      Please see page 17 of the Savage Spirits Sourcebook for details.
    </Description>
    <Source Page="17">Savage Spirits</Source>
    <Type>Weakness</Type>
  </Morality>
  <Morality>
    <Key>OBSTINACY</Key>
    <Name>Obstinacy</Name>
    <Description>
      [H4]Obstinacy (Weakness)[h4]
      Please see page 17 of the Savage Spirits Sourcebook for details.
    </Description>
    <Source Page="17">Savage Spirits</Source>
    <Type>Weakness</Type>
  </Morality>
  <Morality>
    <Key>DISDAIN</Key>
    <Name>Disdain</Name>
    <Description>
      [H4]Disdain (Weakness)[h4]
      Please see page 17 of the Savage Spirits Sourcebook for details.
    </Description>
    <Source Page="17">Savage Spirits</Source>
    <Type>Weakness</Type>
  </Morality>
  <Morality>
    <Key>COLDHEART</Key>
    <Name>Cold-Heartedness</Name>
    <Description>
      [H4]Cold-heartedness (Weakness)[h4]
      Please see page 17 of the Savage Spirits Sourcebook for details.
    </Description>
    <Source Page="17">Savage Spirits</Source>
    <Type>Weakness</Type>
  </Morality>
  <Morality>
    <Key>MERCILESSNESS</Key>
    <Name>Mercilessness</Name>
    <Description>
      [H4]Mercilessness (Weakness)[h4]
      Please see page 17 of the Savage Spirits Sourcebook for details.
    </Description>
    <Source Page="17">Savage Spirits</Source>
    <Type>Weakness</Type>
  </Morality>
  <Morality>
    <Key>CLOSEDMIND</Key>
    <Name>Closed-mindedness</Name>
    <Description>
      [H4]Closed-mindedness (Weakness)[h4]
      Please see page 17 of the Savage Spirits Sourcebook for details.
    </Description>
    <Source Page="17">Savage Spirits</Source>
    <Type>Weakness</Type>
  </Morality>
  <Morality>
    <Key>DEFIANCE</Key>
    <Name>Defiance</Name>
    <Description>
      [H4]Defiance (Weakness)[h4]
      Please see page 17 of the Endless Vigil Sourcebook for details.
    </Description>
    <Source Page="17">Endless Vigil</Source>
    <Type>Weakness</Type>
  </Morality>
  <Morality>
    <Key>CONDEMN</Key>
    <Name>Condemnation</Name>
    <Description>
      [H4]Condemnation (Weakness)[h4]
      Please see page 17 of the Endless Vigil Sourcebook for details.
    </Description>
    <Source Page="17">Endless Vigil</Source>
    <Type>Weakness</Type>
  </Morality>
  <Morality>
    <Key>ALIENATION</Key>
    <Name>Alienation</Name>
    <Description>
      [H4]Alienation (Weakness)[h4]
      Please see page 17 of the Endless Vigil Sourcebook for details.
    </Description>
    <Source Page="17">Endless Vigil</Source>
    <Type>Weakness</Type>
  </Morality>
  <Morality>
    <Key>WEARINESS</Key>
    <Name>Weariness</Name>
    <Description>
      [H4]Weariness (Weakness)[h4]
      Please see page 17 of the Endless Vigil Sourcebook for details.
    </Description>
    <Source Page="17">Endless Vigil</Source>
    <Type>Weakness</Type>
  </Morality>
  <Morality>
    <Key>SPITE</Key>
    <Name>Spite</Name>
    <Description>
      [H4]Spite (Weakness)[h4]
      Please see page 17 of the Endless Vigil Sourcebook for details.
    </Description>
    <Source Page="17">Endless Vigil</Source>
    <Type>Weakness</Type>
  </Morality>
  <Morality>
    <Key>VANITY</Key>
    <Name>Vanity</Name>
    <Description>
      [H4]Vanity (Weakness)[h4]
      Please see page 17 of the Endless Vigil Sourcebook, and page 16 of the Knights of Fate Sourcebook, for details.
    </Description>
    <Sources>
      <Source Page="17">Endless Vigil</Source>
      <Source Page="16">Knights of Fate</Source>
    </Sources>
    <Type>Weakness</Type>
  </Morality>
  <Morality>
    <Key>GUARDED</Key>
    <Name>Guardedness</Name>
    <Description>
      [H4]Guardedness (Weakness)[h4]
      Please see page 17 of the Endless Vigil Sourcebook for details.
    </Description>
    <Source Page="17">Endless Vigil</Source>
    <Type>Weakness</Type>
  </Morality>
  <Morality>
    <Key>DOGMATIC</Key>
    <Name>Dogmatic</Name>
    <Description>
      [H4]Dogmatic (Weakness)[h4]
      Please see page 17 of the Endless Vigil Sourcebook for details.
    </Description>
    <Source Page="17">Endless Vigil</Source>
    <Type>Weakness</Type>
  </Morality>
  <Morality>
    <Key>APATHYW</Key>
    <Name>Apathy</Name>
    <Description>
      [H4]Apathy (Weakness)[h4]
      Please see page 15 of the Disciples of Harmony Sourcebook for details.
    </Description>
    <Source Page="15">Disciples of Harmony</Source>
    <Type>Weakness</Type>
  </Morality>
  <Morality>
    <Key>SOPH</Key>
    <Name>Sophism</Name>
    <Description>
      [H4]Sophism (Weakness)[h4]
      Please see page 15 of the Disciples of Harmony Sourcebook for details.
    </Description>
    <Source Page="15">Disciples of Harmony</Source>
    <Type>Weakness</Type>
  </Morality>
  <Morality>
    <Key>CONDES</Key>
    <Name>Condescension</Name>
    <Description>
      [H4]Condescension (Weakness)[h4]
      Please see page 15 of the Disciples of Harmony Sourcebook for details.
    </Description>
    <Source Page="15">Disciples of Harmony</Source>
    <Type>Weakness</Type>
  </Morality>
  <Morality>
    <Key>MARTYR</Key>
    <Name>Martyrdom</Name>
    <Description>
      [H4]Martyrdom (Weakness)[h4]
      Please see page 15 of the Disciples of Harmony Sourcebook for details.
    </Description>
    <Source Page="15">Disciples of Harmony</Source>
    <Type>Weakness</Type>
  </Morality>
  <Morality>
    <Key>SORROW</Key>
    <Name>Sorrow</Name>
    <Description>
      [H4]Sorrow (Weakness)[h4]
      Please see page 17 of the Unlimited Power Sourcebook for details.
    </Description>
    <Source Page="17">Unlimited Power</Source>
    <Type>Weakness</Type>
  </Morality>
  <Morality>
    <Key>EGOISM</Key>
    <Name>Egoism</Name>
    <Description>
      [H4]Egoism (Weakness)[h4]
      Please see page 17 of the Unlimited Power Sourcebook for details.
    </Description>
    <Source Page="17">Unlimited Power</Source>
    <Type>Weakness</Type>
  </Morality>
  <Morality>
    <Key>CONFUSION</Key>
    <Name>Confusion</Name>
    <Description>
      [H4]Confusion (Weakness)[h4]
      Please see page 17 of the Unlimited Power Sourcebook for details.
    </Description>
    <Source Page="17">Unlimited Power</Source>
    <Type>Weakness</Type>
  </Morality>
  <Morality>
    <Key>WORTHLESSNESS</Key>
    <Name>Worthlessness</Name>
    <Description>
      [H4]Worthlessness (Weakness)[h4]
      Please see page 17 of the Unlimited Power Sourcebook for details.
    </Description>
    <Source Page="17">Unlimited Power</Source>
    <Type>Weakness</Type>
  </Morality>
  <Morality>
    <Key>RIGID</Key>
    <Name>Rigid</Name>
    <Description>
      [H4]Rigid (Weakness)[h4]
      Please see page 17 of the Unlimited Power Sourcebook for details.
    </Description>
    <Source Page="17">Unlimited Power</Source>
    <Type>Weakness</Type>
  </Morality>
  <Morality>
    <Key>ANTIPATHY</Key>
    <Name>Antipathy</Name>
    <Description>
      [H4]Antipathy (Weakness)[h4]
      Please see page 17 of the Unlimited Power Sourcebook for details.
    </Description>
    <Source Page="17">Unlimited Power</Source>
    <Type>Weakness</Type>
  </Morality>
  <Morality>
    <Key>DEMANDING</Key>
    <Name>Demanding</Name>
    <Description>
      [H4]Demanding (Weakness)[h4]
      Please see page 17 of the Unlimited Power Sourcebook for details.
    </Description>
    <Source Page="17">Unlimited Power</Source>
    <Type>Weakness</Type>
  </Morality>
  <Morality>
    <Key>REPRESSION</Key>
    <Name>Repression</Name>
    <Description>
      [H4]Repression (Weakness)[h4]
      Please see page 16 of the Knights of Fate Sourcebook for details.
    </Description>
    <Source Page="16">Knights of Fate</Source>
    <Type>Weakness</Type>
  </Morality>
  <Morality>
    <Key>CONFORMITY</Key>
    <Name>Conformity</Name>
    <Description>
      [H4]Conformity (Weakness)[h4]
      Please see page 16 of the Knights of Fate Sourcebook for details.
    </Description>
    <Source Page="16">Knights of Fate</Source>
    <Type>Weakness</Type>
  </Morality>
  <Morality>
    <Key>JUDGING</Key>
    <Name>Judging</Name>
    <Description>
      [H4]Judging (Weakness)[h4]
      Please see page 16 of the Knights of Fate Sourcebook for details.
    </Description>
    <Source Page="16">Knights of Fate</Source>
    <Type>Weakness</Type>
  </Morality>
  <Morality>
    <Key>HESITANCY</Key>
    <Name>Hesitancy</Name>
    <Description>
      [H4]Hesitancy (Weakness)[h4]
      Please see page 16 of the Knights of Fate Sourcebook for details.
    </Description>
    <Source Page="16">Knights of Fate</Source>
    <Type>Weakness</Type>
  </Morality>
  <Morality>
    <Key>DESPERATION</Key>
    <Name>Desperation</Name>
    <Description>
      [H4]Desperation (Weakness)[h4]
      Please see page 16 of the Knights of Fate Sourcebook for details.
    </Description>
    <Source Page="16">Knights of Fate</Source>
    <Type>Weakness</Type>
  </Morality>
  <Morality>
    <Key>NAIVETY</Key>
    <Name>Naivety</Name>
    <Description>
      [H4]Naivety (Weakness)[h4]
      Please see page 16 of the Knights of Fate Sourcebook for details.
    </Description>
    <Source Page="16">Knights of Fate</Source>
    <Type>Weakness</Type>
  </Morality>

</Moralities>