﻿<?xml version="1.0" encoding="utf-8"?>
<Motivations>
  <Motivation>
    <Key>AMB</Key>
    <Name>Ambition</Name>
    <Description>
      [H4]Ambition[h4]
      Please see page 95 of the Edge of the Empire Core Rulebook, or page 105 of the Force and Destiny Core Rulebook, for details.
    </Description>
    <Sources>
      <Source Page="95">Edge of the Empire Core Rulebook</Source>
      <Source Page="105">Force and Destiny Core Rulebook</Source>
    </Sources>
    <SpecificMotivations>
      <Key>AMBFRIEND</Key>
      <Key>AMBLOVE</Key>
      <Key>AMBFREE</Key>
      <Key>AMBFAME</Key>
      <Key>AMBGREED</Key>
      <Key>AMBSTATUS</Key>
      <Key>AMBEXPER</Key>
      <Key>AMBWAND</Key>
      <Key>AMBPOWER</Key>
      <Key>AMBRELIGION</Key>
      <Key>AMBREVENGE</Key>
      <Key>AMBWEALTH</Key>
      <Key>AMBJEDI</Key>
      <Key>AMBSURVIVAL</Key>
      <Key>AMBGLORY</Key>
      <Key>AMBSITH</Key>
      <Key>AMBENLIGHT</Key>
      <Key>AMBDISC</Key>
    </SpecificMotivations>
  </Motivation>
  <Motivation>
    <Key>CAUSE</Key>
    <Name>Cause</Name>
    <Description>
      [H4]Cause[h4]
      Please see page 96 of the Edge of the Empire Core Rulebook, or page 105 of the Force and Destiny Core Rulebook, for details.
    </Description>
    <Sources>
      <Source Page="96">Edge of the Empire Core Rulebook</Source>
      <Source Page="105">Force and Destiny Core Rulebook</Source>
    </Sources>
    <SpecificMotivations>
      <Key>CAURELIGION</Key>
      <Key>CAUWEAK</Key>
      <Key>CAUNONHUM</Key>
      <Key>CAUPOLITICS</Key>
      <Key>CAUOVER</Key>
      <Key>CAUCRIME</Key>
      <Key>CAUEMANC</Key>
      <Key>CAUDROID</Key>
      <Key>CAUCAPITAL</Key>
      <Key>CAUEMPIRE</Key>
      <Key>CAUFREEDOM</Key>
      <Key>CAURESTJEDI</Key>
      <Key>CAUPEACE</Key>
      <Key>CAUJUSTICE</Key>
      <Key>CAUSTOPREB</Key>
      <Key>CAUEQUAL</Key>
      <Key>CAUHELPLESS</Key>
      <Key>CAUFREEENT</Key>
      <Key>CAUKNOW</Key>
    </SpecificMotivations>
  </Motivation>
  <Motivation>
    <Key>REL</Key>
    <Name>Relationship</Name>
    <Description>
      Please see page 96 of the Edge of the Empire Core Rulebook for details.
    </Description>
    <Source Page="96">Edge of the Empire Core Rulebook</Source>
    <SpecificMotivations>
      <Key>RELORIGIN</Key>
      <Key>RELPET</Key>
      <Key>RELFRIEND</Key>
      <Key>RELCOMRADES</Key>
      <Key>RELSIB</Key>
      <Key>RELMENTOR</Key>
      <Key>RELPARENTS</Key>
      <Key>RELFAMILY</Key>
      <Key>RELDROID</Key>
      <Key>RELNEMESIS</Key>
      <Key>RELLOCALCIV</Key>
      <Key>RELLOVER</Key>
      <Key>RELRIVAL</Key>
      <Key>RELTECH</Key>
    </SpecificMotivations>
  </Motivation>
  <Motivation>
    <Key>BELIEF</Key>
    <Name>Belief</Name>
    <Description>
		[H4]Belief[h4]
    Please see page 105 of the Age of Rebellion Core Rulebook for details.
	  </Description>
    <Source Page="105">Age of Rebellion Core Rulebook</Source>
    <SpecificMotivations>
      <Key>BELREPUBLIC</Key>
      <Key>BELHONOR</Key>
      <Key>BELFREEENT</Key>
      <Key>BELTHEJEDI</Key>
      <Key>BELJUSTICE</Key>
      <Key>BELSPRIGHTS</Key>
      <Key>BELPEACE</Key>
      <Key>BELRELPHIL</Key>
      <Key>BELLIBERTY</Key>
      <Key>BELFREE</Key>
      <Key>BELORDER</Key>
      <Key>BELPROGRESS</Key>
      <Key>BELFORCE</Key>
      <Key>BELCRIME</Key>
    </SpecificMotivations>
  </Motivation>
  <Motivation>
    <Key>CONNECT</Key>
    <Name>Connections</Name>
    <Description>
      [H4]Connections[h4]
      Please see page 106 of the Age of Rebellion Core Rulebook for details.
    </Description>
    <Source Page="106">Age of Rebellion Core Rulebook</Source>
    <SpecificMotivations>
      <Key>CONPOLITICAL</Key>
      <Key>CONFAMILY</Key>
      <Key>CONMILITARY</Key>
      <Key>CONINTEL</Key>
      <Key>CONFRIENDS</Key>
      <Key>CONUNDERWORLD</Key>
      <Key>CONECON</Key>
      <Key>CONRIVAL</Key>
      <Key>CONNOONE</Key>
      <Key>CONRESCUE</Key>
      <Key>CONEMPIRE</Key>
      <Key>CONLOVE</Key>
    </SpecificMotivations>
  </Motivation>
  <Motivation>
    <Key>QUEST</Key>
    <Name>Quest</Name>
    <Description>
      [H4]Quest[h4]
      Please see page 106 of the Age of Rebellion Core Rulebook for details.
    </Description>
    <Source Page="106">Age of Rebellion Core Rulebook</Source>
    <SpecificMotivations>
      <Key>QUEREDEM</Key>
      <Key>QUEGLORY</Key>
      <Key>QUEVENG</Key>
      <Key>QUEINFLU</Key>
      <Key>QUERESCUE</Key>
      <Key>QUEJEDI</Key>
      <Key>QUEFREEDOM</Key>
      <Key>QUETREAS</Key>
      <Key>QUETHRILL</Key>
      <Key>QUEPURPOSE</Key>
      <Key>QUERICHES</Key>
      <Key>QUESITH</Key>
    </SpecificMotivations>
  </Motivation>
  <!-- Enter the Unknown -->
  <Motivation>
    <Key>DISCOVERY</Key>
    <Name>Discovery</Name>
    <Description>
      [H4]Discovery[h4]
      Please see page 31 of the Enter the Unknown Sourcebook for details.
    </Description>
    <Source Page="31">Enter the Unknown</Source>
    <SpecificMotivations>
      <Key>DISCOVERYSM1</Key>
      <Key>DISCOVERYSM2</Key>
      <Key>DISCOVERYSM3</Key>
      <Key>DISCOVERYSM4</Key>
      <Key>DISCOVERYSM5</Key>
      <Key>DISCOVERYSM6</Key>
      <Key>DISCOVERYSM7</Key>
      <Key>DISCOVERYSM8</Key>
      <Key>DISCOVERYSM9</Key>
      <Key>DISCOVERYSM10</Key>
    </SpecificMotivations>
  </Motivation>
  <!-- Dangerous Covenants -->
  <Motivation>
    <Key>CONFLICT</Key>
    <Name>Conflict</Name>
    <Description>
      [H4]Conflict[h4]
      Please see page 34 of the Dangerous Covenants Sourcebook or page 34 of the Stay on Target Sourcebook for details.
    </Description>
    <Sources>
      <Source Page="34">Dangerous Covenants</Source>
      <Source Page="34">Stay on Target</Source>
    </Sources>
    <SpecificMotivations>
      <Key>CONFLICT1</Key>
      <Key>CONFLICT2</Key>
      <Key>CONFLICT3</Key>
      <Key>CONFLICT4</Key>
      <Key>CONFLICT5</Key>
      <Key>CONFLICT6</Key>
      <Key>CONFLICT7</Key>
      <Key>CONFLICT8</Key>
      <Key>CONFLICT9</Key>
      <Key>CONFLICT10</Key>
      <Key>CONFLICT11</Key>
      <Key>CONFLICT12</Key>
      <Key>CONFLICT13</Key>
      <Key>CONFLICT14</Key>
    </SpecificMotivations>
  </Motivation>
  <Motivation>
    <Key>CREATION</Key>
    <Name>Creations</Name>
    <Description>
      [H4]Creations[h4]
      Please see page 34 of the Far Horizons Sourcebook for details.
    </Description>
    <Source Page="34">Far Horizons</Source>
    <SpecificMotivations>
      <Key>CREATIONSM1</Key>
      <Key>CREATIONSM2</Key>
      <Key>CREATIONSM3</Key>
      <Key>CREATIONSM4</Key>
      <Key>CREATIONSM5</Key>
      <Key>CREATIONSM6</Key>
      <Key>CREATIONSM7</Key>
      <Key>CREATIONSM8</Key>
    </SpecificMotivations>
  </Motivation>
  <!-- Force and Destiny -->
  <Motivation>
    <Key>FAITH</Key>
    <Name>Faith</Name>
    <Description>
      [H4]Faith[h4]
      Please see page 105 of the Force and Destiny Core Rulebook for details.
    </Description>
    <Source Page="105">Force and Destiny Core Rulebook</Source>
    <SpecificMotivations>
      <Key>FAINAT</Key>
      <Key>FAIGOODPEOP</Key>
      <Key>FAIFRIENDFAM</Key>
      <Key>FAICOSMICFOR</Key>
      <Key>FAISCIENCE</Key>
      <Key>FAIJEDICODE</Key>
      <Key>FAIIMPRULE</Key>
      <Key>FAIREBELLION</Key>
      <Key>FAIRELCODE</Key>
      <Key>FAINOTHING</Key>
    </SpecificMotivations>
  </Motivation>
  <Motivation>
    <Key>REWARD</Key>
    <Name>Reward</Name>
    <Description>
      [H4]Reward[h4]
      Please see page 34 of the Fly Casual Sourcebook for details.
    </Description>
    <Source Page="34">Fly Casual</Source>
    <SpecificMotivations>
      <Key>REWARDSM1</Key>
      <Key>REWARDSM2</Key>
      <Key>REWARDSM3</Key>
      <Key>REWARDSM4</Key>
      <Key>REWARDSM5</Key>
      <Key>REWARDSM6</Key>
      <Key>REWARDSM7</Key>
      <Key>REWARDSM8</Key>
      <Key>REWARDSM9</Key>
      <Key>REWARDSM10</Key>
    </SpecificMotivations>
  </Motivation>
  <Motivation>
    <Key>CREED</Key>
    <Name>Creed</Name>
    <Description>
      [H4]Creed[h4]
      Please see page 36 of the Desperate Allies Sourcebook for details.
    </Description>
    <Source Page="36">Desperate Allies</Source>
    <SpecificMotivations>
      <Key>CREEDSM1</Key>
      <Key>CREEDSM2</Key>
      <Key>CREEDSM3</Key>
      <Key>CREEDSM4</Key>
      <Key>CREEDSM5</Key>
      <Key>CREEDSM6</Key>
      <Key>CREEDSM7</Key>
      <Key>CREEDSM8</Key>
      <Key>CREEDSM9</Key>
      <Key>CREEDSM10</Key>
    </SpecificMotivations>
  </Motivation>
  <Motivation>
    <Key>OATH</Key>
    <Name>Oath</Name>
    <Description>
      [H4]Oath[h4]
      Please see page 32 of the Keeping the Peace Sourcebook for details.
    </Description>
    <Source Page="32">Keeping the Peace</Source>
    <SpecificMotivations>
      <Key>OATHJUSTICE</Key>
      <Key>OATHLEGACY</Key>
      <Key>OATHLIFE</Key>
      <Key>OATHREPUB</Key>
      <Key>OATHBALANCE</Key>
      <Key>OATHLOVE</Key>
      <Key>OATHHOME</Key>
      <Key>OATHDEPART</Key>
      <Key>OATHSPECIES</Key>
      <Key>OATHWARD</Key>
    </SpecificMotivations>
  </Motivation>
  <Motivation>
    <Key>DRIVE</Key>
    <Name>Drive</Name>
    <Description>
      [H4]Drive[h4]
      Please see page 37 of the Lead by Example Sourcebook for details.
    </Description>
    <Source Page="37">Lead by Example</Source>
    <SpecificMotivations>
      <Key>DRIVEGUILT</Key>
      <Key>DRIVEMISSION</Key>
      <Key>DRIVEALLCOSTS</Key>
      <Key>DRIVECOMMAND</Key>
      <Key>DRIVESUBORD</Key>
      <Key>DRIVEREDEMP</Key>
      <Key>DRIVEGAME</Key>
      <Key>DRIVEEGO</Key>
      <Key>DRIVERETIRE</Key>
      <Key>DRIVESPIRIT</Key>
    </SpecificMotivations>
  </Motivation>
  <Motivation>
    <Key>LOCALEEN</Key>
    <Name>Location: Aleen</Name>
    <Description>
      [H4]Location: Aleen[h4]
      Please see page 114 of the Nexus of Power Sourcebook for details.
    </Description>
    <Source Page="114">Nexus of Power</Source>
    <SpecificMotivations>
      <Key>LOCALEENENAM</Key>
      <Key>LOCALEENFOLL</Key>
    </SpecificMotivations>
  </Motivation>
  <Motivation>
    <Key>LOCAURA</Key>
    <Name>Location: Auratera</Name>
    <Description>
      [H4]Location: Auratera[h4]
      Please see page 114 of the Nexus of Power Sourcebook for details.
    </Description>
    <Source Page="114">Nexus of Power</Source>
    <SpecificMotivations>
      <Key>LOCAURAISO</Key>
      <Key>LOCAURASTUD</Key>
    </SpecificMotivations>
  </Motivation>
  <Motivation>
    <Key>LOCBARD</Key>
    <Name>Location: Bardotta</Name>
    <Description>
      [H4]Location: Bardotta[h4]
      Please see page 114 of the Nexus of Power Sourcebook for details.
    </Description>
    <Source Page="114">Nexus of Power</Source>
    <SpecificMotivations>
      <Key>LOCBARDPRES</Key>
      <Key>LOCBARDMEND</Key>
      <Key>LOCBARDFRANG</Key>
    </SpecificMotivations>
  </Motivation>
  <Motivation>
    <Key>LOCDEV</Key>
    <Name>Location: Devaron</Name>
    <Description>
      [H4]Location: Devaron[h4]
      Please see page 114 of the Nexus of Power Sourcebook for details.
    </Description>
    <Source Page="114">Nexus of Power</Source>
    <SpecificMotivations>
      <Key>LOCDEVMAT</Key>
    </SpecificMotivations>
  </Motivation>
  <Motivation>
    <Key>LOCIKTO</Key>
    <Name>Location: Iktotch</Name>
    <Description>
      [H4]Location: Iktotch[h4]
      Please see page 114 of the Nexus of Power Sourcebook for details.
    </Description>
    <Source Page="114">Nexus of Power</Source>
    <SpecificMotivations>
      <Key>LOCIKTOVIS</Key>
      <Key>LOCIKTOEXILE</Key>
      <Key>LOCIKTOCOLLAB</Key>
    </SpecificMotivations>
  </Motivation>
  <Motivation>
    <Key>LOCLOTH</Key>
    <Name>Location: Lothal</Name>
    <Description>
      [H4]Location: Lothal[h4]
      Please see page 114 of the Nexus of Power Sourcebook for details.
    </Description>
    <Source Page="114">Nexus of Power</Source>
    <SpecificMotivations>
      <Key>LOCLOTHUPPOV</Key>
      <Key>LOCLOTHREV</Key>
      <Key>LOCLOTHWARPROF</Key>
    </SpecificMotivations>
  </Motivation>
  <Motivation>
    <Key>LOCNABOO</Key>
    <Name>Location: Naboo</Name>
    <Description>
      [H4]Location: Naboo[h4]
      Please see page 114 of the Nexus of Power Sourcebook for details.
    </Description>
    <Source Page="114">Nexus of Power</Source>
    <SpecificMotivations>
      <Key>LOCNABOOENVOY</Key>
      <Key>LOCNABOOPOET</Key>
      <Key>LOCNABOOGUNG</Key>
    </SpecificMotivations>
  </Motivation>
  <Motivation>
    <Key>LOCOSSUS</Key>
    <Name>Location: Ossus</Name>
    <Description>
      [H4]Location: Ossus[h4]
      Please see page 114 of the Nexus of Power Sourcebook for details.
    </Description>
    <Source Page="114">Nexus of Power</Source>
    <SpecificMotivations>
      <Key>LOCOSSUSARCH</Key>
      <Key>LOCOSSUSPLUND</Key>
    </SpecificMotivations>
  </Motivation>
  <Motivation>
    <Key>LOCWEIK</Key>
    <Name>Location: Weik</Name>
    <Description>
      [H4]Location: Weik[h4]
      Please see page 114 of the Nexus of Power Sourcebook for details.
    </Description>
    <Source Page="114">Nexus of Power</Source>
    <SpecificMotivations>
      <Key>LOCWEIKFORREV</Key>
      <Key>LOCWEIKCAST</Key>
      <Key>LOCWEIKWIDE</Key>
    </SpecificMotivations>
  </Motivation>
  <Motivation>
    <Key>INNOV</Key>
    <Name>Innovation</Name>
    <Description>
      [H4]Innovation[h4]
      Please see page 36 of the Special Modifications Sourcebook for details.
    </Description>
    <Source Page="36">Special Modifications</Source>
    <SpecificMotivations>
      <Key>INNOVFAB</Key>
      <Key>INNOVINV</Key>
      <Key>INNOVMOD</Key>
      <Key>INNOVIMP</Key>
      <Key>INNOVWASTE</Key>
      <Key>INNOVTECHFASC</Key>
      <Key>INNOVTECHBUS</Key>
      <Key>INNOVTECHHIST</Key>
      <Key>INNOVTECHNECESS</Key>
      <Key>INNOVTECHRIVAL</Key>
    </SpecificMotivations>
  </Motivation>
  <Motivation>
    <Key>PURSUIT</Key>
    <Name>Pursuit</Name>
    <Description>
      [H4]Pursuit[h4]
      Please see page 32 of the Savage Spirits Sourcebook for details.
    </Description>
    <Source Page="32">Savage Spirits</Source>
    <SpecificMotivations>
      <Key>PURSUIT1</Key>
      <Key>PURSUIT2</Key>
      <Key>PURSUIT3</Key>
      <Key>PURSUIT4</Key>
      <Key>PURSUIT5</Key>
      <Key>PURSUIT6</Key>
      <Key>PURSUIT7</Key>
      <Key>PURSUIT8</Key>
      <Key>PURSUIT9</Key>
      <Key>PURSUIT10</Key>
    </SpecificMotivations>
  </Motivation>
  <Motivation>
    <Key>INJUSTICE</Key>
    <Name>Injustice</Name>
    <Description>
      [H4]Injustice[h4]
      Please see page 32 of the Endless Vigil Sourcebook for details.
    </Description>
    <Source Page="32">Endless Vigil</Source>
    <SpecificMotivations>
      <Key>INJUSTICE1</Key>
      <Key>INJUSTICE2</Key>
      <Key>INJUSTICE3</Key>
      <Key>INJUSTICE4</Key>
      <Key>INJUSTICE5</Key>
      <Key>INJUSTICE6</Key>
      <Key>INJUSTICE7</Key>
      <Key>INJUSTICE8</Key>
      <Key>INJUSTICE9</Key>
      <Key>INJUSTICE10</Key>
    </SpecificMotivations>
  </Motivation>
  <Motivation>
    <Key>CODE</Key>
    <Name>Code</Name>
    <Description>
      [H4]Code[h4]
      Please see page 37 of the No Disintegrations Sourcebook for details.
    </Description>
    <Source Page="37">No Disintegrations</Source>
    <SpecificMotivations>
      <Key>CODEPAID</Key>
      <Key>CODEFINISH</Key>
      <Key>CODELIVE</Key>
      <Key>CODENEVER</Key>
      <Key>CODECOLL</Key>
      <Key>CODEQUIET</Key>
      <Key>CODEREP</Key>
      <Key>CODERULE</Key>
      <Key>CODESURV</Key>
      <Key>CODESCORE</Key>
    </SpecificMotivations>
  </Motivation>
  <Motivation>
    <Key>GROWTH</Key>
    <Name>Growth</Name>
    <Description>
      [H4]Growth[h4]
      Please see page 31 of the Disciples of Harmony Sourcebook for details.
    </Description>
    <Source Page="31">Disciples of Harmony</Source>
    <SpecificMotivations>
      <Key>GROWTH1</Key>
      <Key>GROWTH2</Key>
      <Key>GROWTH3</Key>
      <Key>GROWTH4</Key>
      <Key>GROWTH5</Key>
      <Key>GROWTH6</Key>
      <Key>GROWTH7</Key>
      <Key>GROWTH8</Key>
      <Key>GROWTH9</Key>
      <Key>GROWTH10</Key>
    </SpecificMotivations>
  </Motivation>
  <Motivation>
    <Key>IMPROVE</Key>
    <Name>Improvements</Name>
    <Description>
      [H4]Improvements[h4]
      Please see page 31 of the Fully Operational Sourcebook for details.
    </Description>
    <Source Page="31">Fully Operational</Source>
    <SpecificMotivations>
      <Key>IMPROVE1</Key>
      <Key>IMPROVE2</Key>
      <Key>IMPROVE3</Key>
      <Key>IMPROVE4</Key>
      <Key>IMPROVE5</Key>
      <Key>IMPROVE6</Key>
      <Key>IMPROVE7</Key>
      <Key>IMPROVE8</Key>
      <Key>IMPROVE9</Key>
      <Key>IMPROVE10</Key>
    </SpecificMotivations>
  </Motivation>
  <Motivation>
    <Key>MYSTERY</Key>
    <Name>Mysteries</Name>
    <Description>
      [H4]Mysteries[h4]
      Please see page 34 of the Unlimited Power Sourcebook for details.
    </Description>
    <Source Page="34">Unlimited Power</Source>
    <SpecificMotivations>
      <Key>MYSTERY1</Key>
      <Key>MYSTERY2</Key>
      <Key>MYSTERY3</Key>
      <Key>MYSTERY4</Key>
      <Key>MYSTERY5</Key>
      <Key>MYSTERY6</Key>
      <Key>MYSTERY7</Key>
      <Key>MYSTERY8</Key>
      <Key>MYSTERY9</Key>
      <Key>MYSTERY10</Key>
    </SpecificMotivations>
  </Motivation>
  <Motivation>
    <Key>CHALLENGE</Key>
    <Name>Challenges</Name>
    <Description>
      [H4]Challenges[h4]
      Please see page 32 of the Knights of Fate Sourcebook for details.
    </Description>
    <Source Page="32">Knights of Fate</Source>
    <SpecificMotivations>
      <Key>CHALLENGE1</Key>
      <Key>CHALLENGE2</Key>
      <Key>CHALLENGE3</Key>
      <Key>CHALLENGE4</Key>
      <Key>CHALLENGE5</Key>
      <Key>CHALLENGE6</Key>
      <Key>CHALLENGE7</Key>
      <Key>CHALLENGE8</Key>
      <Key>CHALLENGE9</Key>
      <Key>CHALLENGE10</Key>
    </SpecificMotivations>
  </Motivation>
  <Motivation>
    <Key>SECRET</Key>
    <Name>Secrets</Name>
    <Description>
      [H4]Secrets[h4]
      Please see page 32 of the Cyphers and Masks Sourcebook for details.
    </Description>
    <Source Page="32">Cyphers and Masks</Source>
    <SpecificMotivations>
      <Key>SECRET1</Key>
      <Key>SECRET2</Key>
      <Key>SECRET3</Key>
      <Key>SECRET4</Key>
      <Key>SECRET5</Key>
      <Key>SECRET6</Key>
      <Key>SECRET7</Key>
      <Key>SECRET8</Key>
      <Key>SECRET9</Key>
      <Key>SECRET10</Key>
    </SpecificMotivations>
  </Motivation>
</Motivations>