﻿<?xml version="1.0" encoding="utf-8"?>
<Obligations>
  <Obligation>
    <Key>ADD</Key>
    <Name>Addiction</Name>
    <Description>
      [H4]Addiction[h4]
      Please see page 39 of the Edge of the Empire Core Rulebook for details.

    </Description>
    <Source Page="39">Edge of the Empire Core Rulebook</Source>
  </Obligation>
  <Obligation>
    <Key>BET</Key>
    <Name>Betrayal</Name>
    <Description>
      [H4]Betrayal[h4]
      Please see page 39 of the Edge of the Empire Core Rulebook, or page 17 of the Fly Casual Sourcebook, for details.
    </Description>
    <Sources>
      <Source Page="39">Edge of the Empire Core Rulebook</Source>
      <Source Page="17">Fly Casual</Source>
    </Sources>
  </Obligation>
  <Obligation>
    <Key>BLA</Key>
    <Name>Blackmail</Name>
    <Description>
      [H4]Blackmail[h4]
      Please see page 39 of the Edge of the Empire Core Rulebook for details.

    </Description>
    <Source Page="39">Edge of the Empire Core Rulebook</Source>
  </Obligation>
  <Obligation>
    <Key>BOU</Key>
    <Name>Bounty</Name>
    <Description>
      [H4]Bounty[h4]
      Please see page 39 of the Edge of the Empire Core Rulebook, page 17 of the Far Horizons Sourcebook, or page 17 of the Fly Casual Sourcebook, for details.
    </Description>
    <Sources>
      <Source Page="39">Edge of the Empire Core Rulebook</Source>
      <Source Page="17">Far Horizons</Source>
      <Source Page="17">Fly Casual</Source>
    </Sources>
  </Obligation>
  <Obligation>
    <Key>CRI</Key>
    <Name>Criminal</Name>
    <Description>
      [H4]Criminal[h4]
      Please see page 39 of the Edge of the Empire Core Rulebook, or page 17 of the Fly Casual Sourcebook, for details.
    </Description>
    <Sources>
      <Source Page="39">Edge of the Empire Core Rulebook</Source>
      <Source Page="17">Fly Casual</Source>
    </Sources>
  </Obligation>
  <Obligation>
    <Key>DEBT</Key>
    <Name>Debt</Name>
    <Description>
      [H4]Debt[h4]
      Please see page 39 of the Edge of the Empire Core Rulebook,  page 17 of the Far Horizons Sourcebook, or page 17 of the Fly Casual Sourcebook, for details.
    </Description>
    <Sources>
      <Source Page="39">Edge of the Empire Core Rulebook</Source>
      <Source Page="17">Far Horizons</Source>
      <Source Page="17">Fly Casual</Source>
    </Sources>
  </Obligation>
  <Obligation>
    <Key>DUT</Key>
    <Name>Dutybound</Name>
    <Description>
      [H4]Dutybound:[h4]
      Please see page 39 of the Edge of the Empire Core Rulebook for details.
    </Description>
    <Source Page="39">Edge of the Empire Core Rulebook</Source>
  </Obligation>
  <Obligation>
    <Key>FAM</Key>
    <Name>Family</Name>
    <Description>
      [H4]Family[h4]
      Please see page 39 of the Edge of the Empire Core Rulebook, page 17 of the Far Horizons Sourcebook, or page 17 of the Fly Casual Sourcebook, for details.
    </Description>
    <Sources>
      <Source Page="39">Edge of the Empire Core Rulebook</Source>
      <Source Page="17">Far Horizons</Source>
      <Source Page="17">Fly Casual</Source>
    </Sources>
  </Obligation>
  <Obligation>
    <Key>FAV</Key>
    <Name>Favor</Name>
    <Description>
      [H4]Favor[h4]
      Please see page 39 of the Edge of the Empire Core Rulebook, page 17 of the Far Horizons Sourcebook, or page 17 of the Fly Casual Sourcebook, for details.
    </Description>
    <Sources>
      <Source Page="39">Edge of the Empire Core Rulebook</Source>
      <Source Page="17">Far Horizons</Source>
      <Source Page="17">Fly Casual</Source>
    </Sources>
  </Obligation>
  <Obligation>
    <Key>OATH</Key>
    <Name>Oath</Name>
    <Description>
      [H4]Oath[h4]
      Please see page 39 of the Edge of the Empire Core Rulebook for details.
    </Description>
    <Source Page="39">Edge of the Empire Core Rulebook</Source>
  </Obligation>
  <Obligation>
    <Key>OBS</Key>
    <Name>Obsession</Name>
    <Description>
      [H4]Obsession[h4]
      Please see page 39 of the Edge of the Empire Core Rulebook for details.

    </Description>
    <Source Page="39">Edge of the Empire Core Rulebook</Source>
  </Obligation>
  <Obligation>
    <Key>RESP</Key>
    <Name>Responsibility</Name>
    <Description>
      [H4]Responsibility[h4]
      Please see page 39 of the Edge of the Empire Core Rulebook, or page 17 of the Far Horizons Sourcebook, for details.
    </Description>
    <Sources>
      <Source Page="39">Edge of the Empire Core Rulebook</Source>
      <Source Page="17">Far Horizons</Source>
    </Sources>
  </Obligation>
  <Obligation>
    <Key>SPON</Key>
    <Name>Sponsorship</Name>
    <Description>
      [H4]Sponsorship[h4]
      Please see page 19 of Enter the Unknown Sourcebook for details.
    </Description>
    <Source Page="19">Enter the Unknown</Source>
  </Obligation>
  <Obligation>
    <Key>FERV</Key>
    <Name>Fervor</Name>
    <Description>
      [H4]Fervor[h4]
      Please see page 19 of Enter the Unknown Sourcebook for details.
    </Description>
    <Source Page="19">Enter the Unknown</Source>
  </Obligation>
  <Obligation>
    <Key>ADRENALINE</Key>
    <Name>Adrenaline Rush</Name>
    <Description>
      [H4]Adrenaline Rush[h4]
      Please see page 17 of Dangerous Covenants Sourcebook for details.
    </Description>
    <Source Page="17">Dangerous Covenants</Source>
  </Obligation>
  <Obligation>
    <Key>COLLATERAL</Key>
    <Name>Collateral Accountability</Name>
    <Description>
      [H4]Collateral Accountability[h4]
      Please see page 17 of Dangerous Covenants Sourcebook for details.
    </Description>
    <Source Page="17">Dangerous Covenants</Source>
  </Obligation>
  <Obligation>
    <Key>SCORE</Key>
    <Name>A Score to Settle</Name>
    <Description>
      [H4]A Score to Settle[h4]
      Please see page 17 of Dangerous Covenants Sourcebook for details.
    </Description>
    <Source Page="17">Dangerous Covenants</Source>
  </Obligation>
  <Obligation>
    <Key>PRICENAME</Key>
    <Name>The Price of a Name</Name>
    <Description>
      [H4]The Price of a Name[h4]
      Please see page 17 of Dangerous Covenants Sourcebook for details.
    </Description>
    <Source Page="17">Dangerous Covenants</Source>
  </Obligation>
  <Obligation>
    <Key>DISGRACED</Key>
    <Name>Disgraced</Name>
    <Description>
      [H4]Disgraced[h4]
      Please see page 17 of the Far Horizons Sourcebook for details.
    </Description>
    <Source Page="17">Far Horizons</Source>
  </Obligation>
  <Obligation>
    <Key>PHILAND</Key>
    <Name>Philanderer</Name>
    <Description>
      [H4]Philanderer[h4]
      Please see page 17 of the Far Horizons Sourcebook for details.
    </Description>
    <Source Page="17">Far Horizons</Source>
  </Obligation>
  <Obligation>
    <Key>EXILED</Key>
    <Name>Exiled</Name>
    <Description>
      [H4]Exiled[h4]
      Please see page 17 of the Far Horizons Sourcebook for details.
    </Description>
    <Source Page="17">Far Horizons</Source>
  </Obligation>
  <Obligation>
    <Key>CONTRACTED</Key>
    <Name>Contracted</Name>
    <Description>
      [H4]Contracted[h4]
      Please see page 17 of the Far Horizons Sourcebook for details.
    </Description>
    <Source Page="17">Far Horizons</Source>
  </Obligation>
  <Obligation>
    <Key>WITNESS</Key>
    <Name>Witness Protection</Name>
    <Description>
      [H4]Witness Protection[h4]
      Please see page 17 of the Far Horizons Sourcebook for details.
    </Description>
    <Source Page="17">Far Horizons</Source>
  </Obligation>
  <Obligation>
    <Key>PACIFIST</Key>
    <Name>Pacifist</Name>
    <Description>
      [H4]Pacifist[h4]
      Please see page 17 of the Far Horizons Sourcebook for details.
    </Description>
    <Source Page="17">Far Horizons</Source>
  </Obligation>
  <Obligation>
    <Key>FRONTIER</Key>
    <Name>Frontier Justice</Name>
    <Description>
      [H4]Frontier Justice[h4]
      Please see page 17 of the Far Horizons Sourcebook for details.
    </Description>
    <Source Page="17">Far Horizons</Source>
  </Obligation>
  <Obligation>
    <Key>BASE</Key>
    <Name>Base of Operation</Name>
    <Description>
      [H4]Base of Operation[h4]
      Please see page 82 of the Far Horizons Sourcebook for details.
    </Description>
    <Source Page="82">Far Horizons</Source>
  </Obligation>
  <Obligation>
    <Key>ANTAG</Key>
    <Name>Antagonist</Name>
    <Description>
      [H4]Antagonist[h4]
      Please see page 17 of the Fly Casual Sourcebook for details.
    </Description>
    <Source Page="17">Fly Casual</Source>
  </Obligation>
  <Obligation>
    <Key>BADREP</Key>
    <Name>Bad Reputation</Name>
    <Description>
      [H4]Bad Reputation[h4]
      Please see page 17 of the Fly Casual Sourcebook for details.
    </Description>
    <Source Page="17">Fly Casual</Source>
  </Obligation>
  <Obligation>
    <Key>NOTORIETY</Key>
    <Name>Notoriety</Name>
    <Description>
      [H4]Notoriety[h4]
      Please see page 17 of the Fly Casual Sourcebook for details.
    </Description>
    <Source Page="17">Fly Casual</Source>
  </Obligation>
  <Obligation>
    <Key>HIGHRISK</Key>
    <Name>High Risk</Name>
    <Description>
      [H4]High Risk[h4]
      Please see page 17 of the Fly Casual Sourcebook for details.
    </Description>
    <Source Page="17">Fly Casual</Source>
  </Obligation>
  <Obligation>
    <Key>SERVITUDE</Key>
    <Name>Servitude</Name>
    <Description>
      [H4]Servitude[h4]
      Please see page 17 of the Fly Casual Sourcebook for details.
    </Description>
    <Source Page="17">Fly Casual</Source>
  </Obligation>
  <Obligation>
    <Key>UNDERCONTRACT</Key>
    <Name>Under Contract</Name>
    <Description>
      [H4]Under Contract[h4]
      Please see page 17 of the Fly Casual Sourcebook for details.
    </Description>
    <Source Page="17">Fly Casual</Source>
  </Obligation>
  <Obligation>
    <Key>CREW</Key>
    <Name>Crew</Name>
    <Description>
      [H4]Crew[h4]
      Please see page 18 of the Special Modifications Sourcebook for details.
    </Description>
    <Source Page="18">Special Modifications</Source>
  </Obligation>
  <Obligation>
    <Key>CONTRACT</Key>
    <Name>Contract</Name>
    <Description>
      [H4]Contract[h4]
      Please see page 18 of the Special Modifications Sourcebook, or page 19 of the No Disintegrations Sourcebook, for details.
    </Description>
    <Sources>
      <Source Page="18">Special Modifications</Source>
      <Source Page="19">No Disintegrations</Source>
    </Sources>
  </Obligation>
  <Obligation>
    <Key>FAILEDREP</Key>
    <Name>Failed Installation/Repair</Name>
    <Description>
      [H4]Failed Installation/Repair[h4]
      Please see page 18 of the Special Modifications Sourcebook for details.
    </Description>
    <Source Page="18">Special Modifications</Source>
  </Obligation>
  <Obligation>
    <Key>UNFINBUS</Key>
    <Name>Unfinished Business</Name>
    <Description>
      [H4]Unfinished Business[h4]
      Please see page 18 of the Special Modifications Sourcebook for details.
    </Description>
    <Source Page="18">Special Modifications</Source>
  </Obligation>
  
  <!-- No Disintegrationws -->

  <Obligation>
    <Key>THRILLSEEK</Key>
    <Name>Thrill Seeker</Name>
    <Description>
      [H4]Thrill Seeker[h4]
      Please see page 19 of the No Disintegrations Sourcebook for details.
    </Description>
    <Source Page="19">No Disintegrations</Source>
  </Obligation>
  <Obligation>
    <Key>VIGILANTE</Key>
    <Name>Vigilante</Name>
    <Description>
      [H4]Vigilante[h4]
      Please see page 19 of the No Disintegrations Sourcebook for details.
    </Description>
    <Source Page="19">No Disintegrations</Source>
  </Obligation>
  <Obligation>
    <Key>RULEBREAKER</Key>
    <Name>Rule Breaker</Name>
    <Description>
      [H4]Rule Breaker[h4]
      Please see page 19 of the No Disintegrations Sourcebook for details.
    </Description>
    <Source Page="19">No Disintegrations</Source>
  </Obligation>
  <Obligation>
    <Key>KEEPERFAITH</Key>
    <Name>Keeper of the Faith</Name>
    <Description>
      [H4]Keeper of the Faith[h4]
      Please see page 19 of the No Disintegrations Sourcebook for details.
    </Description>
    <Source Page="19">No Disintegrations</Source>
  </Obligation>
  <Obligation>
    <Key>FAME</Key>
    <Name>Fame</Name>
    <Description>
      [H4]Fame[h4]
      Please see page 19 of the No Disintegrations Sourcebook for details.
    </Description>
    <Source Page="19">No Disintegrations</Source>
  </Obligation>

</Obligations>
