<?xml version="1.0"?>
<Vehicle xmlns:xsi="http://www.w3.org/2001/XMLSchema-instance" xmlns:xsd="http://www.w3.org/2001/XMLSchema">
  <Key>1LTANK</Key>
  <Name>1-L Imperial-Series Repulsor Tank</Name>
  <Description>[H3]1-L Imperial-Series Repulsor Tank[h3]
Please see page 50 of the Stay on Target Sourcebook for details.</Description>
  <Source Page="50">Stay on Target</Source>
  <Type>Landspeeder</Type>
  <Categories>
    <Category>Land Vehicle</Category>
  </Categories>
  <Encumbrance>0</Encumbrance>
  <HP>1</HP>
  <Price>50000</Price>
  <Rarity>5</Rarity>
  <Restricted>true</Restricted>
  <BaseMods />
  <MaxAltitude>3 meters</MaxAltitude>
  <HyperdrivePrimary>0</HyperdrivePrimary>
  <HyperdriveBackup>0</HyperdriveBackup>
  <StarFighters />
  <NaviComputer>false</NaviComputer>
  <SensorRangeValue>srClose</SensorRangeValue>
  <Crew>One pilot, one gunner</Crew>
  <EncumbranceCapacity>12</EncumbranceCapacity>
  <Passengers>4</Passengers>
  <Consumables />
  <Silhouette>3</Silhouette>
  <Speed>2</Speed>
  <Handling>1</Handling>
  <DefFore>0</DefFore>
  <DefAft>0</DefAft>
  <DefPort>0</DefPort>
  <DefStarboard>0</DefStarboard>
  <Armor>3</Armor>
  <HullTrauma>12</HullTrauma>
  <SystemStrain>10</SystemStrain>
  <Starship>false</Starship>
  <Massive>0</Massive>
  <SinglePilot>true</SinglePilot>
  <VehicleWeapons>
    <VehicleWeapon>
      <FiringArcs>
        <Fore>true</Fore>
        <Aft>true</Aft>
        <Port>true</Port>
        <Starboard>true</Starboard>
        <Dorsal>false</Dorsal>
        <Ventral>false</Ventral>
      </FiringArcs>
      <Turret>true</Turret>
      <Location>Unspecified</Location>
      <Retractable>false</Retractable>
      <Qualities />
      <Key>BLASTCANLT</Key>
      <Count>1</Count>
    </VehicleWeapon>
  </VehicleWeapons>
</Vehicle>