<?xml version="1.0"?>
<Vehicle xmlns:xsi="http://www.w3.org/2001/XMLSchema-instance" xmlns:xsd="http://www.w3.org/2001/XMLSchema">
  <Key>88RSPEEDERBIKE</Key>
  <Name>88-R "Nightscreamer" Speeder Bike</Name>
  <Description>[H3]88-R "Nightscreamer" Speeder Bike[h3]
Please see page 53 of the Knights of Fate Sourcebook for details.</Description>
  <Source Page="53">Knights of Fate</Source>
  <Type>Speeder Bike</Type>
  <Categories>
    <Category>Land Vehicle</Category>
  </Categories>
  <HP>2</HP>
  <Price>5500</Price>
  <Rarity>6</Rarity>
  <MaxAltitude>25 meters</MaxAltitude>
  <Crew>One pilot</Crew>
  <EncumbranceCapacity>5</EncumbranceCapacity>
  <Passengers>1</Passengers>
  <Silhouette>2</Silhouette>
  <Speed>4</Speed>
  <Handling>1</Handling>
  <Armor>1</Armor>
  <HullTrauma>3</HullTrauma>
  <SystemStrain>4</SystemStrain>
  <SinglePilot>true</SinglePilot>
  <VehicleWeapons>
    <VehicleWeapon>
      <FiringArcs>
        <Fore>true</Fore>
      </FiringArcs>
      <Location>Forward</Location>
      <Qualities>
        <Quality>
          <Key>LINKED</Key>
          <Count>1</Count>
        </Quality>
      </Qualities>
      <Key>BLASTLTREP</Key>
    </VehicleWeapon>
  </VehicleWeapons>
  <SensorRange>Close</SensorRange>
</Vehicle>