<?xml version="1.0"?>
<Vehicle xmlns:xsi="http://www.w3.org/2001/XMLSchema-instance" xmlns:xsd="http://www.w3.org/2001/XMLSchema">
  <Key>9400GRAND</Key>
  <Name>9400 Grand Wanderer</Name>
  <Description>[H3]Ubrikkian Industries 9400 Grand Wanderer[h3]
Please see page 57 of the Unlimited Power Sourcebook for details.</Description>
  <Source Page="57">Unlimited Power</Source>
  <Type>Landspeeder</Type>
  <Categories>
    <Category>Land Vehicle</Category>
  </Categories>
  <HP>3</HP>
  <Price>35000</Price>
  <Rarity>6</Rarity>
  <BaseMods>
    <Mod>
      <Count>1</Count>
      <MiscDesc>[B]Smooth Ride[b]: Gain [BO] to any checks to recover strain while in the 9400.</MiscDesc>
    </Mod>
  </BaseMods>
  <SensorRangeValue>srShort</SensorRangeValue>
  <Crew>One pilot</Crew>
  <EncumbranceCapacity>60</EncumbranceCapacity>
  <Passengers>8</Passengers>
  <Silhouette>4</Silhouette>
  <Speed>2</Speed>
  <Handling>-3</Handling>
  <Armor>3</Armor>
  <HullTrauma>30</HullTrauma>
  <SystemStrain>15</SystemStrain>
  <SinglePilot>true</SinglePilot>
  <SensorRange>Short</SensorRange>
</Vehicle>