<?xml version="1.0"?>
<Vehicle xmlns:xsi="http://www.w3.org/2001/XMLSchema-instance" xmlns:xsd="http://www.w3.org/2001/XMLSchema">
  <Key>ACTIONIV</Key>
  <Name>Action IV Bulk Freighter</Name>
  <Description>[H3]Action IV Bulk Freighter[h3]
Please see page 61 of the Disciples of Harmony Sourcebook for details.
</Description>
  <Source Page="61">Disciples of Harmony</Source>
  <Type>Bulk Transport</Type>
  <Categories>
    <Category>Bulk Transport</Category>
    <Category>Starship</Category>
    <Category>Non-Fighter Starship</Category>
  </Categories>
  <HP>4</HP>
  <Price>150000</Price>
  <Rarity>4</Rarity>
  <HyperdrivePrimary>3</HyperdrivePrimary>
  <NaviComputer>true</NaviComputer>
  <SensorRangeValue>srMedium</SensorRangeValue>
  <Crew>One pilot, 25 crew</Crew>
  <EncumbranceCapacity>8500</EncumbranceCapacity>
  <Passengers>6</Passengers>
  <Consumables>Six months</Consumables>
  <Silhouette>5</Silhouette>
  <Speed>2</Speed>
  <Handling>-2</Handling>
  <DefFore>1</DefFore>
  <DefPort>1</DefPort>
  <DefStarboard>1</DefStarboard>
  <Armor>2</Armor>
  <HullTrauma>35</HullTrauma>
  <SystemStrain>18</SystemStrain>
  <Starship>true</Starship>
  <VehicleWeapons>
    <VehicleWeapon>
      <FiringArcs>
        <Fore>true</Fore>
        <Aft>true</Aft>
        <Port>true</Port>
        <Starboard>true</Starboard>
      </FiringArcs>
      <Location>Hull</Location>
      <Key>TRACTMED</Key>
      <Count>2</Count>
    </VehicleWeapon>
  </VehicleWeapons>
  <SensorRange>Medium</SensorRange>
</Vehicle>