<?xml version="1.0"?>
<Vehicle xmlns:xsi="http://www.w3.org/2001/XMLSchema-instance" xmlns:xsd="http://www.w3.org/2001/XMLSchema">
  <Key>AGGASSFIGHT</Key>
  <Name>Aggressor Assault Fighter</Name>
  <Description>[H3]Aggressor Assault Fighter[h3]
Please see page 57 of the No Disintegrations Sourcebook for details.</Description>
  <Source Page="57">No Disintegrations</Source>
  <Type>Patrol Boat</Type>
  <Categories>
    <Category>Starship</Category>
    <Category>Non-Fighter Starship</Category>
  </Categories>
  <HP>3</HP>
  <Price>160000</Price>
  <Rarity>6</Rarity>
  <BaseMods>
    <Mod>
      <Count>1</Count>
      <MiscDesc>[B]Safety Limiters[b]: As a maneuver, can change to Handling +3, but each character aboard suffers 4 strain when pilot maneuvers are performed (1 strain for droids and characters with 4+ cybernetics).</MiscDesc>
    </Mod>
  </BaseMods>
  <HyperdrivePrimary>2</HyperdrivePrimary>
  <HyperdriveBackup>8</HyperdriveBackup>
  <NaviComputer>true</NaviComputer>
  <SensorRangeValue>srNone</SensorRangeValue>
  <Crew>One pilot, one co-pilot</Crew>
  <Consumables>Three months</Consumables>
  <Silhouette>4</Silhouette>
  <Speed>5</Speed>
  <Handling>-1</Handling>
  <DefFore>2</DefFore>
  <DefAft>1</DefAft>
  <Armor>2</Armor>
  <HullTrauma>25</HullTrauma>
  <SystemStrain>15</SystemStrain>
  <Starship>true</Starship>
  <VehicleWeapons>
    <VehicleWeapon>
      <FiringArcs>
        <Fore>true</Fore>
      </FiringArcs>
      <Location>Forward</Location>
      <Qualities>
        <Quality>
          <Key>LINKED</Key>
          <Count>1</Count>
        </Quality>
      </Qualities>
      <Key>LASERMED</Key>
    </VehicleWeapon>
    <VehicleWeapon>
      <FiringArcs>
        <Fore>true</Fore>
      </FiringArcs>
      <Location>Forward</Location>
      <Qualities>
        <Quality>
          <Key>LINKED</Key>
          <Count>1</Count>
        </Quality>
      </Qualities>
      <Key>IONMED</Key>
    </VehicleWeapon>
    <VehicleWeapon>
      <FiringArcs>
        <Fore>true</Fore>
      </FiringArcs>
      <Location>Forward</Location>
      <Key>TRACTLT</Key>
    </VehicleWeapon>
  </VehicleWeapons>
  <SensorRange>No Sensors</SensorRange>
</Vehicle>