<Vehicle>
  <Key>74ZSPEEDERBIKE</Key>
  <Name>Aratech 74-Z Speeder Bike</Name>
  <Description>
      [H3]Aratech 74-Z Speeder Bike[h3]
      Please see page 250 of the Edge of the Empire Core Rulebook, or page 263 of the Age of Rebellion Core Rulebook, for details.
    </Description>
  <Sources>
    <Source Page="250">Edge of the Empire Core Rulebook</Source>
    <Source Page="263">Age of Rebellion Core Rulebook</Source>
  </Sources>
  <MaxAltitude>25 meters</MaxAltitude>
  <SensorRangeValue>srClose</SensorRangeValue>
  <Crew>One Pilot</Crew>
  <EncumbranceCapacity>5</EncumbranceCapacity>
  <Passengers>1</Passengers>
  <Silhouette>2</Silhouette>
  <Speed>3</Speed>
  <Handling>1</Handling>
  <DefFore>0</DefFore>
  <DefAft>0</DefAft>
  <DefPort>0</DefPort>
  <DefStarboard>0</DefStarboard>
  <Armor>0</Armor>
  <HullTrauma>2</HullTrauma>
  <SystemStrain>4</SystemStrain>
  <HP>2</HP>
  <Price>3000</Price>
  <Rarity>4</Rarity>
  <Categories>
    <Category>Land Vehicle</Category>
  </Categories>
  <Type>Speeder Bike</Type>
  <SinglePilot>true</SinglePilot>
  <VehicleWeapons>
    <VehicleWeapon>
      <Key>BLASTLTREP</Key>
      <Location>Forward</Location>
      <FiringArcs>
        <Fore>true</Fore>
        <Aft>false</Aft>
        <Port>false</Port>
        <Starboard>false</Starboard>
        <Dorsal>false</Dorsal>
        <Ventral>false</Ventral>
      </FiringArcs>
    </VehicleWeapon>
  </VehicleWeapons>
</Vehicle>