<?xml version="1.0"?>
<Vehicle xmlns:xsi="http://www.w3.org/2001/XMLSchema-instance" xmlns:xsd="http://www.w3.org/2001/XMLSchema">
  <Key>ARX13</Key>
  <Name>ARX-T3 "Suncutter" Light Interceptor</Name>
  <Description>[H3]ARX-T3 "Suncutter" Light Interceptor[h3]
Please see page 57 of the Knights of Fate Sourcebook for details.</Description>
  <Source Page="57">Knights of Fate</Source>
  <Type>Starfighter</Type>
  <Categories>
    <Category>Starship</Category>
  </Categories>
  <HP>1</HP>
  <Price>110000</Price>
  <Rarity>6</Rarity>
  <HyperdrivePrimary>1</HyperdrivePrimary>
  <SensorRangeValue>srShort</SensorRangeValue>
  <Crew>One pilot, one astromech droid</Crew>
  <EncumbranceCapacity>5</EncumbranceCapacity>
  <Consumables>One week</Consumables>
  <Silhouette>3</Silhouette>
  <Speed>5</Speed>
  <Handling>2</Handling>
  <DefFore>1</DefFore>
  <Armor>3</Armor>
  <HullTrauma>8</HullTrauma>
  <SystemStrain>6</SystemStrain>
  <Starship>true</Starship>
  <SinglePilot>true</SinglePilot>
  <VehicleWeapons>
    <VehicleWeapon>
      <FiringArcs>
        <Fore>true</Fore>
      </FiringArcs>
      <Location>Forward</Location>
      <Qualities>
        <Quality>
          <Key>LINKED</Key>
          <Count>1</Count>
        </Quality>
      </Qualities>
      <Key>LASERMED</Key>
    </VehicleWeapon>
    <VehicleWeapon>
      <FiringArcs>
        <Fore>true</Fore>
      </FiringArcs>
      <Location>Forward</Location>
      <Key>PTL</Key>
    </VehicleWeapon>
  </VehicleWeapons>
  <SensorRange>Short</SensorRange>
</Vehicle>