<?xml version="1.0"?>
<Vehicle xmlns:xsi="http://www.w3.org/2001/XMLSchema-instance" xmlns:xsd="http://www.w3.org/2001/XMLSchema">
  <Key>ATCE</Key>
  <Name>AT-CE Combat Excavator</Name>
  <Description>[H3]AT-CE Combat Excavator[h3]
Please see page 55 of the Fully Operational Sourcebook for details.</Description>
  <Source Page="56">Fully Operational</Source>
  <Type>Walker</Type>
  <Categories>
    <Category>Land Vehicle</Category>
    <Category>Walker</Category>
  </Categories>
  <HP>3</HP>
  <Price>95000</Price>
  <Rarity>6</Rarity>
  <WeaponModifiers>
    <WeaponModifier>
      <UnarmedName>Articulated Excavator Arm</UnarmedName>
      <SkillKey>MECH</SkillKey>
      <Damage>8</Damage>
      <Crit>5</Crit>
      <Qualities>
        <Quality>
          <Key>BREACH</Key>
          <Count>2</Count>
        </Quality>
        <Quality>
          <Key>INACCURATE</Key>
          <Count>3</Count>
        </Quality>
        <Quality>
          <Key>KNOCKDOWN</Key>
        </Quality>
        <Quality>
          <Key>SLOWFIRING</Key>
          <Count>1</Count>
        </Quality>
      </Qualities>
      <VehicleWeaponProperties>
        <Location>Aft</Location>
        <FiringArcs>
          <Fore>true</Fore>
          <Aft>true</Aft>
          <Port>true</Port>
          <Starboard>true</Starboard>
        </FiringArcs>
      </VehicleWeaponProperties>
      <VehicleWeaponCount>1</VehicleWeaponCount>
      <RangeValue>wrShort</RangeValue>
      <Range>Short</Range>
    </WeaponModifier>
  </WeaponModifiers>
  <Crew>One pilot, one systems operator</Crew>
  <EncumbranceCapacity>15</EncumbranceCapacity>
  <Passengers>1</Passengers>
  <Silhouette>3</Silhouette>
  <Speed>2</Speed>
  <Handling>-2</Handling>
  <DefFore>1</DefFore>
  <Armor>3</Armor>
  <HullTrauma>18</HullTrauma>
  <SystemStrain>15</SystemStrain>
  <VehicleWeapons>
    <VehicleWeapon>
      <FiringArcs>
        <Fore>true</Fore>
        <Aft>true</Aft>
        <Port>true</Port>
        <Starboard>true</Starboard>
      </FiringArcs>
      <Location>Dorsal</Location>
      <Key>BLASTHVYREP</Key>
    </VehicleWeapon>
    <VehicleWeapon>
      <FiringArcs>
        <Fore>true</Fore>
        <Aft>true</Aft>
        <Port>true</Port>
        <Starboard>true</Starboard>
      </FiringArcs>
      <Location>Hull</Location>
      <Key>TRACTLT</Key>
      <Count>2</Count>
    </VehicleWeapon>
  </VehicleWeapons>
  <SensorRange>Close</SensorRange>
</Vehicle>