<?xml version="1.0"?>
<Vehicle xmlns:xsi="http://www.w3.org/2001/XMLSchema-instance" xmlns:xsd="http://www.w3.org/2001/XMLSchema">
  <Key>BARCSPEEDER</Key>
  <Name>BARC Speeder</Name>
  <Description>[H3]BARC Speeder[h3]
Please see page 65 of the Collapse of the Republic Sourcebook for details.[P]
[I]Note:  Optional sidecar attachment available[i]</Description>
  <Source Page="65">Collapse of the Republic</Source>
  <Type>Speeder Bike</Type>
  <Categories>
    <Category>Land Vehicle</Category>
  </Categories>
  <HP>1</HP>
  <Price>9500</Price>
  <Rarity>7</Rarity>
  <Restricted>true</Restricted>
  <MaxAltitude>25 meters</MaxAltitude>
  <Crew>One pilot</Crew>
  <EncumbranceCapacity>5</EncumbranceCapacity>
  <Silhouette>2</Silhouette>
  <Speed>3</Speed>
  <Handling>1</Handling>
  <Armor>1</Armor>
  <HullTrauma>6</HullTrauma>
  <SystemStrain>4</SystemStrain>
  <SinglePilot>true</SinglePilot>
  <VehicleWeapons>
    <VehicleWeapon>
      <FiringArcs>
        <Fore>true</Fore>
      </FiringArcs>
      <Location>Forward</Location>
      <Qualities>
        <Quality>
          <Key>LINKED</Key>
          <Count>1</Count>
        </Quality>
      </Qualities>
      <Key>BLASTCANLT</Key>
    </VehicleWeapon>
  </VehicleWeapons>
  <SensorRange>Close</SensorRange>
</Vehicle>