<?xml version="1.0"?>
<Vehicle xmlns:xsi="http://www.w3.org/2001/XMLSchema-instance" xmlns:xsd="http://www.w3.org/2001/XMLSchema">
  <Key>BELBULLAB22STAR</Key>
  <Name>Belbullab-22 Heavy Starfighter</Name>
  <Description>[H3]Belbullab-22 Heavy Starfighter[h3]
Please see page 70 of the Collapse of the Republic Sourcebook for details.</Description>
  <Source Page="70">Collapse of the Republic</Source>
  <Type>Starfighter</Type>
  <Categories>
    <Category>Starship</Category>
  </Categories>
  <HP>3</HP>
  <Price>168000</Price>
  <Rarity>6</Rarity>
  <HyperdrivePrimary>6</HyperdrivePrimary>
  <HyperdriveBackup>15</HyperdriveBackup>
  <NaviComputer>true</NaviComputer>
  <Crew>One pilot</Crew>
  <EncumbranceCapacity>8</EncumbranceCapacity>
  <Consumables>One week</Consumables>
  <Silhouette>3</Silhouette>
  <Speed>4</Speed>
  <Handling>1</Handling>
  <DefFore>1</DefFore>
  <DefAft>1</DefAft>
  <Armor>3</Armor>
  <HullTrauma>15</HullTrauma>
  <SystemStrain>12</SystemStrain>
  <Starship>true</Starship>
  <SinglePilot>true</SinglePilot>
  <VehicleWeapons>
    <VehicleWeapon>
      <FiringArcs>
        <Fore>true</Fore>
      </FiringArcs>
      <Location>WingMounted</Location>
      <Qualities>
        <Quality>
          <Key>LINKED</Key>
          <Count>5</Count>
        </Quality>
      </Qualities>
      <Key>LASERLT</Key>
    </VehicleWeapon>
  </VehicleWeapons>
  <SensorRange>Close</SensorRange>
</Vehicle>