<Vehicle>
  <Key>BFF1</Key>
  <Name>BFF-1 Series Bulk Freighter</Name>
  <Description>
      [H3]BFF-1 Series Bulk Freighter[h3]
      Please see page 96 of the Beyond the Rim Adventure Module for details.
    </Description>
  <Source Page="96">Beyond the Rim</Source>
  <HyperdrivePrimary>3</HyperdrivePrimary>
  <HyperdriveBackup>12</HyperdriveBackup>
  <NaviComputer>true</NaviComputer>
  <SensorRangeValue>srMedium</SensorRangeValue>
  <Crew>Fifteen crew.</Crew>
  <EncumbranceCapacity>1000</EncumbranceCapacity>
  <Passengers>25</Passengers>
  <Consumables>Three Months</Consumables>
  <Silhouette>5</Silhouette>
  <Speed>2</Speed>
  <Handling>-3</Handling>
  <DefFore>2</DefFore>
  <DefAft>1</DefAft>
  <DefPort>1</DefPort>
  <DefStarboard>1</DefStarboard>
  <Armor>2</Armor>
  <HullTrauma>40</HullTrauma>
  <SystemStrain>25</SystemStrain>
  <HP>5</HP>
  <Price>150000</Price>
  <Rarity>4</Rarity>
  <Categories>
    <Category>Starship</Category>
    <Category>Non-Fighter Starship</Category>
  </Categories>
  <Type>Freighter</Type>
  <Starship>true</Starship>
  <VehicleWeapons>
    <VehicleWeapon>
      <FiringArcs>
        <Fore>true</Fore>
        <Aft>true</Aft>
        <Port>true</Port>
        <Starboard>true</Starboard>
        <Dorsal>false</Dorsal>
        <Ventral>false</Ventral>
      </FiringArcs>
      <Turret>true</Turret>
      <Location>Dorsal</Location>
      <Retractable>false</Retractable>
      <Qualities>
        <Quality>
          <Key>LINKED</Key>
          <Count>1</Count>
          <Index>0</Index>
          <MiscDesc />
          <DefZone />
          <DieModifiers />
        </Quality>
      </Qualities>
      <Key>LASERMED</Key>
      <Count>1</Count>
    </VehicleWeapon>
    <VehicleWeapon>
      <FiringArcs>
        <Fore>true</Fore>
        <Aft>true</Aft>
        <Port>true</Port>
        <Starboard>true</Starboard>
        <Dorsal>false</Dorsal>
        <Ventral>false</Ventral>
      </FiringArcs>
      <Turret>true</Turret>
      <Location>Ventral</Location>
      <Retractable>false</Retractable>
      <Qualities>
        <Quality>
          <Key>LINKED</Key>
          <Count>1</Count>
          <Index>0</Index>
          <MiscDesc />
          <DefZone />
          <DieModifiers />
        </Quality>
      </Qualities>
      <Key>LASERMED</Key>
      <Count>1</Count>
    </VehicleWeapon>
    <VehicleWeapon>
      <FiringArcs>
        <Fore>true</Fore>
        <Aft>true</Aft>
        <Port>true</Port>
        <Starboard>true</Starboard>
        <Dorsal>false</Dorsal>
        <Ventral>false</Ventral>
      </FiringArcs>
      <Turret>true</Turret>
      <Location>Port</Location>
      <Retractable>false</Retractable>
      <Qualities>
        <Quality>
          <Key>LINKED</Key>
          <Count>1</Count>
          <Index>0</Index>
          <MiscDesc />
          <DefZone />
          <DieModifiers />
        </Quality>
      </Qualities>
      <Key>LASERMED</Key>
      <Count>1</Count>
    </VehicleWeapon>
    <VehicleWeapon>
      <FiringArcs>
        <Fore>true</Fore>
        <Aft>true</Aft>
        <Port>true</Port>
        <Starboard>true</Starboard>
        <Dorsal>false</Dorsal>
        <Ventral>false</Ventral>
      </FiringArcs>
      <Turret>true</Turret>
      <Location>Starboard</Location>
      <Retractable>false</Retractable>
      <Qualities>
        <Quality>
          <Key>LINKED</Key>
          <Count>1</Count>
          <Index>0</Index>
          <MiscDesc />
          <DefZone />
          <DieModifiers />
        </Quality>
      </Qualities>
      <Key>LASERMED</Key>
      <Count>1</Count>
    </VehicleWeapon>
  </VehicleWeapons>
</Vehicle>