<?xml version="1.0"?>
<Vehicle xmlns:xsi="http://www.w3.org/2001/XMLSchema-instance" xmlns:xsd="http://www.w3.org/2001/XMLSchema">
  <Key>BONGO</Key>
  <Name>Bongo Submarine</Name>
  <Description>[H3]Gungan Bongo Submarine[h3]
Please see page 59 of the Unlimited Power Sourcebook for details.</Description>
  <Source Page="59">Unlimited Power</Source>
  <Type>Submersible</Type>
  <Categories>
    <Category>Watercraft</Category>
  </Categories>
  <Price>10000</Price>
  <Rarity>7</Rarity>
  <MaxAltitude>500 meters depth</MaxAltitude>
  <SensorRangeValue>srNone</SensorRangeValue>
  <Crew>One pilot</Crew>
  <EncumbranceCapacity>20</EncumbranceCapacity>
  <Passengers>2</Passengers>
  <Silhouette>3</Silhouette>
  <Speed>3</Speed>
  <Handling>2</Handling>
  <DefFore>1</DefFore>
  <DefAft>1</DefAft>
  <Armor>3</Armor>
  <HullTrauma>10</HullTrauma>
  <SystemStrain>5</SystemStrain>
  <SinglePilot>true</SinglePilot>
  <SensorRange>No Sensors</SensorRange>
</Vehicle>