<?xml version="1.0"?>
<Vehicle xmlns:xsi="http://www.w3.org/2001/XMLSchema-instance" xmlns:xsd="http://www.w3.org/2001/XMLSchema">
  <Key>BR549</Key>
  <Name>BR.549 FasTrak High-Altitude Scout Speeder</Name>
  <Description>[H3]BR.549 FasTrak High-Altitude Scout Speeder[h3]
Please see page 53 of the Savage Spirits Sourcebook for details.
    </Description>
  <Source Page="53">Savage Spirits</Source>
  <Type>Airspeeder</Type>
  <Categories>
    <Category>Air Vehicle</Category>
  </Categories>
  <HP>1</HP>
  <Price>25000</Price>
  <Rarity>6</Rarity>
  <MaxAltitude>150 kilometers</MaxAltitude>
  <SensorRangeValue>srLong</SensorRangeValue>
  <Crew>One pilot, one co-pilot, two sensor operators</Crew>
  <EncumbranceCapacity>15</EncumbranceCapacity>
  <Silhouette>2</Silhouette>
  <Speed>3</Speed>
  <Handling>1</Handling>
  <Armor>1</Armor>
  <HullTrauma>5</HullTrauma>
  <SystemStrain>10</SystemStrain>
  <SinglePilot>true</SinglePilot>
  <SensorRange>Long</SensorRange>
</Vehicle>