<?xml version="1.0"?>
<Vehicle xmlns:xsi="http://www.w3.org/2001/XMLSchema-instance" xmlns:xsd="http://www.w3.org/2001/XMLSchema">
  <Key>BT310</Key>
  <Name>BT310 Quadra</Name>
  <Description>[H3]BT310 Quadra[h3]
Please see page 54 of the Endless Vigil Sourcebook for details.</Description>
  <Source Page="54">Endless Vigil</Source>
  <Type>Podracer</Type>
  <Categories>
    <Category>Land Vehicle</Category>
  </Categories>
  <HP>2</HP>
  <Price>14200</Price>
  <Rarity>8</Rarity>
  <MaxAltitude>50 meters</MaxAltitude>
  <Crew>One pilot</Crew>
  <EncumbranceCapacity>1</EncumbranceCapacity>
  <Silhouette>3</Silhouette>
  <Speed>6</Speed>
  <Handling>-2</Handling>
  <HullTrauma>4</HullTrauma>
  <SystemStrain>5</SystemStrain>
  <SinglePilot>true</SinglePilot>
  <SensorRange>Close</SensorRange>
</Vehicle>