<?xml version="1.0"?>
<Vehicle xmlns:xsi="http://www.w3.org/2001/XMLSchema-instance" xmlns:xsd="http://www.w3.org/2001/XMLSchema">
  <Key>CONSLTCRUIS</Key>
  <Name>Consular-Class Light Cruiser</Name>
  <Description>[H3][I]Consular[i]-Class Light Cruiser[h3]
Please see page 62 of the Disciples of Harmony Sourcebook, or page 76 of the Rise of the Separatists Sourcebook, for details.
</Description>
  <Sources>
    <Source Page="62">Disciples of Harmony</Source>
    <Source Page="76">Rise of the Separatists</Source>
  </Sources>
  <Source Page="62">Disciples of Harmony</Source>
  <Type>Light Cruiser</Type>
  <Categories>
    <Category>Starship</Category>
    <Category>Non-Fighter Starship</Category>
    <Category>Capital Ship</Category>
  </Categories>
  <HP>6</HP>
  <Price>3000000</Price>
  <Rarity>5</Rarity>
  <HyperdrivePrimary>2</HyperdrivePrimary>
  <HyperdriveBackup>14</HyperdriveBackup>
  <StarFighters>One salon pod</StarFighters>
  <NaviComputer>true</NaviComputer>
  <SensorRangeValue>srExtreme</SensorRangeValue>
  <Crew>One captain, one pilot, one co-pilot, one navigator, one comms operator, four engineers</Crew>
  <EncumbranceCapacity>4000</EncumbranceCapacity>
  <Passengers>24</Passengers>
  <Consumables>One year</Consumables>
  <Silhouette>5</Silhouette>
  <Speed>3</Speed>
  <Handling>-2</Handling>
  <DefFore>2</DefFore>
  <DefPort>1</DefPort>
  <DefStarboard>1</DefStarboard>
  <Armor>4</Armor>
  <HullTrauma>46</HullTrauma>
  <SystemStrain>24</SystemStrain>
  <Starship>true</Starship>
  <SensorRange>Extreme</SensorRange>
</Vehicle>