<?xml version="1.0"?>
<Vehicle xmlns:xsi="http://www.w3.org/2001/XMLSchema-instance" xmlns:xsd="http://www.w3.org/2001/XMLSchema">
  <Key>CONSULARC70</Key>
  <Name>Consular-Class Light Cruiser Charger c70 Refit</Name>
  <Description>[H3][I]Consular[i] - Class Light Cruiser Charger c70 Refit[h3]
Please see page 77 of the Rise of the Separatists Sourcebook for details.
</Description>
  <Source Page="77">Rise of the Separatists</Source>
  <Type>Light Cruiser</Type>
  <Categories>
    <Category>Starship</Category>
    <Category>Non-Fighter Starship</Category>
    <Category>Capital Ship</Category>
  </Categories>
  <HP>6</HP>
  <Price>3000000</Price>
  <Rarity>5</Rarity>
  <HyperdrivePrimary>2</HyperdrivePrimary>
  <HyperdriveBackup>14</HyperdriveBackup>
  <StarFighters>One salon pod</StarFighters>
  <NaviComputer>true</NaviComputer>
  <SensorRangeValue>srExtreme</SensorRangeValue>
  <Crew>One captain, one pilot, one co-pilot, one navigator, one comms operator, four engineers</Crew>
  <EncumbranceCapacity>4000</EncumbranceCapacity>
  <Passengers>24</Passengers>
  <Consumables>One year</Consumables>
  <Silhouette>5</Silhouette>
  <Speed>3</Speed>
  <Handling>-2</Handling>
  <DefFore>2</DefFore>
  <DefAft>1</DefAft>
  <DefPort>1</DefPort>
  <DefStarboard>1</DefStarboard>
  <Armor>5</Armor>
  <HullTrauma>46</HullTrauma>
  <SystemStrain>24</SystemStrain>
  <Starship>true</Starship>
  <VehicleWeapons>
    <VehicleWeapon>
      <FiringArcs>
        <Port>true</Port>
        <Dorsal>true</Dorsal>
      </FiringArcs>
      <Turret>true</Turret>
      <Location>Dorsal</Location>
      <Qualities>
        <Quality>
          <Key>LINKED</Key>
          <Count>1</Count>
        </Quality>
      </Qualities>
      <Key>LASERHVY</Key>
    </VehicleWeapon>
    <VehicleWeapon>
      <FiringArcs>
        <Starboard>true</Starboard>
        <Dorsal>true</Dorsal>
      </FiringArcs>
      <Turret>true</Turret>
      <Location>Dorsal</Location>
      <Qualities>
        <Quality>
          <Key>LINKED</Key>
          <Count>1</Count>
        </Quality>
      </Qualities>
      <Key>LASERHVY</Key>
    </VehicleWeapon>
    <VehicleWeapon>
      <FiringArcs>
        <Port>true</Port>
        <Ventral>true</Ventral>
      </FiringArcs>
      <Turret>true</Turret>
      <Location>Ventral</Location>
      <Qualities>
        <Quality>
          <Key>LINKED</Key>
          <Count>1</Count>
        </Quality>
      </Qualities>
      <Key>LASERHVY</Key>
    </VehicleWeapon>
    <VehicleWeapon>
      <FiringArcs>
        <Starboard>true</Starboard>
        <Ventral>true</Ventral>
      </FiringArcs>
      <Turret>true</Turret>
      <Location>Ventral</Location>
      <Qualities>
        <Quality>
          <Key>LINKED</Key>
          <Count>1</Count>
        </Quality>
      </Qualities>
      <Key>LASERHVY</Key>
    </VehicleWeapon>
    <VehicleWeapon>
      <FiringArcs>
        <Fore>true</Fore>
      </FiringArcs>
      <Location>Forward</Location>
      <Qualities>
        <Quality>
          <Key>LINKED</Key>
          <Count>1</Count>
        </Quality>
      </Qualities>
      <Key>LASERLT</Key>
    </VehicleWeapon>
    <VehicleWeapon>
      <FiringArcs>
        <Fore>true</Fore>
        <Aft>true</Aft>
        <Port>true</Port>
        <Starboard>true</Starboard>
        <Dorsal>true</Dorsal>
      </FiringArcs>
      <Turret>true</Turret>
      <Location>Dorsal</Location>
      <Qualities>
        <Quality>
          <Key>LINKED</Key>
          <Count>3</Count>
        </Quality>
        <Quality>
          <Key>ACCURATE</Key>
          <Count>1</Count>
        </Quality>
      </Qualities>
      <Key>LASERLT</Key>
    </VehicleWeapon>
    <VehicleWeapon>
      <FiringArcs>
        <Fore>true</Fore>
      </FiringArcs>
      <Location>Forward</Location>
      <Qualities>
        <Quality>
          <Key>LINKED</Key>
          <Count>1</Count>
        </Quality>
      </Qualities>
      <Key>CML</Key>
    </VehicleWeapon>
  </VehicleWeapons>
  <SensorRange>Extreme</SensorRange>
</Vehicle>