<?xml version="1.0"?>
<Vehicle xmlns:xsi="http://www.w3.org/2001/XMLSchema-instance" xmlns:xsd="http://www.w3.org/2001/XMLSchema">
  <Key>CR17INCIII</Key>
  <Name>CR-17 Incendia III</Name>
  <Description>[H3]CR-17 Incendia III[h3]
Please see page 56 of the Endless Vigil Sourcebook for details.</Description>
  <Source Page="56">Endless Vigil</Source>
  <Type>Podracer</Type>
  <Categories>
    <Category>Land Vehicle</Category>
  </Categories>
  <HP>4</HP>
  <Price>11000</Price>
  <Rarity>5</Rarity>
  <MaxAltitude>30 meters</MaxAltitude>
  <Crew>One pilot</Crew>
  <EncumbranceCapacity>1</EncumbranceCapacity>
  <Silhouette>3</Silhouette>
  <Speed>5</Speed>
  <Handling>-2</Handling>
  <HullTrauma>3</HullTrauma>
  <SystemStrain>6</SystemStrain>
  <SinglePilot>true</SinglePilot>
  <SensorRange>Close</SensorRange>
</Vehicle>