<?xml version="1.0"?>
<Vehicle xmlns:xsi="http://www.w3.org/2001/XMLSchema-instance" xmlns:xsd="http://www.w3.org/2001/XMLSchema">
  <Key>CUTLASS9</Key>
  <Name>Cutlass-9 Patrol fighter</Name>
  <Description>[H3][I]Cutlass-9[i] Patrol fighter[h3]
Please see page 78 of the Mask of the Pirate Queen adventure module for details.</Description>
  <Source Page="78">Mask of the Pirate Queen</Source>
  <Type>Starfighter</Type>
  <Categories>
    <Category>Starship</Category>
  </Categories>
  <Encumbrance>0</Encumbrance>
  <HP>3</HP>
  <Price>34700</Price>
  <Rarity>3</Rarity>
  <Restricted>false</Restricted>
  <HyperdrivePrimary>2</HyperdrivePrimary>
  <HyperdriveBackup>0</HyperdriveBackup>
  <StarFighters />
  <NaviComputer>true</NaviComputer>
  <SensorRangeValue>srClose</SensorRangeValue>
  <Crew>One pilot</Crew>
  <EncumbranceCapacity>12</EncumbranceCapacity>
  <Passengers>0</Passengers>
  <Consumables>2 days</Consumables>
  <Silhouette>3</Silhouette>
  <Speed>2</Speed>
  <Handling>0</Handling>
  <DefFore>1</DefFore>
  <DefAft>1</DefAft>
  <DefPort>0</DefPort>
  <DefStarboard>0</DefStarboard>
  <Armor>2</Armor>
  <HullTrauma>8</HullTrauma>
  <SystemStrain>9</SystemStrain>
  <Starship>true</Starship>
  <Massive>0</Massive>
  <SinglePilot>true</SinglePilot>
  <VehicleWeapons>
    <VehicleWeapon>
      <FiringArcs>
        <Fore>true</Fore>
      </FiringArcs>
      <Location>Forward</Location>
      <Qualities>
        <Quality>
          <Key>LINKED</Key>
          <Count>1</Count>
        </Quality>
      </Qualities>
      <Key>LASERMED</Key>
      <Count>2</Count>
    </VehicleWeapon>
    <VehicleWeapon>
      <FiringArcs>
        <Fore>true</Fore>
      </FiringArcs>
      <Location>Forward</Location>
      <Qualities>
        <Quality>
          <Key>LINKED</Key>
          <Count>1</Count>
        </Quality>
      </Qualities>
      <Key>CML</Key>
      <Count>1</Count>
    </VehicleWeapon>
  </VehicleWeapons>
  <BuiltInAttachments />
  <SensorRange>Close</SensorRange>
</Vehicle>