<?xml version="1.0"?>
<Vehicle xmlns:xsi="http://www.w3.org/2001/XMLSchema-instance" xmlns:xsd="http://www.w3.org/2001/XMLSchema">
  <Key>DROIDTRIFIGHTBUZZ</Key>
  <Name>Droid Tri-Fighter (Buzz Droids)</Name>
  <Description>[H3]Droid Tri-Fighter (Buzz Droid)[h3]
Please see page 71 of the Collapse of the Republic Sourcebook for details.</Description>
  <Source Page="71">Collapse of the Republic</Source>
  <Type>Starfighter</Type>
  <Categories>
    <Category>Starship</Category>
  </Categories>
  <HP>2</HP>
  <Price>40000</Price>
  <Rarity>8</Rarity>
  <Restricted>true</Restricted>
  <BaseMods>
    <Mod>
      <Count>1</Count>
      <MiscDesc>[B]Discord Missile Launcher[b]: On a successful hit, one buzz droid is deployed per [SU] on the combat check.</MiscDesc>
    </Mod>
  </BaseMods>
  <WeaponModifiers>
    <WeaponModifier>
      <UnarmedName>Discord Missile Launcher</UnarmedName>
      <SkillKey>GUNN</SkillKey>
      <Crit>6</Crit>
      <Qualities>
        <Quality>
          <Key>GUIDED</Key>
          <Count>3</Count>
        </Quality>
        <Quality>
          <Key>LIMITEDAMMO</Key>
          <Count>3</Count>
        </Quality>
        <Quality>
          <Key>LINKED</Key>
          <Count>1</Count>
        </Quality>
        <Quality>
          <Key>SLOWFIRING</Key>
          <Count>1</Count>
        </Quality>
      </Qualities>
      <RangeValue>wrShort</RangeValue>
      <Range>Short</Range>
    </WeaponModifier>
  </WeaponModifiers>
  <SensorRangeValue>srShort</SensorRangeValue>
  <Crew>None (Integrated droid brain)</Crew>
  <Consumables>48 hours</Consumables>
  <Silhouette>3</Silhouette>
  <Speed>5</Speed>
  <Handling>2</Handling>
  <Armor>2</Armor>
  <HullTrauma>12</HullTrauma>
  <SystemStrain>8</SystemStrain>
  <VehicleWeapons>
    <VehicleWeapon>
      <FiringArcs>
        <Fore>true</Fore>
      </FiringArcs>
      <Location>Forward</Location>
      <Key>LASERHVY</Key>
    </VehicleWeapon>
    <VehicleWeapon>
      <FiringArcs>
        <Fore>true</Fore>
      </FiringArcs>
      <Location>Forward</Location>
      <Qualities>
        <Quality>
          <Key>LINKED</Key>
          <Count>2</Count>
        </Quality>
      </Qualities>
      <Key>LASERLT</Key>
    </VehicleWeapon>
  </VehicleWeapons>
  <SensorRange>Short</SensorRange>
</Vehicle>