<?xml version="1.0"?>
<Vehicle xmlns:xsi="http://www.w3.org/2001/XMLSchema-instance" xmlns:xsd="http://www.w3.org/2001/XMLSchema">
  <Key>SPACESLUG</Key>
  <Name>Enormous Space Slug</Name>
  <Description>[H3]Enormous Space Slug[h3]
Please see page 51 of the Strongholds of Resistance sourcebook for details.</Description>
  <Source Page="51">Strongholds of Resistance</Source>
  <Type>Space-dwelling Creature</Type>
  <Categories />
  <Encumbrance>0</Encumbrance>
  <HP>0</HP>
  <Price>0</Price>
  <Rarity>0</Rarity>
  <Restricted>false</Restricted>
  <BaseMods />
  <WeaponModifiers />
  <MaxAltitude />
  <HyperdrivePrimary>0</HyperdrivePrimary>
  <HyperdriveBackup>0</HyperdriveBackup>
  <StarFighters />
  <NaviComputer>false</NaviComputer>
  <SensorRangeValue>srNone</SensorRangeValue>
  <Crew />
  <EncumbranceCapacity>50000</EncumbranceCapacity>
  <Passengers>0</Passengers>
  <Consumables />
  <Silhouette>7</Silhouette>
  <Speed>0</Speed>
  <Handling>-6</Handling>
  <DefFore>0</DefFore>
  <DefAft>4</DefAft>
  <DefPort>0</DefPort>
  <DefStarboard>0</DefStarboard>
  <Armor>10</Armor>
  <HullTrauma>70</HullTrauma>
  <SystemStrain>35</SystemStrain>
  <Starship>false</Starship>
  <Massive>0</Massive>
  <SinglePilot>false</SinglePilot>
  <VehicleWeapons />
  <BuiltInAttachments>
    <Key>SPACESLUGRULES</Key>
  </BuiltInAttachments>
  <SensorRange>No Sensors</SensorRange>
</Vehicle>