<?xml version="1.0"?>
<Vehicle xmlns:xsi="http://www.w3.org/2001/XMLSchema-instance" xmlns:xsd="http://www.w3.org/2001/XMLSchema">
  <Key>ETA2ACTIS</Key>
  <Name>ETA-2 Actis-Class Light Interceptor</Name>
  <Description>[H3]ETA-2 [I]Actis[i] - Class Light Interceptor[h3]
Please see page 71 of the Collapse of the Republic Sourcebook for details.</Description>
  <Source Page="71">Collapse of the Republic</Source>
  <Type>Starfighter</Type>
  <Categories>
    <Category>Starship</Category>
  </Categories>
  <HP>1</HP>
  <Price>290000</Price>
  <Rarity>8</Rarity>
  <Restricted>true</Restricted>
  <Crew>One pilot, one astromech droid</Crew>
  <EncumbranceCapacity>5</EncumbranceCapacity>
  <Consumables>72 hours</Consumables>
  <Silhouette>3</Silhouette>
  <Speed>6</Speed>
  <Handling>2</Handling>
  <Armor>2</Armor>
  <HullTrauma>10</HullTrauma>
  <SystemStrain>8</SystemStrain>
  <Starship>true</Starship>
  <SinglePilot>true</SinglePilot>
  <VehicleWeapons>
    <VehicleWeapon>
      <FiringArcs>
        <Fore>true</Fore>
      </FiringArcs>
      <Location>Forward</Location>
      <Qualities>
        <Quality>
          <Key>LINKED</Key>
          <Count>1</Count>
        </Quality>
      </Qualities>
      <Key>LASERMED</Key>
    </VehicleWeapon>
    <VehicleWeapon>
      <FiringArcs>
        <Fore>true</Fore>
      </FiringArcs>
      <Location>WingMounted</Location>
      <Qualities>
        <Quality>
          <Key>LINKED</Key>
          <Count>1</Count>
        </Quality>
      </Qualities>
      <Key>IONLT</Key>
      <Count>2</Count>
    </VehicleWeapon>
  </VehicleWeapons>
  <SensorRange>Close</SensorRange>
</Vehicle>