<?xml version="1.0"?>
<Vehicle xmlns:xsi="http://www.w3.org/2001/XMLSchema-instance" xmlns:xsd="http://www.w3.org/2001/XMLSchema">
  <Key>GALLIS48ROLLER</Key>
  <Name>Gallis-Tech 48 Roller</Name>
  <Description>
    [H3]Gallis-Tech 48 Roller[h3]
    Please see page 256 of the Force and Destiny Core Rulebook for details.
  </Description>
  <Source Page="256">Force and Destiny Core Rulebook</Source>
  <Type>Wheel Bike</Type>
  <Categories>
    <Category>Land Vehicle</Category>
    <Category>Wheeled Vehicle</Category>
  </Categories>
  <Encumbrance>0</Encumbrance>
  <HP>0</HP>
  <Price>750</Price>
  <Rarity>5</Rarity>
  <Restricted>false</Restricted>
  <BaseMods />
  <MaxAltitude />
  <HyperdrivePrimary>0</HyperdrivePrimary>
  <HyperdriveBackup>0</HyperdriveBackup>
  <StarFighters />
  <NaviComputer>false</NaviComputer>
  <SensorRangeValue>srNone</SensorRangeValue>
  <Crew>One pilot</Crew>
  <EncumbranceCapacity>5</EncumbranceCapacity>
  <Passengers>0</Passengers>
  <Consumables />
  <Silhouette>2</Silhouette>
  <Speed>3</Speed>
  <Handling>-2</Handling>
  <DefFore>0</DefFore>
  <DefAft>0</DefAft>
  <DefPort>0</DefPort>
  <DefStarboard>0</DefStarboard>
  <Armor>0</Armor>
  <HullTrauma>3</HullTrauma>
  <SystemStrain>3</SystemStrain>
  <Starship>false</Starship>
  <Massive>0</Massive>
  <SinglePilot>true</SinglePilot>
  <VehicleWeapons />
</Vehicle>