<?xml version="1.0"?>
<Vehicle xmlns:xsi="http://www.w3.org/2001/XMLSchema-instance" xmlns:xsd="http://www.w3.org/2001/XMLSchema">
  <Key>GOLAN1SPACEDEF</Key>
  <Name>Golan 1 Space Defense Platform</Name>
  <Description>[H3]Golan 1 Space Defense Platform[h3]
      Please see page 61 of the Fly Casual Sourcebook for details.</Description>
  <Source Page="61">Fly Casual</Source>
  <Type>Space Station</Type>
  <Categories>
    <Category>Capital Ship</Category>
    <Category>Station</Category>
  </Categories>
  <Encumbrance>0</Encumbrance>
  <HP>40</HP>
  <Price>26000000</Price>
  <Rarity>9</Rarity>
  <Restricted>true</Restricted>
  <BaseMods />
  <MaxAltitude />
  <HyperdrivePrimary>0</HyperdrivePrimary>
  <HyperdriveBackup>0</HyperdriveBackup>
  <StarFighters>24 TIE series starfighters, four patrol boats, and four shuttles</StarFighters>
  <NaviComputer>false</NaviComputer>
  <SensorRangeValue>srLong</SensorRangeValue>
  <Crew>5,000 officers, pilots, and crew</Crew>
  <EncumbranceCapacity>20000</EncumbranceCapacity>
  <Passengers>10000</Passengers>
  <Consumables>Two years</Consumables>
  <Silhouette>8</Silhouette>
  <Speed>0</Speed>
  <Handling>0</Handling>
  <DefFore>2</DefFore>
  <DefAft>2</DefAft>
  <DefPort>2</DefPort>
  <DefStarboard>2</DefStarboard>
  <Armor>6</Armor>
  <HullTrauma>300</HullTrauma>
  <SystemStrain>150</SystemStrain>
  <Starship>false</Starship>
  <Massive>4</Massive>
  <SinglePilot>false</SinglePilot>
  <VehicleWeapons>
    <VehicleWeapon>
      <FiringArcs>
        <Fore>true</Fore>
        <Aft>true</Aft>
        <Port>true</Port>
        <Starboard>false</Starboard>
        <Dorsal>false</Dorsal>
        <Ventral>false</Ventral>
      </FiringArcs>
      <Turret>true</Turret>
      <Location>Port</Location>
      <Retractable>false</Retractable>
      <Qualities>
        <Quality>
          <Key>BREACH</Key>
          <Count>3</Count>
          <Index>0</Index>
          <MiscDesc />
          <DefZone />
          <QualReplace>false</QualReplace>
          <SkillIsCareer>false</SkillIsCareer>
          <SkillIsRanked>false</SkillIsRanked>
          <VehicleWeaponUpgrades />
          <SelectedVehicleWeaponIndex>-1</SelectedVehicleWeaponIndex>
          <DieModifiers />
        </Quality>
        <Quality>
          <Key>SLOWFIRING</Key>
          <Count>1</Count>
          <Index>0</Index>
          <MiscDesc />
          <DefZone />
          <QualReplace>false</QualReplace>
          <SkillIsCareer>false</SkillIsCareer>
          <SkillIsRanked>false</SkillIsRanked>
          <VehicleWeaponUpgrades />
          <SelectedVehicleWeaponIndex>-1</SelectedVehicleWeaponIndex>
          <DieModifiers />
        </Quality>
      </Qualities>
      <Key>TURBOMED</Key>
      <Count>14</Count>
    </VehicleWeapon>
    <VehicleWeapon>
      <FiringArcs>
        <Fore>true</Fore>
        <Aft>true</Aft>
        <Port>false</Port>
        <Starboard>true</Starboard>
        <Dorsal>false</Dorsal>
        <Ventral>false</Ventral>
      </FiringArcs>
      <Turret>true</Turret>
      <Location>Starboard</Location>
      <Retractable>false</Retractable>
      <Qualities>
        <Quality>
          <Key>BREACH</Key>
          <Count>3</Count>
          <Index>0</Index>
          <MiscDesc />
          <DefZone />
          <QualReplace>false</QualReplace>
          <SkillIsCareer>false</SkillIsCareer>
          <SkillIsRanked>false</SkillIsRanked>
          <VehicleWeaponUpgrades />
          <SelectedVehicleWeaponIndex>-1</SelectedVehicleWeaponIndex>
          <DieModifiers />
        </Quality>
        <Quality>
          <Key>SLOWFIRING</Key>
          <Count>1</Count>
          <Index>0</Index>
          <MiscDesc />
          <DefZone />
          <QualReplace>false</QualReplace>
          <SkillIsCareer>false</SkillIsCareer>
          <SkillIsRanked>false</SkillIsRanked>
          <VehicleWeaponUpgrades />
          <SelectedVehicleWeaponIndex>-1</SelectedVehicleWeaponIndex>
          <DieModifiers />
        </Quality>
      </Qualities>
      <Key>TURBOMED</Key>
      <Count>14</Count>
    </VehicleWeapon>
    <VehicleWeapon>
      <FiringArcs>
        <Fore>true</Fore>
        <Aft>true</Aft>
        <Port>true</Port>
        <Starboard>true</Starboard>
        <Dorsal>true</Dorsal>
        <Ventral>false</Ventral>
      </FiringArcs>
      <Turret>true</Turret>
      <Location>Dorsal</Location>
      <Retractable>false</Retractable>
      <Qualities>
        <Quality>
          <Key>BLAST</Key>
          <Count>6</Count>
          <Index>0</Index>
          <MiscDesc />
          <DefZone />
          <QualReplace>false</QualReplace>
          <SkillIsCareer>false</SkillIsCareer>
          <SkillIsRanked>false</SkillIsRanked>
          <VehicleWeaponUpgrades />
          <SelectedVehicleWeaponIndex>-1</SelectedVehicleWeaponIndex>
          <DieModifiers />
        </Quality>
        <Quality>
          <Key>BREACH</Key>
          <Count>6</Count>
          <Index>0</Index>
          <MiscDesc />
          <DefZone />
          <QualReplace>false</QualReplace>
          <SkillIsCareer>false</SkillIsCareer>
          <SkillIsRanked>false</SkillIsRanked>
          <VehicleWeaponUpgrades />
          <SelectedVehicleWeaponIndex>-1</SelectedVehicleWeaponIndex>
          <DieModifiers />
        </Quality>
        <Quality>
          <Key>GUIDED</Key>
          <Count>2</Count>
          <Index>0</Index>
          <MiscDesc />
          <DefZone />
          <QualReplace>false</QualReplace>
          <SkillIsCareer>false</SkillIsCareer>
          <SkillIsRanked>false</SkillIsRanked>
          <VehicleWeaponUpgrades />
          <SelectedVehicleWeaponIndex>-1</SelectedVehicleWeaponIndex>
          <DieModifiers />
        </Quality>
        <Quality>
          <Key>LIMITEDAMMO</Key>
          <Count>16</Count>
          <Index>0</Index>
          <MiscDesc />
          <DefZone />
          <QualReplace>false</QualReplace>
          <SkillIsCareer>false</SkillIsCareer>
          <SkillIsRanked>false</SkillIsRanked>
          <VehicleWeaponUpgrades />
          <SelectedVehicleWeaponIndex>-1</SelectedVehicleWeaponIndex>
          <DieModifiers />
        </Quality>
        <Quality>
          <Key>SLOWFIRING</Key>
          <Count>1</Count>
          <Index>0</Index>
          <MiscDesc />
          <DefZone />
          <QualReplace>false</QualReplace>
          <SkillIsCareer>false</SkillIsCareer>
          <SkillIsRanked>false</SkillIsRanked>
          <VehicleWeaponUpgrades />
          <SelectedVehicleWeaponIndex>-1</SelectedVehicleWeaponIndex>
          <DieModifiers />
        </Quality>
      </Qualities>
      <Key>PTL</Key>
      <Count>3</Count>
    </VehicleWeapon>
    <VehicleWeapon>
      <FiringArcs>
        <Fore>true</Fore>
        <Aft>true</Aft>
        <Port>true</Port>
        <Starboard>true</Starboard>
        <Dorsal>false</Dorsal>
        <Ventral>true</Ventral>
      </FiringArcs>
      <Turret>true</Turret>
      <Location>Ventral</Location>
      <Retractable>false</Retractable>
      <Qualities>
        <Quality>
          <Key>BLAST</Key>
          <Count>6</Count>
          <Index>0</Index>
          <MiscDesc />
          <DefZone />
          <QualReplace>false</QualReplace>
          <SkillIsCareer>false</SkillIsCareer>
          <SkillIsRanked>false</SkillIsRanked>
          <VehicleWeaponUpgrades />
          <SelectedVehicleWeaponIndex>-1</SelectedVehicleWeaponIndex>
          <DieModifiers />
        </Quality>
        <Quality>
          <Key>BREACH</Key>
          <Count>6</Count>
          <Index>0</Index>
          <MiscDesc />
          <DefZone />
          <QualReplace>false</QualReplace>
          <SkillIsCareer>false</SkillIsCareer>
          <SkillIsRanked>false</SkillIsRanked>
          <VehicleWeaponUpgrades />
          <SelectedVehicleWeaponIndex>-1</SelectedVehicleWeaponIndex>
          <DieModifiers />
        </Quality>
        <Quality>
          <Key>GUIDED</Key>
          <Count>2</Count>
          <Index>0</Index>
          <MiscDesc />
          <DefZone />
          <QualReplace>false</QualReplace>
          <SkillIsCareer>false</SkillIsCareer>
          <SkillIsRanked>false</SkillIsRanked>
          <VehicleWeaponUpgrades />
          <SelectedVehicleWeaponIndex>-1</SelectedVehicleWeaponIndex>
          <DieModifiers />
        </Quality>
        <Quality>
          <Key>LIMITEDAMMO</Key>
          <Count>16</Count>
          <Index>0</Index>
          <MiscDesc />
          <DefZone />
          <QualReplace>false</QualReplace>
          <SkillIsCareer>false</SkillIsCareer>
          <SkillIsRanked>false</SkillIsRanked>
          <VehicleWeaponUpgrades />
          <SelectedVehicleWeaponIndex>-1</SelectedVehicleWeaponIndex>
          <DieModifiers />
        </Quality>
        <Quality>
          <Key>SLOWFIRING</Key>
          <Count>1</Count>
          <Index>0</Index>
          <MiscDesc />
          <DefZone />
          <QualReplace>false</QualReplace>
          <SkillIsCareer>false</SkillIsCareer>
          <SkillIsRanked>false</SkillIsRanked>
          <VehicleWeaponUpgrades />
          <SelectedVehicleWeaponIndex>-1</SelectedVehicleWeaponIndex>
          <DieModifiers />
        </Quality>
      </Qualities>
      <Key>PTL</Key>
      <Count>2</Count>
    </VehicleWeapon>
    <VehicleWeapon>
      <FiringArcs>
        <Fore>true</Fore>
        <Aft>true</Aft>
        <Port>true</Port>
        <Starboard>false</Starboard>
        <Dorsal>false</Dorsal>
        <Ventral>false</Ventral>
      </FiringArcs>
      <Turret>false</Turret>
      <Location>Port</Location>
      <Retractable>false</Retractable>
      <Qualities>
        <Quality>
          <Key>TRACTOR</Key>
          <Count>6</Count>
          <Index>0</Index>
          <MiscDesc />
          <DefZone />
          <QualReplace>false</QualReplace>
          <SkillIsCareer>false</SkillIsCareer>
          <SkillIsRanked>false</SkillIsRanked>
          <VehicleWeaponUpgrades />
          <SelectedVehicleWeaponIndex>-1</SelectedVehicleWeaponIndex>
          <DieModifiers />
        </Quality>
      </Qualities>
      <Key>TRACTHVY</Key>
      <Count>3</Count>
    </VehicleWeapon>
    <VehicleWeapon>
      <FiringArcs>
        <Fore>true</Fore>
        <Aft>true</Aft>
        <Port>false</Port>
        <Starboard>true</Starboard>
        <Dorsal>false</Dorsal>
        <Ventral>false</Ventral>
      </FiringArcs>
      <Turret>false</Turret>
      <Location>Starboard</Location>
      <Retractable>false</Retractable>
      <Qualities>
        <Quality>
          <Key>TRACTOR</Key>
          <Count>6</Count>
          <Index>0</Index>
          <MiscDesc />
          <DefZone />
          <QualReplace>false</QualReplace>
          <SkillIsCareer>false</SkillIsCareer>
          <SkillIsRanked>false</SkillIsRanked>
          <VehicleWeaponUpgrades />
          <SelectedVehicleWeaponIndex>-1</SelectedVehicleWeaponIndex>
          <DieModifiers />
        </Quality>
      </Qualities>
      <Key>TRACTHVY</Key>
      <Count>3</Count>
    </VehicleWeapon>
  </VehicleWeapons>
</Vehicle>