<?xml version="1.0"?>
<Career xmlns:xsi="http://www.w3.org/2001/XMLSchema-instance" xmlns:xsd="http://www.w3.org/2001/XMLSchema">
  <Key>JEDI</Key>
  <Name>Jedi</Name>
  <Description>[H4]Jedi[h4]
Please see page 24 of the Rise of the Separatists Sourcebook for details.</Description>
  <Source Page="24">Rise of the Separatists</Source>
  <CareerSkills>
    <Key>ATHL</Key>
    <Key>COOL</Key>
    <Key>DISC</Key>
    <Key>LTSABER</Key>
    <Key>LORE</Key>
    <Key>PILOTSP</Key>
  </CareerSkills>
  <Specializations>
    <Key>JEDIKNIGHT</Key>
    <Key>PADAWAN</Key>
    <Key>GENERAL</Key>
    <Key>MASTER</Key>
  </Specializations>
  <Attributes>
    <ForceRating>1</ForceRating>
  </Attributes>
  <FreeRanks>3</FreeRanks>
</Career>