﻿<?xml version="1.0" encoding="utf-8"?>
<Specialization>
  <Key>DOCTOR</Key>
  <Name>Doctor</Name>
  <Description>
    [H4]Doctor — The Gift of Healing[h4]
    Please see page 65 of the Edge of the Empire Core Rulebook for details.
  </Description>
  <Source Page="65">Edge of the Empire Core Rulebook</Source>
  <CareerSkills>
    <Key>COOL</Key>
    <Key>EDU</Key>
    <Key>MED</Key>
    <Key>RESIL</Key>
  </CareerSkills>
  <TalentRows>
    <TalentRow>
      <Index>0</Index>
      <Cost>5</Cost>
      <Talents>
        <Key>SURG</Key>
        <Key>BACT</Key>
        <Key>GRIT</Key>
        <Key>RESOLVE</Key>
      </Talents>
      <Directions>
        <Direction>
          <Down>true</Down>
        </Direction>
        <Direction>
        </Direction>
        <Direction>
          <Down>true</Down>
        </Direction>
        <Direction>
        </Direction>
      </Directions>
    </TalentRow>
    <TalentRow>
      <Index>1</Index>
      <Cost>10</Cost>
      <Talents>
        <Key>STIMAP</Key>
        <Key>GRIT</Key>
        <Key>SURG</Key>
        <Key>RESOLVE</Key>
      </Talents>
      <Directions>
        <Direction>
          <Down>true</Down>
          <Up>true</Up>
          <Right>true</Right>
        </Direction>
        <Direction>
          <Left>true</Left>
          <Right>true</Right>
        </Direction>
        <Direction>
          <Up>true</Up>
          <Down>true</Down>
          <Left>true</Left>
          <Right>true</Right>
        </Direction>
        <Direction>
          <Down>true</Down>
          <Left>true</Left>
        </Direction>
      </Directions>
    </TalentRow>
    <TalentRow>
      <Index>2</Index>
      <Cost>15</Cost>
      <Talents>
        <Key>SURG</Key>
        <Key>GRIT</Key>
        <Key>BACT</Key>
        <Key>PRESPNT</Key>
      </Talents>
      <Directions>
        <Direction>
          <Down>true</Down>
          <Up>true</Up>
          <Right>true</Right>
        </Direction>
        <Direction>
          <Down>true</Down>
          <Right>true</Right>
          <Left>true</Left>
        </Direction>
        <Direction>
          <Down>true</Down>
          <Up>true</Up>
          <Left>true</Left>
        </Direction>
        <Direction>
          <Down>true</Down>
          <Up>true</Up>
        </Direction>
      </Directions>
    </TalentRow>
    <TalentRow>
      <Index>3</Index>
      <Cost>20</Cost>
      <Talents>
        <Key>STIMAPIMP</Key>
        <Key>NATDOC</Key>
        <Key>TOUGH</Key>
        <Key>ANAT</Key>
      </Talents>
      <Directions>
        <Direction>
          <Down>true</Down>
          <Up>true</Up>
        </Direction>
        <Direction>
          <Down>true</Down>
          <Up>true</Up>
        </Direction>
        <Direction>
          <Down>true</Down>
          <Up>true</Up>
        </Direction>
        <Direction>
          <Down>true</Down>
          <Up>true</Up>
        </Direction>
      </Directions>
    </TalentRow>
    <TalentRow>
      <Index>4</Index>
      <Cost>25</Cost>
      <Talents>
        <Key>STIMAPSUP</Key>
        <Key>MASDOC</Key>
        <Key>DEDI</Key>
        <Key>DODGE</Key>
      </Talents>
      <Directions>
        <Direction>
          <Up>true</Up>
          <Right>true</Right>
        </Direction>
        <Direction>
          <Up>true</Up>
          <Left>true</Left>
          <Right>true</Right>
        </Direction>
        <Direction>
          <Up>true</Up>
          <Left>true</Left>
        </Direction>
        <Direction>
          <Up>true</Up>
        </Direction>
      </Directions>
    </TalentRow>
  </TalentRows>
</Specialization>