﻿<?xml version="1.0" encoding="utf-8"?>
<Specialization>
  <Key>DRIVER</Key>
  <Name>Driver</Name>
  <Description>
    [H4]Driver - Steady at the Wheel[h4]
    Please see page 67 of the Age of Rebellion Core Rulebook, or page 29 of the Enter the Unknown Sourcebook, for details.
  </Description>
  <Sources>
    <Source Page="67">Age of Rebellion Core Rulebook</Source>
    <Source Page="29">Enter the Unknown</Source>
  </Sources>
  <CareerSkills>
    <Key>COOL</Key>
    <Key>GUNN</Key>
    <Key>MECH</Key>
    <Key>PILOTPL</Key>
  </CareerSkills>
  <TalentRows>
    <TalentRow>
      <Index>0</Index>
      <Cost>5</Cost>
      <Talents>
        <Key>FULLTH</Key>
        <Key>ALLTERDRIV</Key>
        <Key>FINETUN</Key>
        <Key>GEARHD</Key>
      </Talents>
      <Directions>
        <Direction>
          <Down>true</Down>
        </Direction>
        <Direction>
        </Direction>
        <Direction>
        </Direction>
        <Direction>
          <Down>true</Down>
        </Direction>
      </Directions>
    </TalentRow>
    <TalentRow>
      <Index>1</Index>
      <Cost>10</Cost>
      <Talents>
        <Key>GRIT</Key>
        <Key>SKILLJOCK</Key>
        <Key>RAPREA</Key>
        <Key>GRIT</Key>
      </Talents>
      <Directions>
        <Direction>
          <Down>true</Down>
          <Up>true</Up>
          <Right>true</Right>
        </Direction>
        <Direction>
          <Down>true</Down>
          <Left>true</Left>
          <Right>true</Right>
        </Direction>
        <Direction>
          <Left>true</Left>
          <Right>true</Right>
        </Direction>
        <Direction>
          <Down>true</Down>
          <Up>true</Up>
          <Left>true</Left>
        </Direction>
      </Directions>
    </TalentRow>
    <TalentRow>
      <Index>2</Index>
      <Cost>15</Cost>
      <Talents>
        <Key>FULLTHIMP</Key>
        <Key>TRICK</Key>
        <Key>FINETUN</Key>
        <Key>TOUGH</Key>
      </Talents>
      <Directions>
        <Direction>
          <Down>true</Down>
          <Up>true</Up>
        </Direction>
        <Direction>
          <Up>true</Up>
        </Direction>
        <Direction>
          <Right>true</Right>
        </Direction>
        <Direction>
          <Down>true</Down>
          <Up>true</Up>
          <Left>true</Left>
        </Direction>
      </Directions>
    </TalentRow>
    <TalentRow>
      <Index>3</Index>
      <Cost>20</Cost>
      <Talents>
        <Key>DEFDRI</Key>
        <Key>SKILLJOCK</Key>
        <Key>NATDRIV</Key>
        <Key>GEARHD</Key>
      </Talents>
      <Directions>
        <Direction>
          <Down>true</Down>
          <Up>true</Up>
          <Right>true</Right>
        </Direction>
        <Direction>
          <Left>true</Left>
          <Right>true</Right>
        </Direction>
        <Direction>
          <Left>true</Left>
        </Direction>
        <Direction>
          <Down>true</Down>
          <Up>true</Up>
        </Direction>
      </Directions>
    </TalentRow>
    <TalentRow>
      <Index>4</Index>
      <Cost>25</Cost>
      <Talents>
        <Key>FULLTHSUP</Key>
        <Key>FULLSTOP</Key>
        <Key>MASDRIV</Key>
        <Key>DEDI</Key>
      </Talents>
      <Directions>
        <Direction>
          <Up>true</Up>
          <Right>true</Right>
        </Direction>
        <Direction>
          <Left>true</Left>
          <Right>true</Right>
        </Direction>
        <Direction>
          <Left>true</Left>
          <Right>true</Right>
        </Direction>
        <Direction>
          <Up>true</Up>
          <Left>true</Left>
        </Direction>
      </Directions>
    </TalentRow>
  </TalentRows>
</Specialization>