﻿<?xml version="1.0" encoding="utf-8"?>
<Specialization>
  <Key>FORCESENSITIVEEXILE</Key>
  <Name>Force Sensitive Exile</Name>
  <Description>
    [H4]Force Sensitive Exile[h4]
    Please see page 276 of the Edge of the Empire Core Rulebook for details.
  </Description>
  <Source Page="276">Edge of the Empire Core Rulebook</Source>
  <Universal>true</Universal>
  <Attributes>
    <ForceRating>1</ForceRating>
  </Attributes>
  <CareerSkills>
  </CareerSkills>
  <TalentRows>
    <TalentRow>
      <Index>0</Index>
      <Cost>5</Cost>
      <Talents>
        <Key>UNCANSENS</Key>
        <Key>INSIGHT</Key>
        <Key>FORAG</Key>
        <Key>UNCANREAC</Key>
      </Talents>
      <Directions>
        <Direction>
          <Down>true</Down>
        </Direction>
        <Direction>
        </Direction>
        <Direction>
        </Direction>
        <Direction>
          <Down>true</Down>
        </Direction>
      </Directions>
    </TalentRow>
    <TalentRow>
      <Index>1</Index>
      <Cost>10</Cost>
      <Talents>
        <Key>CONV</Key>
        <Key>OVEREM</Key>
        <Key>INTENSFOC</Key>
        <Key>QUICKDR</Key>
      </Talents>
      <Directions>
        <Direction>
          <Down>true</Down>
          <Up>true</Up>
        </Direction>
        <Direction>
          <Down>true</Down>
        </Direction>
        <Direction>
          <Down>true</Down>
        </Direction>
        <Direction>
          <Down>true</Down>
          <Up>true</Up>
        </Direction>
      </Directions>
    </TalentRow>
    <TalentRow>
      <Index>2</Index>
      <Cost>15</Cost>
      <Talents>
        <Key>SENSDANG</Key>
        <Key>SENSDEMO</Key>
        <Key>BAL</Key>
        <Key>TOUCH</Key>
      </Talents>
      <Directions>
        <Direction>
          <Down>true</Down>
          <Up>true</Up>
        </Direction>
        <Direction>
          <Down>true</Down>
          <Up>true</Up>
        </Direction>
        <Direction>
          <Down>true</Down>
          <Up>true</Up>
        </Direction>
        <Direction>
          <Down>true</Down>
          <Up>true</Up>
        </Direction>
      </Directions>
    </TalentRow>
    <TalentRow>
      <Index>3</Index>
      <Cost>20</Cost>
      <Talents>
        <Key>STRSMART</Key>
        <Key>UNCANSENS</Key>
        <Key>UNCANREAC</Key>
        <Key>STRSMART</Key>
      </Talents>
      <Directions>
        <Direction>
          <Down>true</Down>
          <Up>true</Up>
          <Right>true</Right>
        </Direction>
        <Direction>
          <Down>true</Down>
          <Up>true</Up>
          <Left>true</Left>
          <Right>true</Right>
        </Direction>
        <Direction>
          <Down>true</Down>
          <Up>true</Up>
          <Left>true</Left>
          <Right>true</Right>
        </Direction>
        <Direction>
          <Down>true</Down>
          <Up>true</Up>
          <Left>true</Left>
        </Direction>
      </Directions>
    </TalentRow>
    <TalentRow>
      <Index>4</Index>
      <Cost>25</Cost>
      <Talents>
        <Key>SIXSENSE</Key>
        <Key>FORCERAT</Key>
        <Key>DEDI</Key>
        <Key>SUPREF</Key>
      </Talents>
      <Directions>
        <Direction>
          <Up>true</Up>
          <Right>true</Right>
        </Direction>
        <Direction>
          <Left>true</Left>
          <Right>true</Right>
          <Up>true</Up>
        </Direction>
        <Direction>
          <Left>true</Left>
          <Right>true</Right>
          <Up>true</Up>
        </Direction>
        <Direction>
          <Up>true</Up>
          <Left>true</Left>
        </Direction>
      </Directions>
    </TalentRow>
  </TalentRows>
</Specialization>