﻿<?xml version="1.0" encoding="utf-8"?>
<Specialization>
  <Key>FORCESENSITIVEEMERGENT</Key>
  <Name>Force Sensitive Emergent</Name>
  <Description>
    [H4]Force Sensitive Emergent[h4]
    Please see page 292 of the Age of Rebellion Core Rulebook for details.
  </Description>
  <Source Page="292">Age of Rebellion Core Rulebook</Source>
  <Universal>true</Universal>
  <Attributes>
    <ForceRating>1</ForceRating>
  </Attributes>
  <CareerSkills>
  </CareerSkills>
  <TalentRows>
    <TalentRow>
      <Index>0</Index>
      <Cost>5</Cost>
      <Talents>
        <Key>INSIGHT</Key>
        <Key>UNCANSENS</Key>
        <Key>INDIS</Key>
        <Key>GRIT</Key>
      </Talents>
      <Directions>
        <Direction>
        </Direction>
        <Direction>
          <Down>true</Down>
        </Direction>
        <Direction>
          <Down>true</Down>
        </Direction>
        <Direction>
        </Direction>
      </Directions>
    </TalentRow>
    <TalentRow>
      <Index>1</Index>
      <Cost>10</Cost>
      <Talents>
        <Key>UNCANREAC</Key>
        <Key>TOUGH</Key>
        <Key>SLEIGHTMIND</Key>
        <Key>SLEIGHTMIND</Key>
      </Talents>
      <Directions>
        <Direction>
          <Down>true</Down>
        </Direction>
        <Direction>
          <Up>true</Up>
          <Down>true</Down>
        </Direction>
        <Direction>
          <Up>true</Up>
          <Down>true</Down>
        </Direction>
        <Direction>
          <Down>true</Down>
        </Direction>
      </Directions>
    </TalentRow>
    <TalentRow>
      <Index>2</Index>
      <Cost>15</Cost>
      <Talents>
        <Key>UNCANSENS</Key>
        <Key>UNCANREAC</Key>
        <Key>GRIT</Key>
        <Key>INDIS</Key>
      </Talents>
      <Directions>
        <Direction>
          <Down>true</Down>
          <Up>true</Up>
        </Direction>
        <Direction>
          <Down>true</Down>
          <Up>true</Up>
        </Direction>
        <Direction>
          <Down>true</Down>
          <Up>true</Up>
        </Direction>
        <Direction>
          <Down>true</Down>
          <Up>true</Up>
        </Direction>
      </Directions>
    </TalentRow>
    <TalentRow>
      <Index>3</Index>
      <Cost>20</Cost>
      <Talents>
        <Key>TOUGH</Key>
        <Key>SENSDANG</Key>
        <Key>TOUCH</Key>
        <Key>BAL</Key>
      </Talents>
      <Directions>
        <Direction>
          <Down>true</Down>
          <Up>true</Up>
          <Right>true</Right>
        </Direction>
        <Direction>
          <Down>true</Down>
          <Up>true</Up>
          <Left>true</Left>
          <Right>true</Right>
        </Direction>
        <Direction>
          <Down>true</Down>
          <Up>true</Up>
          <Left>true</Left>
          <Right>true</Right>
        </Direction>
        <Direction>
          <Down>true</Down>
          <Up>true</Up>
          <Left>true</Left>
        </Direction>
      </Directions>
    </TalentRow>
    <TalentRow>
      <Index>4</Index>
      <Cost>25</Cost>
      <Talents>
        <Key>INVIG</Key>
        <Key>FORCEWILL</Key>
        <Key>FORCERAT</Key>
        <Key>DEDI</Key>
      </Talents>
      <Directions>
        <Direction>
          <Up>true</Up>
        </Direction>
        <Direction>
          <Up>true</Up>
        </Direction>
        <Direction>
          <Up>true</Up>
        </Direction>
        <Direction>
          <Up>true</Up>
        </Direction>
      </Directions>
    </TalentRow>
  </TalentRows>
</Specialization>