﻿<?xml version="1.0" encoding="utf-8"?>
<Specialization>
  <Key>MECHANIC</Key>
  <Name>Mechanic</Name>
  <Description>
    [H4]Mechanic — Making Stuff Work[h4]
    Please see page 89 of the Edge of the Empire Core Rulebook, or page 85 of the Age of Rebellion Core Rulebook, for details.
  </Description>
  <Sources>
    <Source Page="89">Edge of the Empire Core Rulebook</Source>
    <Source Page="85">Age of Rebellion Core Rulebook</Source>
  </Sources>
  <CareerSkills>
    <Key>BRAWL</Key>
    <Key>MECH</Key>
    <Key>PILOTSP</Key>
    <Key>SKUL</Key>
  </CareerSkills>
  <TalentRows>
    <TalentRow>
      <Index>0</Index>
      <Cost>5</Cost>
      <Talents>
        <Key>GEARHD</Key>
        <Key>TOUGH</Key>
        <Key>FINETUN</Key>
        <Key>SOLREP</Key>
      </Talents>
      <Directions>
        <Direction>
          <Down>true</Down>
        </Direction>
        <Direction>
          <Down>true</Down>
        </Direction>
        <Direction>
          <Down>true</Down>
        </Direction>
        <Direction>
          <Down>true</Down>
        </Direction>
      </Directions>
    </TalentRow>
    <TalentRow>
      <Index>1</Index>
      <Cost>10</Cost>
      <Talents>
        <Key>REDUNSYS</Key>
        <Key>SOLREP</Key>
        <Key>GEARHD</Key>
        <Key>GRIT</Key>
      </Talents>
      <Directions>
        <Direction>
          <Down>true</Down>
          <Up>true</Up>
          <Right>true</Right>
        </Direction>
        <Direction>
          <Down>true</Down>
          <Up>true</Up>
          <Left>true</Left>
          <Right>true</Right>
        </Direction>
        <Direction>
          <Down>true</Down>
          <Up>true</Up>
          <Left>true</Left>
          <Right>true</Right>
        </Direction>
        <Direction>
          <Down>true</Down>
          <Up>true</Up>
          <Left>true</Left>
        </Direction>
      </Directions>
    </TalentRow>
    <TalentRow>
      <Index>2</Index>
      <Cost>15</Cost>
      <Talents>
        <Key>SOLREP</Key>
        <Key>ENDUR</Key>
        <Key>BADM</Key>
        <Key>TOUGH</Key>
      </Talents>
      <Directions>
        <Direction>
          <Down>true</Down>
          <Up>true</Up>
          <Right>true</Right>
        </Direction>
        <Direction>
          <Up>true</Up>
          <Down>true</Down>
          <Left>true</Left>
          <Right>true</Right>
        </Direction>
        <Direction>
          <Up>true</Up>
          <Down>true</Down>
          <Left>true</Left>
          <Right>true</Right>
        </Direction>
        <Direction>
          <Down>true</Down>
          <Up>true</Up>
          <Left>true</Left>
        </Direction>
      </Directions>
    </TalentRow>
    <TalentRow>
      <Index>3</Index>
      <Cost>20</Cost>
      <Talents>
        <Key>CONT</Key>
        <Key>SOLREP</Key>
        <Key>FINETUN</Key>
        <Key>HARDHD</Key>
      </Talents>
      <Directions>
        <Direction>
          <Down>true</Down>
          <Up>true</Up>
          <Right>true</Right>
        </Direction>
        <Direction>
          <Down>true</Down>
          <Up>true</Up>
          <Left>true</Left>
          <Right>true</Right>
        </Direction>
        <Direction>
          <Down>true</Down>
          <Up>true</Up>
          <Left>true</Left>
        </Direction>
        <Direction>
          <Down>true</Down>
          <Up>true</Up>
        </Direction>
      </Directions>
    </TalentRow>
    <TalentRow>
      <Index>4</Index>
      <Cost>25</Cost>
      <Talents>
        <Key>NATTIN</Key>
        <Key>HOLDTOG</Key>
        <Key>DEDI</Key>
        <Key>HARDHDIMP</Key>
      </Talents>
      <Directions>
        <Direction>
          <Up>true</Up>
        </Direction>
        <Direction>
          <Up>true</Up>
        </Direction>
        <Direction>
          <Up>true</Up>
        </Direction>
        <Direction>
          <Up>true</Up>
        </Direction>
      </Directions>
    </TalentRow>
  </TalentRows>
</Specialization>