<?xml version="1.0"?>
<Specialization xmlns:xsi="http://www.w3.org/2001/XMLSchema-instance" xmlns:xsd="http://www.w3.org/2001/XMLSchema">
  <Key>REPREP</Key>
  <Name>Republic Representative</Name>
  <Description>[H4]Republic Representative[h4]
Please see page 33 of the Rise of the Separatists Sourcebook for details.</Description>
  <Source Page="33">Rise of the Separatists</Source>
  <CareerSkills>
    <Key>CHARM</Key>
    <Key>COOL</Key>
    <Key>NEG</Key>
  </CareerSkills>
  <TalentRows>
    <TalentRow>
      <Cost>5</Cost>
      <Talents>
        <Key>GRIT</Key>
        <Key>LEVER</Key>
        <Key>KILL</Key>
        <Key>RESPDEL</Key>
      </Talents>
      <Directions>
        <Direction />
        <Direction />
        <Direction>
          <Down>true</Down>
        </Direction>
        <Direction>
          <Down>true</Down>
        </Direction>
      </Directions>
    </TalentRow>
    <TalentRow>
      <Cost>10</Cost>
      <Talents>
        <Key>NOBFOOL</Key>
        <Key>KILL</Key>
        <Key>RESPDEL</Key>
        <Key>SMOOTHTALK</Key>
      </Talents>
      <Directions>
        <Direction>
          <Right>true</Right>
          <Down>true</Down>
        </Direction>
        <Direction>
          <Left>true</Left>
          <Right>true</Right>
          <Down>true</Down>
        </Direction>
        <Direction>
          <Left>true</Left>
          <Right>true</Right>
          <Up>true</Up>
        </Direction>
        <Direction>
          <Left>true</Left>
          <Up>true</Up>
          <Down>true</Down>
        </Direction>
      </Directions>
    </TalentRow>
    <TalentRow>
      <Cost>15</Cost>
      <Talents>
        <Key>TRANSERR</Key>
        <Key>LEVER</Key>
        <Key>SMOOTHTALK</Key>
        <Key>NOBFOOL</Key>
      </Talents>
      <Directions>
        <Direction>
          <Right>true</Right>
          <Up>true</Up>
          <Down>true</Down>
        </Direction>
        <Direction>
          <Left>true</Left>
          <Up>true</Up>
          <Down>true</Down>
        </Direction>
        <Direction>
          <Down>true</Down>
        </Direction>
        <Direction>
          <Up>true</Up>
          <Down>true</Down>
        </Direction>
      </Directions>
    </TalentRow>
    <TalentRow>
      <Cost>20</Cost>
      <Talents>
        <Key>CONCOPT</Key>
        <Key>STNERV</Key>
        <Key>INTENSPRE</Key>
        <Key>LEVER</Key>
      </Talents>
      <Directions>
        <Direction>
          <Up>true</Up>
          <Down>true</Down>
        </Direction>
        <Direction>
          <Right>true</Right>
          <Up>true</Up>
          <Down>true</Down>
        </Direction>
        <Direction>
          <Left>true</Left>
          <Right>true</Right>
          <Up>true</Up>
        </Direction>
        <Direction>
          <Left>true</Left>
          <Up>true</Up>
          <Down>true</Down>
        </Direction>
      </Directions>
    </TalentRow>
    <TalentRow>
      <Cost>25</Cost>
      <Talents>
        <Key>CONCOPTIMP</Key>
        <Key>NATNEG</Key>
        <Key>DEDI</Key>
        <Key>BACKROOM</Key>
      </Talents>
      <Directions>
        <Direction>
          <Up>true</Up>
        </Direction>
        <Direction>
          <Right>true</Right>
          <Up>true</Up>
        </Direction>
        <Direction>
          <Left>true</Left>
          <Right>true</Right>
        </Direction>
        <Direction>
          <Left>true</Left>
          <Up>true</Up>
        </Direction>
      </Directions>
    </TalentRow>
  </TalentRows>
  <Universal>true</Universal>
  <AddlCareerSkills>
    <SkillCount>1</SkillCount>
    <ChooseByType>true</ChooseByType>
    <TypeValue>stKnowledge</TypeValue>
    <SkillCount>1</SkillCount>
  </AddlCareerSkills>
</Specialization>