<?xml version="1.0"?>
<Specialization xmlns:xsi="http://www.w3.org/2001/XMLSchema-instance" xmlns:xsd="http://www.w3.org/2001/XMLSchema">
  <Key>WARLEADER</Key>
  <Name>Warleader</Name>
  <Description>[H4]Warleader[h4]
  Please see page 28 of the Keeping the Peace sourcebook for details.
</Description>
  <Source Page="28">Keeping the Peace</Source>
  <CareerSkills>
    <Key>LEAD</Key>
    <Key>PERC</Key>
    <Key>RANGLT</Key>
    <Key>SURV</Key>
  </CareerSkills>
  <TalentRows>
    <TalentRow>
      <Index>0</Index>
      <Cost>5</Cost>
      <Talents>
        <Key>PRIMEPOS</Key>
        <Key>SUPPRFIRE</Key>
        <Key>GRIT</Key>
        <Key>UNCANSENS</Key>
      </Talents>
      <Directions>
        <Direction>
          <Left>false</Left>
          <Right>false</Right>
          <Up>false</Up>
          <Down>true</Down>
        </Direction>
        <Direction>
          <Left>false</Left>
          <Right>false</Right>
          <Up>false</Up>
          <Down>false</Down>
        </Direction>
        <Direction>
          <Left>false</Left>
          <Right>false</Right>
          <Up>false</Up>
          <Down>true</Down>
        </Direction>
        <Direction>
          <Left>false</Left>
          <Right>false</Right>
          <Up>false</Up>
          <Down>true</Down>
        </Direction>
      </Directions>
    </TalentRow>
    <TalentRow>
      <Index>0</Index>
      <Cost>10</Cost>
      <Talents>
        <Key>GRIT</Key>
        <Key>CAREPLAN</Key>
        <Key>SENSDANG</Key>
        <Key>SWIFT</Key>
      </Talents>
      <Directions>
        <Direction>
          <Left>false</Left>
          <Right>true</Right>
          <Up>true</Up>
          <Down>true</Down>
        </Direction>
        <Direction>
          <Left>true</Left>
          <Right>false</Right>
          <Up>false</Up>
          <Down>true</Down>
        </Direction>
        <Direction>
          <Left>false</Left>
          <Right>true</Right>
          <Up>true</Up>
          <Down>true</Down>
        </Direction>
        <Direction>
          <Left>true</Left>
          <Right>false</Right>
          <Up>true</Up>
          <Down>false</Down>
        </Direction>
      </Directions>
    </TalentRow>
    <TalentRow>
      <Index>0</Index>
      <Cost>15</Cost>
      <Talents>
        <Key>SUPPRFIRE</Key>
        <Key>GRIT</Key>
        <Key>UNCANSENS</Key>
        <Key>PRESSHOT</Key>
      </Talents>
      <Directions>
        <Direction>
          <Left>false</Left>
          <Right>false</Right>
          <Up>true</Up>
          <Down>true</Down>
        </Direction>
        <Direction>
          <Left>false</Left>
          <Right>true</Right>
          <Up>true</Up>
          <Down>true</Down>
        </Direction>
        <Direction>
          <Left>true</Left>
          <Right>true</Right>
          <Up>true</Up>
          <Down>false</Down>
        </Direction>
        <Direction>
          <Left>true</Left>
          <Right>false</Right>
          <Up>false</Up>
          <Down>true</Down>
        </Direction>
      </Directions>
    </TalentRow>
    <TalentRow>
      <Index>0</Index>
      <Cost>20</Cost>
      <Talents>
        <Key>COORDASS</Key>
        <Key>PRIMEPOS</Key>
        <Key>BLINDSPOT</Key>
        <Key>FOREWARN</Key>
      </Talents>
      <Directions>
        <Direction>
          <Left>false</Left>
          <Right>true</Right>
          <Up>true</Up>
          <Down>false</Down>
        </Direction>
        <Direction>
          <Left>true</Left>
          <Right>true</Right>
          <Up>true</Up>
          <Down>true</Down>
        </Direction>
        <Direction>
          <Left>true</Left>
          <Right>true</Right>
          <Up>false</Up>
          <Down>true</Down>
        </Direction>
        <Direction>
          <Left>true</Left>
          <Right>false</Right>
          <Up>true</Up>
          <Down>true</Down>
        </Direction>
      </Directions>
    </TalentRow>
    <TalentRow>
      <Index>0</Index>
      <Cost>25</Cost>
      <Talents>
        <Key>CLEVERSOLN</Key>
        <Key>DEDI</Key>
        <Key>FORCERAT</Key>
        <Key>PROPAIM</Key>
      </Talents>
      <Directions>
        <Direction>
          <Left>false</Left>
          <Right>true</Right>
          <Up>false</Up>
          <Down>false</Down>
        </Direction>
        <Direction>
          <Left>true</Left>
          <Right>false</Right>
          <Up>true</Up>
          <Down>false</Down>
        </Direction>
        <Direction>
          <Left>false</Left>
          <Right>true</Right>
          <Up>true</Up>
          <Down>false</Down>
        </Direction>
        <Direction>
          <Left>true</Left>
          <Right>false</Right>
          <Up>true</Up>
          <Down>false</Down>
        </Direction>
      </Directions>
    </TalentRow>
  </TalentRows>
  <Universal>false</Universal>
</Specialization>